"X","group","names","scores","logfoldchanges","pvals","pvals_adj","cluster","avg_log2FC","p_val_adj","gene"
0,0,"STRG.7087",30.916203,0.6189614,7.23503267531712e-210,4.70525182158767e-206,0,0.6189614,4.70525182158767e-206,"STRG.7087"
1,0,"STRG.6380",27.204996,0.46385467,5.668435444734e-163,1.84321325132907e-159,0,0.46385467,1.84321325132907e-159,"STRG.6380"
2,0,"arahy.Tifrunner.gnm2.ann2.Ah17g299000",26.612211,0.41818038,4.90283404183281e-156,1.39497885575248e-152,0,0.41818038,1.39497885575248e-152,"arahy.Tifrunner.gnm2.ann2.Ah17g299000"
3,0,"arahy.Tifrunner.gnm2.ann2.Ah02g197100",26.10108,0.4753057,3.54429610507065e-150,9.49120799336685e-147,0,0.4753057,9.49120799336685e-147,"arahy.Tifrunner.gnm2.ann2.Ah02g197100"
4,0,"arahy.Tifrunner.gnm2.ann2.Ah17g260500",25.445715,0.41009235,7.87430087826333e-143,1.88668249043189e-139,0,0.41009235,1.88668249043189e-139,"arahy.Tifrunner.gnm2.ann2.Ah17g260500"
5,0,"arahy.Tifrunner.gnm2.ann2.Ah12g145900",25.32799,0.67392546,1.57098974814761e-141,3.57588686473359e-138,0,0.67392546,3.57588686473359e-138,"arahy.Tifrunner.gnm2.ann2.Ah12g145900"
6,0,"arahy.Tifrunner.gnm2.ann2.Ah0g033200",24.201702,0.4025733,2.13478385647538e-129,3.8873560112874e-126,0,0.4025733,3.8873560112874e-126,"arahy.Tifrunner.gnm2.ann2.Ah0g033200"
7,0,"arahy.Tifrunner.gnm2.ann2.Ah16g226800",21.296844,0.4902758,1.21432758569039e-100,1.57945854317055e-97,0,0.4902758,1.57945854317055e-97,"arahy.Tifrunner.gnm2.ann2.Ah16g226800"
8,0,"arahy.Tifrunner.gnm2.ann2.Ah02g197000",20.84758,0.5322203,1.60331496874462e-96,1.97268407127378e-93,0,0.5322203,1.97268407127378e-93,"arahy.Tifrunner.gnm2.ann2.Ah02g197000"
9,0,"arahy.Tifrunner.gnm2.ann2.Ah19g300100",20.34045,0.34757328,5.64093781604327e-92,6.41995132843885e-89,0,0.34757328,6.41995132843885e-89,"arahy.Tifrunner.gnm2.ann2.Ah19g300100"
10,0,"arahy.Tifrunner.gnm2.ann2.Ah0g033100",20.034021,0.44710213,2.78250325700749e-89,3.08952873834169e-86,0,0.44710213,3.08952873834169e-86,"arahy.Tifrunner.gnm2.ann2.Ah0g033100"
11,0,"arahy.Tifrunner.gnm2.ann2.Ah0g045300",17.679367,0.50173426,6.04717078035873e-70,5.00529822918274e-67,0,0.50173426,5.00529822918274e-67,"arahy.Tifrunner.gnm2.ann2.Ah0g045300"
12,0,"arahy.Tifrunner.gnm2.ann2.Ah17g300600",17.47057,0.40804094,2.40084945200589e-68,1.95171911523421e-65,0,0.40804094,1.95171911523421e-65,"arahy.Tifrunner.gnm2.ann2.Ah17g300600"
13,0,"arahy.Tifrunner.gnm2.ann2.Ah12g106400",17.268202,0.4568502,8.16460064303072e-67,6.40836689091949e-64,0,0.4568502,6.40836689091949e-64,"arahy.Tifrunner.gnm2.ann2.Ah12g106400"
14,0,"arahy.Tifrunner.gnm2.ann2.Ah04g152300",16.58948,0.6340812,8.30358618427643e-62,5.8155762685077e-59,0,0.6340812,5.8155762685077e-59,"arahy.Tifrunner.gnm2.ann2.Ah04g152300"
15,0,"arahy.Tifrunner.gnm2.ann2.Ah01g246600",16.210955,0.4064716,4.21966325983392e-59,2.86710373493551e-56,0,0.4064716,2.86710373493551e-56,"arahy.Tifrunner.gnm2.ann2.Ah01g246600"
16,0,"arahy.Tifrunner.gnm2.ann2.Ah11g258300",16.109915,0.41841102,2.17322789346032e-58,1.45491215620423e-55,0,0.41841102,1.45491215620423e-55,"arahy.Tifrunner.gnm2.ann2.Ah11g258300"
17,0,"arahy.Tifrunner.gnm2.ann2.Ah17g259000",15.847956,0.4176767,1.45228958478218e-56,9.31183536022875e-54,0,0.4176767,9.31183536022875e-54,"arahy.Tifrunner.gnm2.ann2.Ah17g259000"
18,0,"arahy.Tifrunner.gnm2.ann2.Ah10g200900",15.82455,0.3779014,2.10699943595912e-56,1.33220892114727e-53,0,0.3779014,1.33220892114727e-53,"arahy.Tifrunner.gnm2.ann2.Ah10g200900"
19,0,"arahy.Tifrunner.gnm2.ann2.Ah17g302200",15.708131,0.31544325,1.33043892690157e-55,8.29683585044757e-53,0,0.31544325,8.29683585044757e-53,"arahy.Tifrunner.gnm2.ann2.Ah17g302200"
20,0,"arahy.Tifrunner.gnm2.ann2.Ah17g262200",15.295767,0.73612833,8.15939779561022e-53,4.82400552269298e-50,0,0.73612833,4.82400552269298e-50,"arahy.Tifrunner.gnm2.ann2.Ah17g262200"
21,0,"arahy.Tifrunner.gnm2.ann2.Ah17g302000",15.168331,0.4590549,5.73156499777972e-52,3.34517647383236e-49,0,0.4590549,3.34517647383236e-49,"arahy.Tifrunner.gnm2.ann2.Ah17g302000"
22,0,"arahy.Tifrunner.gnm2.ann2.Ah01g244400",14.97979,0.3748151,9.95308970262691e-51,5.45908982677575e-48,0,0.3748151,5.45908982677575e-48,"arahy.Tifrunner.gnm2.ann2.Ah01g244400"
23,0,"STRG.1034",14.085631,0.3720818,4.65482583234701e-45,2.43570449645707e-42,0,0.3720818,2.43570449645707e-42,"STRG.1034"
24,0,"arahy.Tifrunner.gnm2.ann2.Ah10g200200",14.011723,0.3641187,1.32160120716165e-44,6.8368833357758e-42,0,0.3641187,6.8368833357758e-42,"arahy.Tifrunner.gnm2.ann2.Ah10g200200"
25,0,"arahy.Tifrunner.gnm2.ann2.Ah07g188100",13.958387,0.25804254,2.79689430109806e-44,1.43062714790099e-41,0,0.25804254,1.43062714790099e-41,"arahy.Tifrunner.gnm2.ann2.Ah07g188100"
26,0,"STRG.6379",13.683926,0.53088427,1.26665915198546e-42,6.2677599168463e-40,0,0.53088427,6.2677599168463e-40,"STRG.6379"
27,0,"arahy.Tifrunner.gnm2.ann2.Ah07g188600",13.335517,0.32585645,1.43854880311118e-40,6.68249956253401e-38,0,0.32585645,6.68249956253401e-38,"arahy.Tifrunner.gnm2.ann2.Ah07g188600"
28,0,"arahy.Tifrunner.gnm2.ann2.Ah18g353800",13.332389,0.2994307,1.50015474363325e-40,6.89828732819799e-38,0,0.2994307,6.89828732819799e-38,"arahy.Tifrunner.gnm2.ann2.Ah18g353800"
29,0,"arahy.Tifrunner.gnm2.ann2.Ah10g199200",13.030028,0.32371727,8.25773320730203e-39,3.61466390893478e-36,0,0.32371727,3.61466390893478e-36,"arahy.Tifrunner.gnm2.ann2.Ah10g199200"
30,0,"STRG.4258",12.944219,0.37464198,2.53327520921525e-38,1.09833162499348e-35,0,0.37464198,1.09833162499348e-35,"STRG.4258"
31,0,"STRG.6383",12.920477,0.4120142,3.44994990053313e-38,1.48165584218745e-35,0,0.4120142,1.48165584218745e-35,"STRG.6383"
32,0,"arahy.Tifrunner.gnm2.ann2.Ah17g300100",12.528678,0.39650863,5.20226741459185e-36,2.05937410245113e-33,0,0.39650863,2.05937410245113e-33,"arahy.Tifrunner.gnm2.ann2.Ah17g300100"
33,0,"arahy.Tifrunner.gnm2.ann2.Ah20g520900",12.32561,0.3288429,6.59426630561914e-35,2.54404558726276e-32,0,0.3288429,2.54404558726276e-32,"arahy.Tifrunner.gnm2.ann2.Ah20g520900"
34,0,"arahy.Tifrunner.gnm2.ann2.Ah01g239800",11.929604,0.2820496,8.29671842130323e-33,3.07073015781633e-30,0,0.2820496,3.07073015781633e-30,"arahy.Tifrunner.gnm2.ann2.Ah01g239800"
35,0,"arahy.Tifrunner.gnm2.ann2.Ah10g201100",11.529781,0.36524707,9.338073442063e-31,3.27004965674212e-28,0,0.36524707,3.27004965674212e-28,"arahy.Tifrunner.gnm2.ann2.Ah10g201100"
36,0,"arahy.Tifrunner.gnm2.ann2.Ah10g201700",11.489832,0.32038212,1.48400930837202e-30,5.11803331472182e-28,0,0.32038212,5.11803331472182e-28,"arahy.Tifrunner.gnm2.ann2.Ah10g201700"
37,0,"arahy.Tifrunner.gnm2.ann2.Ah17g301300",11.355064,0.35797122,6.9988538270887e-30,2.36011719721767e-27,0,0.35797122,2.36011719721767e-27,"arahy.Tifrunner.gnm2.ann2.Ah17g301300"
38,0,"arahy.Tifrunner.gnm2.ann2.Ah13g400400",11.053059,0.35346115,2.11870066173924e-28,6.74487614860259e-26,0,0.35346115,6.74487614860259e-26,"arahy.Tifrunner.gnm2.ann2.Ah13g400400"
39,0,"STRG.4813",10.727219,0.5868144,7.5844845709564e-27,2.33294645681229e-24,0,0.5868144,2.33294645681229e-24,"STRG.4813"
40,0,"STRG.6974",10.495224,0.45342195,9.08616965381269e-26,2.7213078113169e-23,0,0.45342195,2.7213078113169e-23,"STRG.6974"
41,0,"arahy.Tifrunner.gnm2.ann2.Ah10g190500",10.427896,0.31485906,1.84939199528266e-25,5.50272687537569e-23,0,0.31485906,5.50272687537569e-23,"arahy.Tifrunner.gnm2.ann2.Ah10g190500"
42,0,"arahy.Tifrunner.gnm2.ann2.Ah16g368900",10.11178,0.38180852,4.8986184510765e-24,1.40254532306168e-21,0,0.38180852,1.40254532306168e-21,"arahy.Tifrunner.gnm2.ann2.Ah16g368900"
43,0,"arahy.Tifrunner.gnm2.ann2.Ah19g563700",10.075392,0.3430728,7.09772563535976e-24,2.00693702996346e-21,0,0.3430728,2.00693702996346e-21,"arahy.Tifrunner.gnm2.ann2.Ah19g563700"
44,0,"STRG.1171",9.899266,0.7723246,4.19338479735721e-23,1.12958372494017e-20,0,0.7723246,1.12958372494017e-20,"STRG.1171"
45,0,"arahy.Tifrunner.gnm2.ann2.Ah11g360400",9.73418,0.39959744,2.15548080442769e-22,5.60720617947236e-20,0,0.39959744,5.60720617947236e-20,"arahy.Tifrunner.gnm2.ann2.Ah11g360400"
46,0,"arahy.Tifrunner.gnm2.ann2.Ah15g235200",9.7302065,0.39861873,2.2413685909889e-22,5.79750362137379e-20,0,0.39861873,5.79750362137379e-20,"arahy.Tifrunner.gnm2.ann2.Ah15g235200"
47,0,"arahy.Tifrunner.gnm2.ann2.Ah20g317100",9.447985,0.4887139,3.45415560855139e-21,8.73594332909407e-19,0,0.4887139,8.73594332909407e-19,"arahy.Tifrunner.gnm2.ann2.Ah20g317100"
48,0,"arahy.Tifrunner.gnm2.ann2.Ah07g188300",9.296743,0.31923413,1.44813724151359e-20,3.60245900451719e-18,0,0.31923413,3.60245900451719e-18,"arahy.Tifrunner.gnm2.ann2.Ah07g188300"
49,0,"STRG.345",9.206757,0.7725453,3.36128966602168e-20,8.27131625707952e-18,0,0.7725453,8.27131625707952e-18,"STRG.345"
50,0,"arahy.Tifrunner.gnm2.ann2.Ah11g257800",8.909775,0.38114467,5.11363397383715e-19,1.22522670013138e-16,0,0.38114467,1.22522670013138e-16,"arahy.Tifrunner.gnm2.ann2.Ah11g257800"
51,0,"STRG.2437",8.760051,0.25838354,1.95162884229325e-18,4.48716926346251e-16,0,0.25838354,4.48716926346251e-16,"STRG.2437"
52,0,"arahy.Tifrunner.gnm2.ann2.Ah01g240300",8.725924,0.4821271,2.64016467539589e-18,5.97964461108073e-16,0,0.4821271,5.97964461108073e-16,"arahy.Tifrunner.gnm2.ann2.Ah01g240300"
53,0,"arahy.Tifrunner.gnm2.ann2.Ah10g204900",8.061109,0.844936,7.56058257037696e-16,1.59346278210111e-13,0,0.844936,1.59346278210111e-13,"arahy.Tifrunner.gnm2.ann2.Ah10g204900"
54,0,"STRG.6388",7.997218,0.42329964,1.27261789574031e-15,2.66979986569962e-13,0,0.42329964,2.66979986569962e-13,"STRG.6388"
55,0,"arahy.Tifrunner.gnm2.ann2.Ah01g247000",7.9827113,0.31117183,1.4315352687909e-15,2.98941337506592e-13,0,0.31117183,2.98941337506592e-13,"arahy.Tifrunner.gnm2.ann2.Ah01g247000"
56,0,"arahy.Tifrunner.gnm2.ann2.Ah01g245200",7.9776583,0.22903532,1.49135336555606e-15,3.10010824719516e-13,0,0.22903532,3.10010824719516e-13,"arahy.Tifrunner.gnm2.ann2.Ah01g245200"
57,0,"arahy.Tifrunner.gnm2.ann2.Ah01g241500",7.8902173,0.33646992,3.01661256659235e-15,6.1582184072444e-13,0,0.33646992,6.1582184072444e-13,"arahy.Tifrunner.gnm2.ann2.Ah01g241500"
58,0,"arahy.Tifrunner.gnm2.ann2.Ah20g236500",7.882028,0.28966793,3.22109938889665e-15,6.546309311613e-13,0,0.28966793,6.546309311613e-13,"arahy.Tifrunner.gnm2.ann2.Ah20g236500"
59,0,"STRG.6440",7.846437,0.78399444,4.28023265935914e-15,8.66014718154069e-13,0,0.78399444,8.66014718154069e-13,"STRG.6440"
60,0,"arahy.Tifrunner.gnm2.ann2.Ah17g301000",7.8043833,0.41708773,5.97932889441644e-15,1.19387266925182e-12,0,0.41708773,1.19387266925182e-12,"arahy.Tifrunner.gnm2.ann2.Ah17g301000"
61,0,"arahy.Tifrunner.gnm2.ann2.Ah10g202100",7.5331893,0.3176535,4.95157601721985e-14,9.27635994271261e-12,0,0.3176535,9.27635994271261e-12,"arahy.Tifrunner.gnm2.ann2.Ah10g202100"
62,0,"arahy.Tifrunner.gnm2.ann2.Ah19g563500",7.516177,0.4598578,5.64010193286464e-14,1.0480000015989e-11,0,0.4598578,1.0480000015989e-11,"arahy.Tifrunner.gnm2.ann2.Ah19g563500"
63,0,"arahy.Tifrunner.gnm2.ann2.Ah01g240700",7.4496074,0.28802124,9.36184012862616e-14,1.69796179289075e-11,0,0.28802124,1.69796179289075e-11,"arahy.Tifrunner.gnm2.ann2.Ah01g240700"
64,0,"arahy.Tifrunner.gnm2.ann2.Ah16g227000",7.3776603,0.29817235,1.61095641770336e-13,2.87596784155011e-11,0,0.29817235,2.87596784155011e-11,"arahy.Tifrunner.gnm2.ann2.Ah16g227000"
65,0,"arahy.Tifrunner.gnm2.ann2.Ah17g299400",6.8809195,0.24627312,5.94674816123456e-12,9.70321732229542e-10,0,0.24627312,9.70321732229542e-10,"arahy.Tifrunner.gnm2.ann2.Ah17g299400"
66,0,"arahy.Tifrunner.gnm2.ann2.Ah12g289100",6.8149314,1.1016581,9.43086855384718e-12,1.52786782934284e-09,0,1.1016581,1.52786782934284e-09,"arahy.Tifrunner.gnm2.ann2.Ah12g289100"
67,0,"arahy.Tifrunner.gnm2.ann2.Ah17g409000",6.808513,0.83920854,9.86125718327571e-12,1.59192862415406e-09,0,0.83920854,1.59192862415406e-09,"arahy.Tifrunner.gnm2.ann2.Ah17g409000"
68,0,"arahy.Tifrunner.gnm2.ann2.Ah11g257500",6.788779,0.3647094,1.13086500909691e-11,1.81913422876776e-09,0,0.3647094,1.81913422876776e-09,"arahy.Tifrunner.gnm2.ann2.Ah11g257500"
69,0,"arahy.Tifrunner.gnm2.ann2.Ah04g152500",6.690283,0.25550342,2.22739516871587e-11,3.48453394022753e-09,0,0.25550342,3.48453394022753e-09,"arahy.Tifrunner.gnm2.ann2.Ah04g152500"
70,0,"STRG.5429",6.503909,0.720341,7.82592824725548e-11,1.17969389909953e-08,0,0.720341,1.17969389909953e-08,"STRG.5429"
71,0,"arahy.Tifrunner.gnm2.ann2.Ah17g299500",6.2135315,0.27570128,5.18067906753345e-10,7.51099470924818e-08,0,0.27570128,7.51099470924818e-08,"arahy.Tifrunner.gnm2.ann2.Ah17g299500"
72,0,"arahy.Tifrunner.gnm2.ann2.Ah01g244900",6.1491065,0.37552366,7.79207223182564e-10,1.11549149774098e-07,0,0.37552366,1.11549149774098e-07,"arahy.Tifrunner.gnm2.ann2.Ah01g244900"
73,0,"arahy.Tifrunner.gnm2.ann2.Ah19g489100",6.0670266,0.7458814,1.302999389808e-09,1.83079457474135e-07,0,0.7458814,1.83079457474135e-07,"arahy.Tifrunner.gnm2.ann2.Ah19g489100"
74,0,"arahy.Tifrunner.gnm2.ann2.Ah17g302400",6.025606,0.31643856,1.68476915113408e-09,2.3312289007972e-07,0,0.31643856,2.3312289007972e-07,"arahy.Tifrunner.gnm2.ann2.Ah17g302400"
75,0,"STRG.6963",5.9200315,0.5348324,3.21880192137053e-09,4.36109341275215e-07,0,0.5348324,4.36109341275215e-07,"STRG.6963"
76,0,"arahy.Tifrunner.gnm2.ann2.Ah17g260200",5.745722,0.3028736,9.15297256940051e-09,1.16391040013796e-06,0,0.3028736,1.16391040013796e-06,"arahy.Tifrunner.gnm2.ann2.Ah17g260200"
77,0,"STRG.5121",5.536482,0.8518875,3.08608157796704e-08,3.79704804744248e-06,0,0.8518875,3.79704804744248e-06,"STRG.5121"
78,0,"STRG.3892",5.362644,0.5585325,8.20123752709122e-08,9.69748408268314e-06,0,0.5585325,9.69748408268314e-06,"STRG.3892"
79,0,"arahy.Tifrunner.gnm2.ann2.Ah19g563800",5.327461,0.39383265,9.95951780014994e-08,1.16854919673718e-05,0,0.39383265,1.16854919673718e-05,"arahy.Tifrunner.gnm2.ann2.Ah19g563800"
80,0,"STRG.373",5.309925,0.9430335,1.09670223102222e-07,1.27688676125462e-05,0,0.9430335,1.27688676125462e-05,"STRG.373"
81,0,"STRG.3394",5.3015213,0.3020978,1.14841745362427e-07,1.33368765711203e-05,0,0.3020978,1.33368765711203e-05,"STRG.3394"
82,0,"arahy.Tifrunner.gnm2.ann2.Ah04g426200",5.222354,0.81567526,1.76662834271649e-07,2.0196402056408e-05,0,0.81567526,2.0196402056408e-05,"arahy.Tifrunner.gnm2.ann2.Ah04g426200"
83,0,"STRG.358",5.194583,0.93027097,2.05179300721025e-07,2.3293223157167e-05,0,0.93027097,2.3293223157167e-05,"STRG.358"
84,0,"arahy.Tifrunner.gnm2.ann2.Ah11g258100",5.067886,0.36454841,4.02258302833668e-07,4.3600968995714e-05,0,0.36454841,4.3600968995714e-05,"arahy.Tifrunner.gnm2.ann2.Ah11g258100"
85,0,"arahy.Tifrunner.gnm2.ann2.Ah0g018000",5.0534687,0.5450104,4.33857402608497e-07,4.69143097300457e-05,0,0.5450104,4.69143097300457e-05,"arahy.Tifrunner.gnm2.ann2.Ah0g018000"
86,0,"arahy.Tifrunner.gnm2.ann2.Ah16g303900",5.001699,0.23200937,5.68273307531935e-07,6.00233736707281e-05,0,0.23200937,6.00233736707281e-05,"arahy.Tifrunner.gnm2.ann2.Ah16g303900"
87,0,"STRG.1658",4.9928064,0.6133603,5.95081185815584e-07,6.27094349608071e-05,0,0.6133603,6.27094349608071e-05,"STRG.1658"
88,0,"arahy.Tifrunner.gnm2.ann2.Ah0g022700",4.865624,0.93415904,1.14096312553414e-06,0.000115940190461644,0,0.93415904,0.000115940190461644,"arahy.Tifrunner.gnm2.ann2.Ah0g022700"
89,0,"arahy.Tifrunner.gnm2.ann2.Ah08g126400",4.849514,0.55023986,1.23764206691158e-06,0.000124927754887101,0,0.55023986,0.000124927754887101,"arahy.Tifrunner.gnm2.ann2.Ah08g126400"
90,0,"arahy.Tifrunner.gnm2.ann2.Ah07g188000",4.82006,0.26508814,1.43515317466498e-06,0.000144224973782447,0,0.26508814,0.000144224973782447,"arahy.Tifrunner.gnm2.ann2.Ah07g188000"
91,0,"STRG.857",4.7813168,0.56046194,1.74150760576154e-06,0.000173101293110674,0,0.56046194,0.000173101293110674,"STRG.857"
92,0,"STRG.6975",4.741987,0.23449,2.11631986414641e-06,0.000207636520464227,0,0.23449,0.000207636520464227,"STRG.6975"
93,0,"arahy.Tifrunner.gnm2.ann2.Ah16g119900",4.623506,0.94160545,3.77307351064679e-06,0.000359967040639026,0,0.94160545,0.000359967040639026,"arahy.Tifrunner.gnm2.ann2.Ah16g119900"
94,0,"arahy.Tifrunner.gnm2.ann2.Ah15g092900",4.526904,0.40716112,5.98540795765484e-06,0.000553820552569673,0,0.40716112,0.000553820552569673,"arahy.Tifrunner.gnm2.ann2.Ah15g092900"
95,0,"STRG.1172",4.487931,0.8984405,7.19183490318579e-06,0.000660082847041592,0,0.8984405,0.000660082847041592,"STRG.1172"
96,0,"STRG.5244",4.487185,0.55905265,7.21703667771904e-06,0.000660671863359156,0,0.55905265,0.000660671863359156,"STRG.5244"
97,0,"arahy.Tifrunner.gnm2.ann2.Ah0g018100",4.4591923,0.19644842,8.2269045765169e-06,0.000746058971994732,0,0.19644842,0.000746058971994732,"arahy.Tifrunner.gnm2.ann2.Ah0g018100"
98,0,"arahy.Tifrunner.gnm2.ann2.Ah04g056900",4.2924876,1.1943803,1.76682405955677e-05,0.00152914255679206,0,1.1943803,0.00152914255679206,"arahy.Tifrunner.gnm2.ann2.Ah04g056900"
99,0,"arahy.Tifrunner.gnm2.ann2.Ah10g190400",4.258374,0.4711666,2.05918946087637e-05,0.00175877187649035,0,0.4711666,0.00175877187649035,"arahy.Tifrunner.gnm2.ann2.Ah10g190400"
100,0,"arahy.Tifrunner.gnm2.ann2.Ah12g362900",4.1499853,0.7017365,3.32496458223549e-05,0.00273223262891134,0,0.7017365,0.00273223262891134,"arahy.Tifrunner.gnm2.ann2.Ah12g362900"
101,0,"STRG.6994",4.118648,0.9576338,3.81101613452658e-05,0.00310362609138082,0,0.9576338,0.00310362609138082,"STRG.6994"
102,0,"arahy.Tifrunner.gnm2.ann2.Ah20g158000",4.034287,0.52194595,5.47683054858446e-05,0.00431361996355984,0,0.52194595,0.00431361996355984,"arahy.Tifrunner.gnm2.ann2.Ah20g158000"
103,0,"STRG.36",3.9907892,0.54178417,6.58537854473764e-05,0.00512466278411344,0,0.54178417,0.00512466278411344,"STRG.36"
104,0,"arahy.Tifrunner.gnm2.ann2.Ah17g261000",3.9256387,0.28100672,8.6499950592362e-05,0.00652746349889094,0,0.28100672,0.00652746349889094,"arahy.Tifrunner.gnm2.ann2.Ah17g261000"
105,0,"STRG.1847",3.8624334,0.1832868,0.000112263188612319,0.00831003154209303,0,0.1832868,0.00831003154209303,"STRG.1847"
106,0,"STRG.4273",3.802255,0.7220075,0.000143385102541312,0.0102956836089758,0,0.7220075,0.0102956836089758,"STRG.4273"
107,0,"arahy.Tifrunner.gnm2.ann2.Ah10g010600",3.7728944,1.0584731,0.000161364641994446,0.0114601621874496,0,1.0584731,0.0114601621874496,"arahy.Tifrunner.gnm2.ann2.Ah10g010600"
108,0,"arahy.Tifrunner.gnm2.ann2.Ah17g262700",3.7244825,0.3295468,0.000195716328518396,0.0137922447979434,0,0.3295468,0.0137922447979434,"arahy.Tifrunner.gnm2.ann2.Ah17g262700"
109,0,"arahy.Tifrunner.gnm2.ann2.Ah0g057700",3.709734,0.66183496,0.000207477206640306,0.014531065161682,0,0.66183496,0.014531065161682,"arahy.Tifrunner.gnm2.ann2.Ah0g057700"
110,0,"arahy.Tifrunner.gnm2.ann2.Ah14g401100",3.6836307,0.6698115,0.000229935344241681,0.0159081711417299,0,0.6698115,0.0159081711417299,"arahy.Tifrunner.gnm2.ann2.Ah14g401100"
111,0,"arahy.Tifrunner.gnm2.ann2.Ah02g344400",3.6809487,0.5687553,0.000232367767206441,0.0160520640884765,0,0.5687553,0.0160520640884765,"arahy.Tifrunner.gnm2.ann2.Ah02g344400"
112,0,"STRG.6382",3.633965,0.6485407,0.00027909863672867,0.0189072713369583,0,0.6485407,0.0189072713369583,"STRG.6382"
113,0,"arahy.Tifrunner.gnm2.ann2.Ah14g496300",3.6278446,0.6431499,0.000285797307809846,0.0193322981288788,0,0.6431499,0.0193322981288788,"arahy.Tifrunner.gnm2.ann2.Ah14g496300"
114,0,"STRG.5655",3.5857613,0.5602333,0.000336096139698803,0.0222067353608829,0,0.5602333,0.0222067353608829,"STRG.5655"
115,0,"arahy.Tifrunner.gnm2.ann2.Ah13g054700",3.5844965,0.90943384,0.000337729036413887,0.0222822850053707,0,0.90943384,0.0222822850053707,"arahy.Tifrunner.gnm2.ann2.Ah13g054700"
116,0,"arahy.Tifrunner.gnm2.ann2.Ah01g242700",3.5821705,0.25586313,0.000340751224088971,0.0223526767164361,0,0.25586313,0.0223526767164361,"arahy.Tifrunner.gnm2.ann2.Ah01g242700"
117,0,"arahy.Tifrunner.gnm2.ann2.Ah09g449700",3.55508,0.7189617,0.000377864060821833,0.0244692510737598,0,0.7189617,0.0244692510737598,"arahy.Tifrunner.gnm2.ann2.Ah09g449700"
118,0,"arahy.Tifrunner.gnm2.ann2.Ah16g149500",3.5500295,1.2387186,0.000385187955038906,0.0249080915698738,0,1.2387186,0.0249080915698738,"arahy.Tifrunner.gnm2.ann2.Ah16g149500"
119,0,"arahy.Tifrunner.gnm2.ann2.Ah17g301600",3.4961731,0.4546316,0.000471982381344312,0.0298423971226645,0,0.4546316,0.0298423971226645,"arahy.Tifrunner.gnm2.ann2.Ah17g301600"
120,0,"STRG.368",3.4765308,0.8589522,0.000507945948227298,0.0319388554517949,0,0.8589522,0.0319388554517949,"STRG.368"
121,0,"arahy.Tifrunner.gnm2.ann2.Ah17g302300",3.457148,0.32989472,0.000545924729245029,0.0340125984937299,0,0.32989472,0.0340125984937299,"arahy.Tifrunner.gnm2.ann2.Ah17g302300"
122,0,"arahy.Tifrunner.gnm2.ann2.Ah08g216200",3.4563243,0.9412255,0.000547596151089178,0.0340556928718357,0,0.9412255,0.0340556928718357,"arahy.Tifrunner.gnm2.ann2.Ah08g216200"
123,0,"arahy.Tifrunner.gnm2.ann2.Ah18g105700",3.4204335,0.34521425,0.000625214369471749,0.0386715474943368,0,0.34521425,0.0386715474943368,"arahy.Tifrunner.gnm2.ann2.Ah18g105700"
124,0,"arahy.Tifrunner.gnm2.ann2.Ah09g320700",3.4056132,0.48475498,0.000660156312554295,0.0406121026658402,0,0.48475498,0.0406121026658402,"arahy.Tifrunner.gnm2.ann2.Ah09g320700"
125,0,"arahy.Tifrunner.gnm2.ann2.Ah11g403300",3.3877797,0.83207846,0.000704608217091945,0.0428831343247242,0,0.83207846,0.0428831343247242,"arahy.Tifrunner.gnm2.ann2.Ah11g403300"
126,0,"arahy.Tifrunner.gnm2.ann2.Ah14g053000",3.365724,1.5614301,0.000763430326013403,0.0460323207436214,0,1.5614301,0.0460323207436214,"arahy.Tifrunner.gnm2.ann2.Ah14g053000"
127,0,"arahy.Tifrunner.gnm2.ann2.Ah17g298800",3.3649225,0.27399924,0.000765651279436767,0.0460565950709647,0,0.27399924,0.0460565950709647,"arahy.Tifrunner.gnm2.ann2.Ah17g298800"
44890,0,"arahy.Tifrunner.gnm2.ann2.Ah06g058800",-3.3428109,-1.559328,0.000829343697814685,0.0495472998678684,0,-1.559328,0.0495472998678684,"arahy.Tifrunner.gnm2.ann2.Ah06g058800"
44891,0,"arahy.Tifrunner.gnm2.ann2.Ah06g017100",-3.3441184,-0.30158314,0.000825445058511187,0.0493791863911475,0,-0.30158314,0.0493791863911475,"arahy.Tifrunner.gnm2.ann2.Ah06g017100"
44892,0,"arahy.Tifrunner.gnm2.ann2.Ah17g064900",-3.3499346,-0.5110919,0.000808306642997524,0.0484175679155517,0,-0.5110919,0.0484175679155517,"arahy.Tifrunner.gnm2.ann2.Ah17g064900"
44893,0,"arahy.Tifrunner.gnm2.ann2.Ah03g161500",-3.3557954,-1.8978837,0.00079137079198932,0.0474655651311223,0,-1.8978837,0.0474655651311223,"arahy.Tifrunner.gnm2.ann2.Ah03g161500"
44894,0,"STRG.5651",-3.3574834,-0.25876287,0.000786554600922091,0.0472389335783341,0,-0.25876287,0.0472389335783341,"STRG.5651"
44895,0,"arahy.Tifrunner.gnm2.ann2.Ah11g048300",-3.3648489,-1.567854,0.000765856305876467,0.0460565950709647,0,-1.567854,0.0460565950709647,"arahy.Tifrunner.gnm2.ann2.Ah11g048300"
44896,0,"arahy.Tifrunner.gnm2.ann2.Ah10g226300",-3.370958,-0.58111006,0.000749072345144474,0.0452264846689085,0,-0.58111006,0.0452264846689085,"arahy.Tifrunner.gnm2.ann2.Ah10g226300"
44897,0,"arahy.Tifrunner.gnm2.ann2.Ah10g085800",-3.3720372,-2.4832456,0.000746143669754446,0.0451094879440922,0,-2.4832456,0.0451094879440922,"arahy.Tifrunner.gnm2.ann2.Ah10g085800"
44898,0,"STRG.4944",-3.3728924,-0.21409225,0.000743830160711154,0.0450294205268811,0,-0.21409225,0.0450294205268811,"STRG.4944"
44899,0,"arahy.Tifrunner.gnm2.ann2.Ah05g388200",-3.3791854,-0.5314271,0.000727009677533757,0.0440697584021928,0,-0.5314271,0.0440697584021928,"arahy.Tifrunner.gnm2.ann2.Ah05g388200"
44900,0,"arahy.Tifrunner.gnm2.ann2.Ah15g264100",-3.3834612,-1.8536279,0.000715782957580205,0.0434470711478416,0,-1.8536279,0.0434470711478416,"arahy.Tifrunner.gnm2.ann2.Ah15g264100"
44901,0,"arahy.Tifrunner.gnm2.ann2.Ah17g041100",-3.385136,-0.22665131,0.00071143037341633,0.0432405291313819,0,-0.22665131,0.0432405291313819,"arahy.Tifrunner.gnm2.ann2.Ah17g041100"
44902,0,"STRG.2070",-3.387793,-1.8445232,0.000704573713269286,0.0428831343247242,0,-1.8445232,0.0428831343247242,"STRG.2070"
44903,0,"STRG.986",-3.388129,-0.18386672,0.000703711627808787,0.0428831343247242,0,-0.18386672,0.0428831343247242,"STRG.986"
44904,0,"arahy.Tifrunner.gnm2.ann2.Ah05g449200",-3.3883798,-0.406176,0.000703068576617671,0.0428831343247242,0,-0.406176,0.0428831343247242,"arahy.Tifrunner.gnm2.ann2.Ah05g449200"
44905,0,"arahy.Tifrunner.gnm2.ann2.Ah02g092400",-3.391373,-0.42807314,0.000695434203754307,0.0425523477039127,0,-0.42807314,0.0425523477039127,"arahy.Tifrunner.gnm2.ann2.Ah02g092400"
44906,0,"arahy.Tifrunner.gnm2.ann2.Ah14g040000",-3.3945339,-2.7604227,0.0006874552731089,0.0421207454280075,0,-2.7604227,0.0421207454280075,"arahy.Tifrunner.gnm2.ann2.Ah14g040000"
44907,0,"arahy.Tifrunner.gnm2.ann2.Ah16g172900",-3.3955054,-0.76084846,0.00068501997423611,0.0420280987966639,0,-0.76084846,0.0420280987966639,"arahy.Tifrunner.gnm2.ann2.Ah16g172900"
44908,0,"arahy.Tifrunner.gnm2.ann2.Ah06g037000",-3.4032402,-0.41545644,0.000665917075717445,0.0409112131645897,0,-0.41545644,0.0409112131645897,"arahy.Tifrunner.gnm2.ann2.Ah06g037000"
44909,0,"arahy.Tifrunner.gnm2.ann2.Ah20g236100",-3.4074154,-0.13099465,0.000655812389879895,0.0403994631081087,0,-0.13099465,0.0403994631081087,"arahy.Tifrunner.gnm2.ann2.Ah20g236100"
44910,0,"arahy.Tifrunner.gnm2.ann2.Ah01g335000",-3.412634,-0.25771287,0.000643383360904102,0.0396875123601604,0,-0.25771287,0.0396875123601604,"arahy.Tifrunner.gnm2.ann2.Ah01g335000"
44911,0,"arahy.Tifrunner.gnm2.ann2.Ah11g128300",-3.4127188,-1.9219577,0.00064318256971416,0.0396875123601604,0,-1.9219577,0.0396875123601604,"arahy.Tifrunner.gnm2.ann2.Ah11g128300"
44912,0,"arahy.Tifrunner.gnm2.ann2.Ah03g400200",-3.4207916,-1.3836756,0.000624391548966604,0.0386715474943368,0,-1.3836756,0.0386715474943368,"arahy.Tifrunner.gnm2.ann2.Ah03g400200"
44913,0,"arahy.Tifrunner.gnm2.ann2.Ah07g263000",-3.445142,-0.4832488,0.00057075956306955,0.0353995345356651,0,-0.4832488,0.0353995345356651,"arahy.Tifrunner.gnm2.ann2.Ah07g263000"
44914,0,"STRG.4467",-3.4474432,-0.7955872,0.000565919100551622,0.0351472048206167,0,-0.7955872,0.0351472048206167,"STRG.4467"
44915,0,"arahy.Tifrunner.gnm2.ann2.Ah10g343000",-3.4570339,-0.47372764,0.000546156082482132,0.0340125984937299,0,-0.47372764,0.0340125984937299,"arahy.Tifrunner.gnm2.ann2.Ah10g343000"
44916,0,"arahy.Tifrunner.gnm2.ann2.Ah14g462100",-3.4625657,-0.5135831,0.000535051158039071,0.0334124402175181,0,-0.5135831,0.0334124402175181,"arahy.Tifrunner.gnm2.ann2.Ah14g462100"
44917,0,"arahy.Tifrunner.gnm2.ann2.Ah02g367300",-3.4665864,-0.3526422,0.000527112178153177,0.032961888459128,0,-0.3526422,0.032961888459128,"arahy.Tifrunner.gnm2.ann2.Ah02g367300"
44918,0,"arahy.Tifrunner.gnm2.ann2.Ah09g289400",-3.471037,-1.1703901,0.000518452565247516,0.0324649719124181,0,-1.1703901,0.0324649719124181,"arahy.Tifrunner.gnm2.ann2.Ah09g289400"
44919,0,"STRG.6449",-3.4720333,-0.2609209,0.000516532420305465,0.0323892863663719,0,-0.2609209,0.0323892863663719,"STRG.6449"
44920,0,"arahy.Tifrunner.gnm2.ann2.Ah08g361200",-3.4727407,-0.7345312,0.000515172928612674,0.0323485964167771,0,-0.7345312,0.0323485964167771,"arahy.Tifrunner.gnm2.ann2.Ah08g361200"
44921,0,"arahy.Tifrunner.gnm2.ann2.Ah14g079400",-3.477332,-2.3276353,0.000506429894216527,0.0318875719285106,0,-2.3276353,0.0318875719285106,"arahy.Tifrunner.gnm2.ann2.Ah14g079400"
44922,0,"arahy.Tifrunner.gnm2.ann2.Ah10g400400",-3.4787447,-0.38803086,0.000503768008704311,0.0317638986540929,0,-0.38803086,0.0317638986540929,"arahy.Tifrunner.gnm2.ann2.Ah10g400400"
44923,0,"arahy.Tifrunner.gnm2.ann2.Ah20g011700",-3.4919643,-0.63529766,0.00047948221679727,0.0302745470700124,0,-0.63529766,0.0302745470700124,"arahy.Tifrunner.gnm2.ann2.Ah20g011700"
44924,0,"arahy.Tifrunner.gnm2.ann2.Ah16g500400",-3.5013804,-0.26597422,0.000462854782378394,0.0293059820764868,0,-0.26597422,0.0293059820764868,"arahy.Tifrunner.gnm2.ann2.Ah16g500400"
44925,0,"STRG.5342",-3.5081816,-1.2133696,0.000451181114257887,0.0286066421246185,0,-1.2133696,0.0286066421246185,"STRG.5342"
44926,0,"STRG.1872",-3.5093322,-0.292929,0.000449233431170408,0.0285228768767108,0,-0.292929,0.0285228768767108,"STRG.1872"
44927,0,"arahy.Tifrunner.gnm2.ann2.Ah01g106900",-3.5106866,-1.0975313,0.000446950979286628,0.0284175927109559,0,-1.0975313,0.0284175927109559,"arahy.Tifrunner.gnm2.ann2.Ah01g106900"
44928,0,"arahy.Tifrunner.gnm2.ann2.Ah06g098300",-3.5124664,-2.4806907,0.000443968178228475,0.0282674228610813,0,-2.4806907,0.0282674228610813,"arahy.Tifrunner.gnm2.ann2.Ah06g098300"
44929,0,"arahy.Tifrunner.gnm2.ann2.Ah08g319300",-3.5130193,-1.6151861,0.000443045236121801,0.0282481671277435,0,-1.6151861,0.0282481671277435,"arahy.Tifrunner.gnm2.ann2.Ah08g319300"
44930,0,"STRG.635",-3.515737,-0.3540012,0.000438534969624616,0.0279998120016704,0,-0.3540012,0.0279998120016704,"STRG.635"
44931,0,"STRG.13",-3.5169997,-1.6521941,0.000436454204919681,0.0279060972257915,0,-1.6521941,0.0279060972257915,"STRG.13"
44932,0,"arahy.Tifrunner.gnm2.ann2.Ah11g047700",-3.5221286,-0.5349422,0.000428096414319627,0.0274102126096859,0,-0.5349422,0.0274102126096859,"arahy.Tifrunner.gnm2.ann2.Ah11g047700"
44933,0,"arahy.Tifrunner.gnm2.ann2.Ah01g094100",-3.5254195,-0.20491835,0.000422812670036757,0.0271100337897934,0,-0.20491835,0.0271100337897934,"arahy.Tifrunner.gnm2.ann2.Ah01g094100"
44934,0,"STRG.5066",-3.5284529,-0.82845074,0.000417996275971487,0.0268390161739435,0,-0.82845074,0.0268390161739435,"STRG.5066"
44935,0,"arahy.Tifrunner.gnm2.ann2.Ah14g294100",-3.5293574,-1.976673,0.000416570190260552,0.0267852278833635,0,-1.976673,0.0267852278833635,"arahy.Tifrunner.gnm2.ann2.Ah14g294100"
44936,0,"arahy.Tifrunner.gnm2.ann2.Ah04g426000",-3.544099,-2.218545,0.000393956979775961,0.0253670403781059,0,-2.218545,0.0253670403781059,"arahy.Tifrunner.gnm2.ann2.Ah04g426000"
44937,0,"arahy.Tifrunner.gnm2.ann2.Ah19g519100",-3.5464633,-0.8061382,0.00039043916300733,0.0251761366242857,0,-0.8061382,0.0251761366242857,"arahy.Tifrunner.gnm2.ann2.Ah19g519100"
44938,0,"arahy.Tifrunner.gnm2.ann2.Ah16g381300",-3.5490513,-1.2823406,0.000386621885415273,0.0249653542009148,0,-1.2823406,0.0249653542009148,"arahy.Tifrunner.gnm2.ann2.Ah16g381300"
44939,0,"arahy.Tifrunner.gnm2.ann2.Ah02g321900",-3.5555322,-0.6459601,0.000377214675571906,0.0244619955708482,0,-0.6459601,0.0244619955708482,"arahy.Tifrunner.gnm2.ann2.Ah02g321900"
44940,0,"arahy.Tifrunner.gnm2.ann2.Ah09g399500",-3.5570412,-1.6207494,0.000375055454270359,0.0243566683312465,0,-1.6207494,0.0243566683312465,"arahy.Tifrunner.gnm2.ann2.Ah09g399500"
44941,0,"arahy.Tifrunner.gnm2.ann2.Ah19g496700",-3.5620983,-1.0046484,0.000367902499562287,0.0239262762715336,0,-1.0046484,0.0239262762715336,"arahy.Tifrunner.gnm2.ann2.Ah19g496700"
44942,0,"arahy.Tifrunner.gnm2.ann2.Ah19g486300",-3.5646327,-1.5289248,0.000364366267981881,0.0237302002626712,0,-1.5289248,0.0237302002626712,"arahy.Tifrunner.gnm2.ann2.Ah19g486300"
44943,0,"arahy.Tifrunner.gnm2.ann2.Ah06g232300",-3.5687473,-0.53119546,0.000358692196170668,0.0233941311439448,0,-0.53119546,0.0233941311439448,"arahy.Tifrunner.gnm2.ann2.Ah06g232300"
44944,0,"STRG.3126",-3.5701241,-0.65800935,0.000356812158992135,0.0233049020458507,0,-0.65800935,0.0233049020458507,"STRG.3126"
44945,0,"arahy.Tifrunner.gnm2.ann2.Ah08g151500",-3.5743418,-0.7193064,0.00035111002212357,0.022965420470048,0,-0.7193064,0.022965420470048,"arahy.Tifrunner.gnm2.ann2.Ah08g151500"
44946,0,"arahy.Tifrunner.gnm2.ann2.Ah01g309100",-3.5816197,-1.3854958,0.000341470470760655,0.0223670528214504,0,-1.3854958,0.0223670528214504,"arahy.Tifrunner.gnm2.ann2.Ah01g309100"
44947,0,"STRG.4601",-3.5821638,-0.32308522,0.000340759986846645,0.0223526767164361,0,-0.32308522,0.0223526767164361,"STRG.4601"
44948,0,"arahy.Tifrunner.gnm2.ann2.Ah04g003300",-3.5828667,-2.128766,0.000339843961053757,0.0223526767164361,0,-2.128766,0.0223526767164361,"arahy.Tifrunner.gnm2.ann2.Ah04g003300"
44949,0,"STRG.3069",-3.5837376,-2.058017,0.000338712334155815,0.0223148195370613,0,-2.058017,0.0223148195370613,"STRG.3069"
44950,0,"arahy.Tifrunner.gnm2.ann2.Ah14g020700",-3.5908298,-1.5370741,0.000329626810898584,0.021810946132772,0,-1.5370741,0.021810946132772,"arahy.Tifrunner.gnm2.ann2.Ah14g020700"
44951,0,"arahy.Tifrunner.gnm2.ann2.Ah06g428900",-3.5937557,-1.1957426,0.000325945333814698,0.0215987414506264,0,-1.1957426,0.0215987414506264,"arahy.Tifrunner.gnm2.ann2.Ah06g428900"
44952,0,"arahy.Tifrunner.gnm2.ann2.Ah09g172400",-3.5944364,-0.24312308,0.000325094579152369,0.0215737691273068,0,-0.24312308,0.0215737691273068,"arahy.Tifrunner.gnm2.ann2.Ah09g172400"
44953,0,"STRG.3593",-3.5951974,-0.20986706,0.000324145539422388,0.0215421920243282,0,-0.20986706,0.0215421920243282,"STRG.3593"
44954,0,"arahy.Tifrunner.gnm2.ann2.Ah05g158800",-3.5973332,-0.6994273,0.000321496472438618,0.0213973763323036,0,-0.6994273,0.0213973763323036,"arahy.Tifrunner.gnm2.ann2.Ah05g158800"
44955,0,"arahy.Tifrunner.gnm2.ann2.Ah15g261900",-3.607197,-3.5300481,0.0003095227067261,0.0206306174245959,0,-3.5300481,0.0206306174245959,"arahy.Tifrunner.gnm2.ann2.Ah15g261900"
44956,0,"arahy.Tifrunner.gnm2.ann2.Ah17g293900",-3.6122072,-2.6417356,0.000303601857429051,0.0202656465653961,0,-2.6417356,0.0202656465653961,"arahy.Tifrunner.gnm2.ann2.Ah17g293900"
44957,0,"arahy.Tifrunner.gnm2.ann2.Ah13g566500",-3.6129415,-0.43373463,0.000302743065653644,0.0202379960658098,0,-0.43373463,0.0202379960658098,"arahy.Tifrunner.gnm2.ann2.Ah13g566500"
44958,0,"STRG.5735",-3.6141415,-0.72058594,0.000301344568832066,0.0201741325757514,0,-0.72058594,0.0201741325757514,"STRG.5735"
44959,0,"arahy.Tifrunner.gnm2.ann2.Ah03g006700",-3.6179562,-1.7162586,0.000296938686368325,0.0199084488339199,0,-1.7162586,0.0199084488339199,"arahy.Tifrunner.gnm2.ann2.Ah03g006700"
44960,0,"arahy.Tifrunner.gnm2.ann2.Ah03g273500",-3.6206024,-0.12621856,0.000293918013503797,0.0197349906294202,0,-0.12621856,0.0197349906294202,"arahy.Tifrunner.gnm2.ann2.Ah03g273500"
44961,0,"arahy.Tifrunner.gnm2.ann2.Ah09g404500",-3.6229508,-0.9400552,0.000291261361088549,0.019585498083006,0,-0.9400552,0.019585498083006,"arahy.Tifrunner.gnm2.ann2.Ah09g404500"
44962,0,"arahy.Tifrunner.gnm2.ann2.Ah15g546200",-3.6242895,-0.6189823,0.000289756975735911,0.0195131605967479,0,-0.6189823,0.0195131605967479,"arahy.Tifrunner.gnm2.ann2.Ah15g546200"
44963,0,"arahy.Tifrunner.gnm2.ann2.Ah05g172300",-3.626564,-0.25937125,0.00028721770780918,0.0193708132300817,0,-0.25937125,0.0193708132300817,"arahy.Tifrunner.gnm2.ann2.Ah05g172300"
44964,0,"arahy.Tifrunner.gnm2.ann2.Ah16g137400",-3.6268997,-0.3363456,0.00028684458687589,0.0193708132300817,0,-0.3363456,0.0193708132300817,"arahy.Tifrunner.gnm2.ann2.Ah16g137400"
44965,0,"STRG.3648",-3.63947,-0.45180288,0.00027319970043589,0.0185352357118382,0,-0.45180288,0.0185352357118382,"STRG.3648"
44966,0,"arahy.Tifrunner.gnm2.ann2.Ah13g481000",-3.640737,-0.2125423,0.000271858558176559,0.018471774630492,0,-0.2125423,0.018471774630492,"arahy.Tifrunner.gnm2.ann2.Ah13g481000"
44967,0,"arahy.Tifrunner.gnm2.ann2.Ah03g259600",-3.6497436,-1.1506976,0.000262502349200751,0.017862715911831,0,-1.1506976,0.017862715911831,"arahy.Tifrunner.gnm2.ann2.Ah03g259600"
44968,0,"arahy.Tifrunner.gnm2.ann2.Ah20g048300",-3.6509993,-0.6318764,0.000261221888491424,0.0178021934905443,0,-0.6318764,0.0178021934905443,"arahy.Tifrunner.gnm2.ann2.Ah20g048300"
44969,0,"arahy.Tifrunner.gnm2.ann2.Ah12g291200",-3.6512883,-1.0921307,0.000260928280273944,0.0178021934905443,0,-1.0921307,0.0178021934905443,"arahy.Tifrunner.gnm2.ann2.Ah12g291200"
44970,0,"arahy.Tifrunner.gnm2.ann2.Ah07g061600",-3.6559827,-0.13329382,0.000256198624762662,0.0175122915821253,0,-0.13329382,0.0175122915821253,"arahy.Tifrunner.gnm2.ann2.Ah07g061600"
44971,0,"arahy.Tifrunner.gnm2.ann2.Ah06g223900",-3.662672,-0.2514482,0.000249598105382827,0.0170867731570644,0,-0.2514482,0.0170867731570644,"arahy.Tifrunner.gnm2.ann2.Ah06g223900"
44972,0,"arahy.Tifrunner.gnm2.ann2.Ah18g185800",-3.664071,-0.5508934,0.000248237797464724,0.0170192432105182,0,-0.5508934,0.0170192432105182,"arahy.Tifrunner.gnm2.ann2.Ah18g185800"
44973,0,"arahy.Tifrunner.gnm2.ann2.Ah05g164600",-3.665927,-0.87045556,0.000246444211816242,0.0169217591232618,0,-0.87045556,0.0169217591232618,"arahy.Tifrunner.gnm2.ann2.Ah05g164600"
44974,0,"arahy.Tifrunner.gnm2.ann2.Ah06g423200",-3.6711051,-0.4859492,0.00024150397417508,0.0166075935352664,0,-0.4859492,0.0166075935352664,"arahy.Tifrunner.gnm2.ann2.Ah06g423200"
44975,0,"arahy.Tifrunner.gnm2.ann2.Ah07g129100",-3.6718147,-0.46974543,0.000240834192281285,0.0165865896662832,0,-0.46974543,0.0165865896662832,"arahy.Tifrunner.gnm2.ann2.Ah07g129100"
44976,0,"arahy.Tifrunner.gnm2.ann2.Ah08g060400",-3.678307,-0.31583753,0.000234787232867002,0.0161946272561173,0,-0.31583753,0.0161946272561173,"arahy.Tifrunner.gnm2.ann2.Ah08g060400"
44977,0,"STRG.2549",-3.6852133,-1.2260975,0.000228511083281928,0.0158336964312428,0,-1.2260975,0.0158336964312428,"STRG.2549"
44978,0,"arahy.Tifrunner.gnm2.ann2.Ah13g577400",-3.6917505,-2.2649574,0.000222715965197737,0.0154556731702161,0,-2.2649574,0.0154556731702161,"arahy.Tifrunner.gnm2.ann2.Ah13g577400"
44979,0,"arahy.Tifrunner.gnm2.ann2.Ah05g185800",-3.6944995,-1.9201281,0.00022032029273541,0.0153127648953997,0,-1.9201281,0.0153127648953997,"arahy.Tifrunner.gnm2.ann2.Ah05g185800"
44980,0,"STRG.1510",-3.6964853,-0.3705011,0.000218604939645452,0.0152167756459015,0,-0.3705011,0.0152167756459015,"STRG.1510"
44981,0,"arahy.Tifrunner.gnm2.ann2.Ah04g056300",-3.6983972,-0.9807644,0.000216965259198257,0.0151257679322227,0,-0.9807644,0.0151257679322227,"arahy.Tifrunner.gnm2.ann2.Ah04g056300"
44982,0,"STRG.5211",-3.6991246,-1.0685409,0.000216344298025115,0.0151056101584284,0,-1.0685409,0.0151056101584284,"STRG.5211"
44983,0,"arahy.Tifrunner.gnm2.ann2.Ah09g434500",-3.7002327,-0.48424315,0.000215401731863407,0.0150629008315664,0,-0.48424315,0.0150629008315664,"arahy.Tifrunner.gnm2.ann2.Ah09g434500"
44984,0,"arahy.Tifrunner.gnm2.ann2.Ah20g200900",-3.7118025,-0.22779994,0.000205788575764357,0.0144350063529994,0,-0.22779994,0.0144350063529994,"arahy.Tifrunner.gnm2.ann2.Ah20g200900"
44985,0,"arahy.Tifrunner.gnm2.ann2.Ah09g386800",-3.7178223,-0.6869916,0.000200947522108982,0.0141171836365575,0,-0.6869916,0.0141171836365575,"arahy.Tifrunner.gnm2.ann2.Ah09g386800"
44986,0,"STRG.2159",-3.720755,-0.8174809,0.000198628056389386,0.0139758016059821,0,-0.8174809,0.0139758016059821,"STRG.2159"
44987,0,"arahy.Tifrunner.gnm2.ann2.Ah06g052500",-3.73639,-1.7277132,0.000186680989436562,0.0131759152916435,0,-1.7277132,0.0131759152916435,"arahy.Tifrunner.gnm2.ann2.Ah06g052500"
44988,0,"STRG.1417",-3.7386758,-0.96335894,0.00018499210484814,0.0130769884799794,0,-0.96335894,0.0130769884799794,"STRG.1417"
44989,0,"arahy.Tifrunner.gnm2.ann2.Ah16g043600",-3.7407353,-0.999229,0.000183482601201336,0.0129904540234675,0,-0.999229,0.0129904540234675,"arahy.Tifrunner.gnm2.ann2.Ah16g043600"
44990,0,"arahy.Tifrunner.gnm2.ann2.Ah17g394800",-3.7487588,-2.2626157,0.000177711816904533,0.01260148403857,0,-2.2626157,0.01260148403857,"arahy.Tifrunner.gnm2.ann2.Ah17g394800"
44991,0,"arahy.Tifrunner.gnm2.ann2.Ah03g246200",-3.7747748,-1.9707723,0.000160152251490323,0.011391829838821,0,-1.9707723,0.011391829838821,"arahy.Tifrunner.gnm2.ann2.Ah03g246200"
44992,0,"STRG.4010",-3.7783947,-1.3048141,0.000157842493971842,0.0112451043749204,0,-1.3048141,0.0112451043749204,"STRG.4010"
44993,0,"STRG.3066",-3.782559,-1.1848108,0.000155224409712242,0.0110759185387776,0,-1.1848108,0.0110759185387776,"STRG.3066"
44994,0,"arahy.Tifrunner.gnm2.ann2.Ah05g104300",-3.7840946,-0.6944638,0.000154269174325756,0.0110250390769321,0,-0.6944638,0.0110250390769321,"arahy.Tifrunner.gnm2.ann2.Ah05g104300"
44995,0,"STRG.4937",-3.799667,-0.7669738,0.000144890680432294,0.0103710744276726,0,-0.7669738,0.0103710744276726,"STRG.4937"
44996,0,"arahy.Tifrunner.gnm2.ann2.Ah13g469500",-3.8012543,-0.3145917,0.000143965521165026,0.0103210809220734,0,-0.3145917,0.0103210809220734,"arahy.Tifrunner.gnm2.ann2.Ah13g469500"
44997,0,"arahy.Tifrunner.gnm2.ann2.Ah03g019900",-3.8032243,-0.42725134,0.000142824964426063,0.0102716645821992,0,-0.42725134,0.0102716645821992,"arahy.Tifrunner.gnm2.ann2.Ah03g019900"
44998,0,"arahy.Tifrunner.gnm2.ann2.Ah01g324900",-3.8033228,-0.36191574,0.000142768160568795,0.0102716645821992,0,-0.36191574,0.0102716645821992,"arahy.Tifrunner.gnm2.ann2.Ah01g324900"
44999,0,"arahy.Tifrunner.gnm2.ann2.Ah17g098300",-3.8038735,-0.3539926,0.000142450967175643,0.0102716645821992,0,-0.3539926,0.0102716645821992,"arahy.Tifrunner.gnm2.ann2.Ah17g098300"
45000,0,"arahy.Tifrunner.gnm2.ann2.Ah17g490100",-3.806795,-0.963599,0.000140779364568504,0.0101727615755819,0,-0.963599,0.0101727615755819,"arahy.Tifrunner.gnm2.ann2.Ah17g490100"
45001,0,"arahy.Tifrunner.gnm2.ann2.Ah06g000900",-3.809441,-0.25256974,0.00013928127663847,0.0100805100758183,0,-0.25256974,0.0100805100758183,"arahy.Tifrunner.gnm2.ann2.Ah06g000900"
45002,0,"arahy.Tifrunner.gnm2.ann2.Ah05g308000",-3.8097477,-2.6608346,0.000139108614760237,0.0100805100758183,0,-2.6608346,0.0100805100758183,"arahy.Tifrunner.gnm2.ann2.Ah05g308000"
45003,0,"STRG.5341",-3.813482,-0.99381787,0.00013702253131382,0.00994866621296705,0,-0.99381787,0.00994866621296705,"STRG.5341"
45004,0,"STRG.4037",-3.8190048,-1.3270856,0.000133991137694631,0.00974410950864276,0,-1.3270856,0.00974410950864276,"STRG.4037"
45005,0,"arahy.Tifrunner.gnm2.ann2.Ah05g438900",-3.8263187,-0.49318478,0.000130073886201922,0.00947437375273011,0,-0.49318478,0.00947437375273011,"arahy.Tifrunner.gnm2.ann2.Ah05g438900"
45006,0,"arahy.Tifrunner.gnm2.ann2.Ah16g214200",-3.833281,-0.40757713,0.000126445361604171,0.00922483756677609,0,-0.40757713,0.00922483756677609,"arahy.Tifrunner.gnm2.ann2.Ah16g214200"
45007,0,"arahy.Tifrunner.gnm2.ann2.Ah13g139200",-3.833301,-1.845667,0.000126435000866139,0.00922483756677609,0,-1.845667,0.00922483756677609,"arahy.Tifrunner.gnm2.ann2.Ah13g139200"
45008,0,"STRG.4456",-3.841273,-2.2546043,0.000122397804333342,0.00895825987857084,0,-2.2546043,0.00895825987857084,"STRG.4456"
45009,0,"arahy.Tifrunner.gnm2.ann2.Ah10g217500",-3.8440692,-0.26668277,0.000121010800697892,0.00887100755389827,0,-0.26668277,0.00887100755389827,"arahy.Tifrunner.gnm2.ann2.Ah10g217500"
45010,0,"STRG.4374",-3.8461714,-0.26561162,0.000119977822013666,0.00880946833766152,0,-0.26561162,0.00880946833766152,"STRG.4374"
45011,0,"arahy.Tifrunner.gnm2.ann2.Ah09g295000",-3.8474586,-2.5777571,0.000119349384208989,0.00877748201410344,0,-2.5777571,0.00877748201410344,"arahy.Tifrunner.gnm2.ann2.Ah09g295000"
45012,0,"STRG.2227",-3.848258,-0.76765156,0.000118960769437784,0.00876305836227456,0,-0.76765156,0.00876305836227456,"STRG.2227"
45013,0,"arahy.Tifrunner.gnm2.ann2.Ah13g155600",-3.850042,-2.2201822,0.000118097490651492,0.00871356590667511,0,-2.2201822,0.00871356590667511,"arahy.Tifrunner.gnm2.ann2.Ah13g155600"
45014,0,"arahy.Tifrunner.gnm2.ann2.Ah01g035600",-3.852187,-2.6857023,0.000117067640927169,0.00865160273631239,0,-2.6857023,0.00865160273631239,"arahy.Tifrunner.gnm2.ann2.Ah01g035600"
45015,0,"arahy.Tifrunner.gnm2.ann2.Ah14g481600",-3.8640006,-0.45815247,0.000111545009860352,0.00827031763661669,0,-0.45815247,0.00827031763661669,"arahy.Tifrunner.gnm2.ann2.Ah14g481600"
45016,0,"arahy.Tifrunner.gnm2.ann2.Ah15g173600",-3.8687174,-0.27789554,0.000109409358728801,0.0081252066015823,0,-0.27789554,0.0081252066015823,"arahy.Tifrunner.gnm2.ann2.Ah15g173600"
45017,0,"arahy.Tifrunner.gnm2.ann2.Ah03g226500",-3.869662,-1.5875366,0.000108986283371667,0.00810701235982312,0,-1.5875366,0.00810701235982312,"arahy.Tifrunner.gnm2.ann2.Ah03g226500"
45018,0,"arahy.Tifrunner.gnm2.ann2.Ah01g033600",-3.884001,-1.8542366,0.000102751481386767,0.00765574212545205,0,-1.8542366,0.00765574212545205,"arahy.Tifrunner.gnm2.ann2.Ah01g033600"
45019,0,"arahy.Tifrunner.gnm2.ann2.Ah13g502500",-3.8866942,-0.4747974,0.000101618651325676,0.00758374997204927,0,-0.4747974,0.00758374997204927,"arahy.Tifrunner.gnm2.ann2.Ah13g502500"
45020,0,"STRG.4590",-3.8904216,-2.0536504,0.000100070206150948,0.00748045330840025,0,-2.0536504,0.00748045330840025,"STRG.4590"
45021,0,"arahy.Tifrunner.gnm2.ann2.Ah16g480700",-3.8942542,-2.5382714,9.85012933632217e-05,0.00737528434057123,0,-2.5382714,0.00737528434057123,"arahy.Tifrunner.gnm2.ann2.Ah16g480700"
45022,0,"arahy.Tifrunner.gnm2.ann2.Ah15g445500",-3.9021904,-0.4110128,9.53261083926785e-05,0.00714930108479126,0,-0.4110128,0.00714930108479126,"arahy.Tifrunner.gnm2.ann2.Ah15g445500"
45023,0,"arahy.Tifrunner.gnm2.ann2.Ah05g464500",-3.9088192,-2.0634706,9.27483289851736e-05,0.00696745037742746,0,-2.0634706,0.00696745037742746,"arahy.Tifrunner.gnm2.ann2.Ah05g464500"
45024,0,"STRG.2968",-3.9248147,-0.3309372,8.67965078675334e-05,0.0065311144201018,0,-0.3309372,0.0065311144201018,"STRG.2968"
45025,0,"arahy.Tifrunner.gnm2.ann2.Ah06g093200",-3.9253476,-0.3819042,8.66046031396655e-05,0.00652746349889094,0,-0.3819042,0.00652746349889094,"arahy.Tifrunner.gnm2.ann2.Ah06g093200"
45026,0,"arahy.Tifrunner.gnm2.ann2.Ah08g240000",-3.9292786,-2.90587,8.52010418705864e-05,0.00644301034903086,0,-2.90587,0.00644301034903086,"arahy.Tifrunner.gnm2.ann2.Ah08g240000"
45027,0,"arahy.Tifrunner.gnm2.ann2.Ah18g298400",-3.9325137,-0.9647505,8.40622106690104e-05,0.00636746768468557,0,-0.9647505,0.00636746768468557,"arahy.Tifrunner.gnm2.ann2.Ah18g298400"
45028,0,"arahy.Tifrunner.gnm2.ann2.Ah04g460700",-3.938632,-0.6497257,8.19475063097865e-05,0.00621763046207787,0,-0.6497257,0.00621763046207787,"arahy.Tifrunner.gnm2.ann2.Ah04g460700"
45029,0,"arahy.Tifrunner.gnm2.ann2.Ah16g081400",-3.9402573,-0.5811248,8.1394262518384e-05,0.00618596395139718,0,-0.5811248,0.00618596395139718,"arahy.Tifrunner.gnm2.ann2.Ah16g081400"
45030,0,"arahy.Tifrunner.gnm2.ann2.Ah17g226100",-3.9464989,-2.011101,7.93023219769834e-05,0.00603705502622106,0,-2.011101,0.00603705502622106,"arahy.Tifrunner.gnm2.ann2.Ah17g226100"
45031,0,"arahy.Tifrunner.gnm2.ann2.Ah19g504900",-3.948368,-0.473972,7.86857484109249e-05,0.00600015077162303,0,-0.473972,0.00600015077162303,"arahy.Tifrunner.gnm2.ann2.Ah19g504900"
45032,0,"STRG.6557",-3.9493396,-1.6448656,7.83670705527804e-05,0.00598587671114895,0,-1.6448656,0.00598587671114895,"STRG.6557"
45033,0,"arahy.Tifrunner.gnm2.ann2.Ah13g043500",-3.95028,-2.1400414,7.80598347254102e-05,0.00597243011099088,0,-2.1400414,0.00597243011099088,"arahy.Tifrunner.gnm2.ann2.Ah13g043500"
45034,0,"arahy.Tifrunner.gnm2.ann2.Ah19g111400",-3.9575355,-1.6860831,7.57270098818654e-05,0.00580369763949838,0,-1.6860831,0.00580369763949838,"arahy.Tifrunner.gnm2.ann2.Ah19g111400"
45035,0,"STRG.5900",-3.9667614,-0.33168823,7.28559044379833e-05,0.00559307283918171,0,-0.33168823,0.00559307283918171,"STRG.5900"
45036,0,"STRG.4559",-3.9670389,-0.87064826,7.27711301093838e-05,0.00559307283918171,0,-0.87064826,0.00559307283918171,"STRG.4559"
45037,0,"arahy.Tifrunner.gnm2.ann2.Ah05g188700",-3.9677193,-0.3735307,7.25636908529242e-05,0.00558949147612271,0,-0.3735307,0.00558949147612271,"arahy.Tifrunner.gnm2.ann2.Ah05g188700"
45038,0,"arahy.Tifrunner.gnm2.ann2.Ah18g020500",-3.969374,-1.6414303,7.20617523295397e-05,0.00556023595432197,0,-1.6414303,0.00556023595432197,"arahy.Tifrunner.gnm2.ann2.Ah18g020500"
45039,0,"arahy.Tifrunner.gnm2.ann2.Ah15g215800",-3.96962,-0.84821326,7.19873202834615e-05,0.00556023595432197,0,-0.84821326,0.00556023595432197,"arahy.Tifrunner.gnm2.ann2.Ah15g215800"
45040,0,"STRG.400",-3.9698617,-0.2663381,7.19143123015566e-05,0.00556023595432197,0,-0.2663381,0.00556023595432197,"STRG.400"
45041,0,"arahy.Tifrunner.gnm2.ann2.Ah15g371200",-3.9708714,-0.41466638,7.16101926084592e-05,0.00555363272284071,0,-0.41466638,0.00555363272284071,"arahy.Tifrunner.gnm2.ann2.Ah15g371200"
45042,0,"arahy.Tifrunner.gnm2.ann2.Ah11g444900",-3.9902675,-1.8483685,6.59987862523862e-05,0.00512718215930653,0,-1.8483685,0.00512718215930653,"arahy.Tifrunner.gnm2.ann2.Ah11g444900"
45043,0,"arahy.Tifrunner.gnm2.ann2.Ah20g291000",-3.99331,-0.2704521,6.51572909452562e-05,0.00507914471402712,0,-0.2704521,0.00507914471402712,"arahy.Tifrunner.gnm2.ann2.Ah20g291000"
45044,0,"arahy.Tifrunner.gnm2.ann2.Ah08g328400",-3.9984097,-0.45092997,6.37694834152327e-05,0.00497948878729855,0,-0.45092997,0.00497948878729855,"arahy.Tifrunner.gnm2.ann2.Ah08g328400"
45045,0,"arahy.Tifrunner.gnm2.ann2.Ah03g024500",-4.003227,-1.5925174,6.24841776871448e-05,0.00488750808424326,0,-1.5925174,0.00488750808424326,"arahy.Tifrunner.gnm2.ann2.Ah03g024500"
45046,0,"STRG.6237",-4.0036306,-0.43891403,6.23777894977833e-05,0.00488750808424326,0,-0.43891403,0.00488750808424326,"STRG.6237"
45047,0,"arahy.Tifrunner.gnm2.ann2.Ah11g106500",-4.015162,-1.456972,5.94049881339411e-05,0.00466267703415437,0,-1.456972,0.00466267703415437,"arahy.Tifrunner.gnm2.ann2.Ah11g106500"
45048,0,"arahy.Tifrunner.gnm2.ann2.Ah19g095500",-4.0240607,-0.43909994,5.72031419495397e-05,0.00449760938533824,0,-0.43909994,0.00449760938533824,"arahy.Tifrunner.gnm2.ann2.Ah19g095500"
45049,0,"arahy.Tifrunner.gnm2.ann2.Ah12g282700",-4.034717,-0.31908256,5.4668147262362e-05,0.00431319364986441,0,-0.31908256,0.00431319364986441,"arahy.Tifrunner.gnm2.ann2.Ah12g282700"
45050,0,"arahy.Tifrunner.gnm2.ann2.Ah20g531500",-4.0358567,-0.77870893,5.44034627793278e-05,0.00429976256869118,0,-0.77870893,0.00429976256869118,"arahy.Tifrunner.gnm2.ann2.Ah20g531500"
45051,0,"arahy.Tifrunner.gnm2.ann2.Ah14g003800",-4.0372915,-2.0027463,5.40718641959631e-05,0.00428098703592526,0,-2.0027463,0.00428098703592526,"arahy.Tifrunner.gnm2.ann2.Ah14g003800"
45052,0,"arahy.Tifrunner.gnm2.ann2.Ah19g409600",-4.050594,-0.8995461,5.10878125686881e-05,0.00405177975501212,0,-0.8995461,0.00405177975501212,"arahy.Tifrunner.gnm2.ann2.Ah19g409600"
45053,0,"arahy.Tifrunner.gnm2.ann2.Ah05g413600",-4.0544534,-1.5991012,5.02516714508313e-05,0.00399242075240427,0,-1.5991012,0.00399242075240427,"arahy.Tifrunner.gnm2.ann2.Ah05g413600"
45054,0,"STRG.2604",-4.0557585,-0.6892506,4.9971862981876e-05,0.00397713127690021,0,-0.6892506,0.00397713127690021,"STRG.2604"
45055,0,"arahy.Tifrunner.gnm2.ann2.Ah04g362500",-4.058821,-1.4177654,4.93210840169615e-05,0.00393221195934878,0,-1.4177654,0.00393221195934878,"arahy.Tifrunner.gnm2.ann2.Ah04g362500"
45056,0,"arahy.Tifrunner.gnm2.ann2.Ah11g465600",-4.0674424,-0.4518152,4.75319700570648e-05,0.00379622000855758,0,-0.4518152,0.00379622000855758,"arahy.Tifrunner.gnm2.ann2.Ah11g465600"
45057,0,"arahy.Tifrunner.gnm2.ann2.Ah15g182400",-4.07275,-1.5285898,4.64612328626663e-05,0.00371722524576453,0,-1.5285898,0.00371722524576453,"arahy.Tifrunner.gnm2.ann2.Ah15g182400"
45058,0,"STRG.2029",-4.0773396,-0.95434105,4.55539335896202e-05,0.00365105153650329,0,-0.95434105,0.00365105153650329,"STRG.2029"
45059,0,"STRG.2375",-4.077584,-1.0109724,4.55061653716302e-05,0.00365105153650329,0,-1.0109724,0.00365105153650329,"STRG.2375"
45060,0,"arahy.Tifrunner.gnm2.ann2.Ah05g218600",-4.088224,-2.2236712,4.34688009390641e-05,0.00349624327552995,0,-2.2236712,0.00349624327552995,"arahy.Tifrunner.gnm2.ann2.Ah05g218600"
45061,0,"arahy.Tifrunner.gnm2.ann2.Ah03g548500",-4.0964494,-2.6665184,4.19535592874315e-05,0.00338034306725846,0,-2.6665184,0.00338034306725846,"arahy.Tifrunner.gnm2.ann2.Ah03g548500"
45062,0,"arahy.Tifrunner.gnm2.ann2.Ah16g434200",-4.1047926,-0.6785244,4.04677456044226e-05,0.00326640718243925,0,-0.6785244,0.00326640718243925,"arahy.Tifrunner.gnm2.ann2.Ah16g434200"
45063,0,"arahy.Tifrunner.gnm2.ann2.Ah13g606100",-4.109642,-0.329017,3.96273310933195e-05,0.00320425332272163,0,-0.329017,0.00320425332272163,"arahy.Tifrunner.gnm2.ann2.Ah13g606100"
45064,0,"arahy.Tifrunner.gnm2.ann2.Ah11g464900",-4.1098905,-1.1874729,3.95847120600126e-05,0.00320425332272163,0,-1.1874729,0.00320425332272163,"arahy.Tifrunner.gnm2.ann2.Ah11g464900"
45065,0,"arahy.Tifrunner.gnm2.ann2.Ah07g038300",-4.113235,-0.28007305,3.90152993819707e-05,0.00316601156696049,0,-0.28007305,0.00316601156696049,"arahy.Tifrunner.gnm2.ann2.Ah07g038300"
45066,0,"STRG.3591",-4.114383,-0.5867293,3.88215775862141e-05,0.00315591696077645,0,-0.5867293,0.00315591696077645,"STRG.3591"
45067,0,"arahy.Tifrunner.gnm2.ann2.Ah03g564600",-4.126329,-1.4525052,3.6859972987627e-05,0.00300719249155687,0,-1.4525052,0.00300719249155687,"arahy.Tifrunner.gnm2.ann2.Ah03g564600"
45068,0,"arahy.Tifrunner.gnm2.ann2.Ah11g495200",-4.1322145,-2.0371811,3.59284711024915e-05,0.00293645909958676,0,-2.0371811,0.00293645909958676,"arahy.Tifrunner.gnm2.ann2.Ah11g495200"
45069,0,"arahy.Tifrunner.gnm2.ann2.Ah04g347000",-4.136947,-0.2789515,3.51957012334551e-05,0.00288174299092052,0,-0.2789515,0.00288174299092052,"arahy.Tifrunner.gnm2.ann2.Ah04g347000"
45070,0,"arahy.Tifrunner.gnm2.ann2.Ah02g089300",-4.1493115,-0.72948945,3.33476665025432e-05,0.0027353498556068,0,-0.72948945,0.0027353498556068,"arahy.Tifrunner.gnm2.ann2.Ah02g089300"
45071,0,"arahy.Tifrunner.gnm2.ann2.Ah03g559900",-4.150554,-1.7628716,3.31671436788086e-05,0.00273038164346127,0,-1.7628716,0.00273038164346127,"arahy.Tifrunner.gnm2.ann2.Ah03g559900"
45072,0,"arahy.Tifrunner.gnm2.ann2.Ah13g488800",-4.164409,-1.79145,3.12159605318097e-05,0.0025744119334241,0,-1.79145,0.0025744119334241,"arahy.Tifrunner.gnm2.ann2.Ah13g488800"
45073,0,"STRG.2928",-4.1683517,-2.4758463,3.06810264475973e-05,0.00253488756442908,0,-2.4758463,0.00253488756442908,"STRG.2928"
45074,0,"STRG.4742",-4.1689672,-0.9301591,3.05982809649098e-05,0.00253264753208464,0,-0.9301591,0.00253264753208464,"STRG.4742"
45075,0,"STRG.69",-4.179348,-2.0935457,2.92345777120958e-05,0.00242418017443615,0,-2.0935457,0.00242418017443615,"STRG.69"
45076,0,"arahy.Tifrunner.gnm2.ann2.Ah07g131400",-4.180443,-1.4914838,2.90941828282238e-05,0.00241694083772274,0,-1.4914838,0.00241694083772274,"arahy.Tifrunner.gnm2.ann2.Ah07g131400"
45077,0,"arahy.Tifrunner.gnm2.ann2.Ah12g164200",-4.1816764,-0.41282204,2.89367553338188e-05,0.00240825749509464,0,-0.41282204,0.00240825749509464,"arahy.Tifrunner.gnm2.ann2.Ah12g164200"
45078,0,"arahy.Tifrunner.gnm2.ann2.Ah19g570000",-4.1818757,-2.0409822,2.89114030189666e-05,0.00240825749509464,0,-2.0409822,0.00240825749509464,"arahy.Tifrunner.gnm2.ann2.Ah19g570000"
45079,0,"arahy.Tifrunner.gnm2.ann2.Ah06g124400",-4.1863174,-1.5480049,2.83516971771461e-05,0.00236822506842642,0,-1.5480049,0.00236822506842642,"arahy.Tifrunner.gnm2.ann2.Ah06g124400"
45080,0,"arahy.Tifrunner.gnm2.ann2.Ah20g053600",-4.190011,-1.1619887,2.78940770233402e-05,0.00233428301913702,0,-1.1619887,0.00233428301913702,"arahy.Tifrunner.gnm2.ann2.Ah20g053600"
45081,0,"arahy.Tifrunner.gnm2.ann2.Ah09g127400",-4.2076116,-1.3582851,2.58083738780758e-05,0.00216372083319618,0,-1.3582851,0.00216372083319618,"arahy.Tifrunner.gnm2.ann2.Ah09g127400"
45082,0,"arahy.Tifrunner.gnm2.ann2.Ah11g185400",-4.2115765,-0.34981093,2.53594612349808e-05,0.00213000758904293,0,-0.34981093,0.00213000758904293,"arahy.Tifrunner.gnm2.ann2.Ah11g185400"
45083,0,"STRG.5",-4.216177,-1.6965985,2.48478698100978e-05,0.00209089542557282,0,-1.6965985,0.00209089542557282,"STRG.5"
45084,0,"STRG.4489",-4.2266407,-1.4716268,2.37205932032448e-05,0.00199973386108243,0,-1.4716268,0.00199973386108243,"STRG.4489"
45085,0,"arahy.Tifrunner.gnm2.ann2.Ah04g030500",-4.2284765,-0.49047765,2.35279114198048e-05,0.00198717001757921,0,-0.49047765,0.00198717001757921,"arahy.Tifrunner.gnm2.ann2.Ah04g030500"
45086,0,"arahy.Tifrunner.gnm2.ann2.Ah11g066900",-4.233086,-3.0007565,2.30506353730995e-05,0.00195047792699811,0,-3.0007565,0.00195047792699811,"arahy.Tifrunner.gnm2.ann2.Ah11g066900"
45087,0,"arahy.Tifrunner.gnm2.ann2.Ah01g353300",-4.2369924,-0.37388715,2.26533713079692e-05,0.00192043217024952,0,-0.37388715,0.00192043217024952,"arahy.Tifrunner.gnm2.ann2.Ah01g353300"
45088,0,"arahy.Tifrunner.gnm2.ann2.Ah06g073400",-4.241051,-2.572211,2.22475325760624e-05,0.00188954603170274,0,-2.572211,0.00188954603170274,"arahy.Tifrunner.gnm2.ann2.Ah06g073400"
45089,0,"STRG.3263",-4.247373,-1.2576642,2.16291371233585e-05,0.00184045764187621,0,-1.2576642,0.00184045764187621,"STRG.3263"
45090,0,"STRG.4147",-4.251788,-1.5928136,2.12070513484957e-05,0.00180792098424891,0,-1.5928136,0.00180792098424891,"STRG.4147"
45091,0,"arahy.Tifrunner.gnm2.ann2.Ah13g608300",-4.260192,-1.7472862,2.04251246900973e-05,0.00174780709848118,0,-1.7472862,0.00174780709848118,"arahy.Tifrunner.gnm2.ann2.Ah13g608300"
45092,0,"STRG.2671",-4.2739377,-0.2987997,1.92050674122762e-05,0.00164649997905171,0,-0.2987997,0.00164649997905171,"STRG.2671"
45093,0,"STRG.1151",-4.284549,-0.27680725,1.83110095368961e-05,0.00157281207199559,0,-0.27680725,0.00157281207199559,"STRG.1151"
45094,0,"arahy.Tifrunner.gnm2.ann2.Ah11g324500",-4.288326,-2.2355766,1.80024844183711e-05,0.00154923459482405,0,-2.2355766,0.00154923459482405,"arahy.Tifrunner.gnm2.ann2.Ah11g324500"
45095,0,"STRG.2833",-4.2894564,-2.3410952,1.79110954356906e-05,0.00154428922086057,0,-2.3410952,0.00154428922086057,"STRG.2833"
45096,0,"arahy.Tifrunner.gnm2.ann2.Ah14g009000",-4.289481,-2.0619283,1.79091097118854e-05,0.00154428922086057,0,-2.0619283,0.00154428922086057,"arahy.Tifrunner.gnm2.ann2.Ah14g009000"
45097,0,"arahy.Tifrunner.gnm2.ann2.Ah02g366900",-4.292691,-0.71296453,1.76520317595039e-05,0.00152914255679206,0,-0.71296453,0.00152914255679206,"arahy.Tifrunner.gnm2.ann2.Ah02g366900"
45098,0,"STRG.5123",-4.2932825,-1.4175586,1.76050884577498e-05,0.00152914255679206,0,-1.4175586,0.00152914255679206,"STRG.5123"
45099,0,"STRG.6250",-4.300249,-1.5744369,1.70606160025416e-05,0.00148502386787706,0,-1.5744369,0.00148502386787706,"STRG.6250"
45100,0,"STRG.2569",-4.311537,-0.7445769,1.62123846902556e-05,0.00141389387095631,0,-0.7445769,0.00141389387095631,"STRG.2569"
45101,0,"arahy.Tifrunner.gnm2.ann2.Ah14g003000",-4.3177133,-1.8340676,1.57654035806753e-05,0.00137755131018553,0,-1.8340676,0.00137755131018553,"arahy.Tifrunner.gnm2.ann2.Ah14g003000"
45102,0,"STRG.4190",-4.3212996,-0.97939366,1.55112830572359e-05,0.00135795317288002,0,-0.97939366,0.00135795317288002,"STRG.4190"
45103,0,"STRG.6012",-4.3251123,-1.2648832,1.52454251955036e-05,0.00133724997418132,0,-1.2648832,0.00133724997418132,"STRG.6012"
45104,0,"arahy.Tifrunner.gnm2.ann2.Ah18g036100",-4.328441,-1.3300717,1.50168454406357e-05,0.00131974299582915,0,-1.3300717,0.00131974299582915,"arahy.Tifrunner.gnm2.ann2.Ah18g036100"
45105,0,"arahy.Tifrunner.gnm2.ann2.Ah13g517400",-4.346597,-0.6071895,1.38265924156086e-05,0.00121748896156319,0,-0.6071895,0.00121748896156319,"arahy.Tifrunner.gnm2.ann2.Ah13g517400"
45106,0,"arahy.Tifrunner.gnm2.ann2.Ah16g353000",-4.351052,-1.8219079,1.35485908701566e-05,0.00119532180382367,0,-1.8219079,0.00119532180382367,"arahy.Tifrunner.gnm2.ann2.Ah16g353000"
45107,0,"arahy.Tifrunner.gnm2.ann2.Ah13g030000",-4.360502,-0.78468966,1.29764657363562e-05,0.00114706917705219,0,-0.78468966,0.00114706917705219,"arahy.Tifrunner.gnm2.ann2.Ah13g030000"
45108,0,"arahy.Tifrunner.gnm2.ann2.Ah17g002400",-4.3651357,-2.3900223,1.27043884664041e-05,0.00112520346409451,0,-2.3900223,0.00112520346409451,"arahy.Tifrunner.gnm2.ann2.Ah17g002400"
45109,0,"arahy.Tifrunner.gnm2.ann2.Ah14g400700",-4.3737926,-0.26244253,1.22106325364036e-05,0.00108358057619344,0,-0.26244253,0.00108358057619344,"arahy.Tifrunner.gnm2.ann2.Ah14g400700"
45110,0,"arahy.Tifrunner.gnm2.ann2.Ah01g076400",-4.3793826,-2.1089978,1.19015933677407e-05,0.00105821901654888,0,-2.1089978,0.00105821901654888,"arahy.Tifrunner.gnm2.ann2.Ah01g076400"
45111,0,"arahy.Tifrunner.gnm2.ann2.Ah20g441800",-4.3828216,-0.60955256,1.17152152705799e-05,0.00104368583165926,0,-0.60955256,0.00104368583165926,"arahy.Tifrunner.gnm2.ann2.Ah20g441800"
45112,0,"STRG.5670",-4.3905716,-1.4563096,1.13052989120532e-05,0.00100914201504374,0,-1.4563096,0.00100914201504374,"STRG.5670"
45113,0,"arahy.Tifrunner.gnm2.ann2.Ah13g355600",-4.407017,-0.2529042,1.04803837172548e-05,0.000937345753132234,0,-0.2529042,0.000937345753132234,"arahy.Tifrunner.gnm2.ann2.Ah13g355600"
45114,0,"STRG.1570",-4.4090905,-1.4542211,1.03805737881874e-05,0.000930246537664254,0,-1.4542211,0.000930246537664254,"STRG.1570"
45115,0,"arahy.Tifrunner.gnm2.ann2.Ah16g057000",-4.411479,-0.81360286,1.02666915960033e-05,0.000921855755850998,0,-0.81360286,0.000921855755850998,"arahy.Tifrunner.gnm2.ann2.Ah16g057000"
45116,0,"STRG.993",-4.421363,-0.26896498,9.80803087987124e-06,0.000882412643824621,0,-0.26896498,0.000882412643824621,"STRG.993"
45117,0,"arahy.Tifrunner.gnm2.ann2.Ah17g011000",-4.435388,-2.3402553,9.19064733066013e-06,0.000828505008081132,0,-2.3402553,0.000828505008081132,"arahy.Tifrunner.gnm2.ann2.Ah17g011000"
45118,0,"arahy.Tifrunner.gnm2.ann2.Ah15g103900",-4.453996,-0.7545755,8.42865210202301e-06,0.000761321345818443,0,-0.7545755,0.000761321345818443,"arahy.Tifrunner.gnm2.ann2.Ah15g103900"
45119,0,"arahy.Tifrunner.gnm2.ann2.Ah16g511600",-4.4577527,-1.2992182,8.28232877666541e-06,0.000749591918944167,0,-1.2992182,0.000749591918944167,"arahy.Tifrunner.gnm2.ann2.Ah16g511600"
45120,0,"arahy.Tifrunner.gnm2.ann2.Ah01g432700",-4.4650397,-0.34318796,8.0053835770519e-06,0.000727419325272876,0,-0.34318796,0.000727419325272876,"arahy.Tifrunner.gnm2.ann2.Ah01g432700"
45121,0,"arahy.Tifrunner.gnm2.ann2.Ah06g104900",-4.475479,-0.80328166,7.62402118944081e-06,0.000694151881256207,0,-0.80328166,0.000694151881256207,"arahy.Tifrunner.gnm2.ann2.Ah06g104900"
45122,0,"arahy.Tifrunner.gnm2.ann2.Ah03g011800",-4.4837956,-1.9332896,7.3326864800207e-06,0.00066896436736766,0,-1.9332896,0.00066896436736766,"arahy.Tifrunner.gnm2.ann2.Ah03g011800"
45123,0,"arahy.Tifrunner.gnm2.ann2.Ah19g102400",-4.4868827,-1.375104,7.22727765470652e-06,0.000660671863359156,0,-1.375104,0.000660671863359156,"arahy.Tifrunner.gnm2.ann2.Ah19g102400"
45124,0,"arahy.Tifrunner.gnm2.ann2.Ah09g079400",-4.4894934,-1.4166871,7.13928238601256e-06,0.000656583214829971,0,-1.4166871,0.000656583214829971,"arahy.Tifrunner.gnm2.ann2.Ah09g079400"
45125,0,"arahy.Tifrunner.gnm2.ann2.Ah05g383100",-4.5065856,-0.38187563,6.58790906680498e-06,0.000607101158617875,0,-0.38187563,0.000607101158617875,"arahy.Tifrunner.gnm2.ann2.Ah05g383100"
45126,0,"arahy.Tifrunner.gnm2.ann2.Ah13g030300",-4.5202284,-2.0309567,6.17729735992119e-06,0.000570416399620795,0,-2.0309567,0.000570416399620795,"arahy.Tifrunner.gnm2.ann2.Ah13g030300"
45127,0,"arahy.Tifrunner.gnm2.ann2.Ah12g182500",-4.5318203,-1.5718805,5.84775845258066e-06,0.000542186060682856,0,-1.5718805,0.000542186060682856,"arahy.Tifrunner.gnm2.ann2.Ah12g182500"
45128,0,"arahy.Tifrunner.gnm2.ann2.Ah12g147700",-4.5379725,-0.3176765,5.67977313426976e-06,0.000527685698294891,0,-0.3176765,0.000527685698294891,"arahy.Tifrunner.gnm2.ann2.Ah12g147700"
45129,0,"arahy.Tifrunner.gnm2.ann2.Ah10g276600",-4.5425773,-0.7255788,5.55706201100427e-06,0.000517340881368013,0,-0.7255788,0.000517340881368013,"arahy.Tifrunner.gnm2.ann2.Ah10g276600"
45130,0,"arahy.Tifrunner.gnm2.ann2.Ah03g580000",-4.5499225,-2.0536084,5.36656945321208e-06,0.000500630548745957,0,-2.0536084,0.000500630548745957,"arahy.Tifrunner.gnm2.ann2.Ah03g580000"
45131,0,"STRG.2908",-4.5555058,-0.6635145,5.22596858422308e-06,0.000488515387737519,0,-0.6635145,0.000488515387737519,"STRG.2908"
45132,0,"STRG.4468",-4.55922,-0.67208415,5.13440229002822e-06,0.000480943477060174,0,-0.67208415,0.000480943477060174,"STRG.4468"
45133,0,"arahy.Tifrunner.gnm2.ann2.Ah18g446800",-4.5726275,-3.005095,4.81646355386167e-06,0.000452092137785564,0,-3.005095,0.000452092137785564,"arahy.Tifrunner.gnm2.ann2.Ah18g446800"
45134,0,"arahy.Tifrunner.gnm2.ann2.Ah13g107700",-4.574828,-0.36020342,4.76611448877031e-06,0.000448290487575991,0,-0.36020342,0.000448290487575991,"arahy.Tifrunner.gnm2.ann2.Ah13g107700"
45135,0,"arahy.Tifrunner.gnm2.ann2.Ah06g419500",-4.5751524,-1.0158939,4.75873041835509e-06,0.000448290487575991,0,-1.0158939,0.000448290487575991,"arahy.Tifrunner.gnm2.ann2.Ah06g419500"
45136,0,"arahy.Tifrunner.gnm2.ann2.Ah20g090300",-4.5873804,-2.040136,4.48842491895878e-06,0.000423923352719252,0,-2.040136,0.000423923352719252,"arahy.Tifrunner.gnm2.ann2.Ah20g090300"
45137,0,"arahy.Tifrunner.gnm2.ann2.Ah01g100100",-4.6034317,-0.54871595,4.15585254569921e-06,0.000393328547381312,0,-0.54871595,0.000393328547381312,"arahy.Tifrunner.gnm2.ann2.Ah01g100100"
45138,0,"arahy.Tifrunner.gnm2.ann2.Ah04g202400",-4.610177,-2.308492,4.02326203418771e-06,0.000381572876759087,0,-2.308492,0.000381572876759087,"arahy.Tifrunner.gnm2.ann2.Ah04g202400"
45139,0,"arahy.Tifrunner.gnm2.ann2.Ah20g435500",-4.614236,-0.72501016,3.94544290332264e-06,0.000374973575638539,0,-0.72501016,0.000374973575638539,"arahy.Tifrunner.gnm2.ann2.Ah20g435500"
45140,0,"STRG.3418",-4.623146,-1.1443052,3.77963811232436e-06,0.000359967040639026,0,-1.1443052,0.000359967040639026,"STRG.3418"
45141,0,"STRG.6276",-4.6374245,-0.7986945,3.52777823463172e-06,0.000337391967128938,0,-0.7986945,0.000337391967128938,"STRG.6276"
45142,0,"STRG.7352",-4.644962,-1.3719556,3.40139124755692e-06,0.000325989337165855,0,-1.3719556,0.000325989337165855,"STRG.7352"
45143,0,"arahy.Tifrunner.gnm2.ann2.Ah20g435800",-4.6618104,-3.1457126,3.13439864272879e-06,0.000301034522809252,0,-3.1457126,0.000301034522809252,"arahy.Tifrunner.gnm2.ann2.Ah20g435800"
45144,0,"arahy.Tifrunner.gnm2.ann2.Ah13g274600",-4.674891,-2.0088,2.94109589325461e-06,0.000283066489311887,0,-2.0088,0.000283066489311887,"arahy.Tifrunner.gnm2.ann2.Ah13g274600"
45145,0,"arahy.Tifrunner.gnm2.ann2.Ah11g069400",-4.676543,-1.5125723,2.91751021537306e-06,0.000281391387806447,0,-1.5125723,0.000281391387806447,"arahy.Tifrunner.gnm2.ann2.Ah11g069400"
45146,0,"arahy.Tifrunner.gnm2.ann2.Ah18g315600",-4.684249,-1.8559252,2.80988391118654e-06,0.000271586316715194,0,-1.8559252,0.000271586316715194,"arahy.Tifrunner.gnm2.ann2.Ah18g315600"
45147,0,"arahy.Tifrunner.gnm2.ann2.Ah14g089100",-4.6851196,-0.36418283,2.79796286314928e-06,0.000271009492302144,0,-0.36418283,0.000271009492302144,"arahy.Tifrunner.gnm2.ann2.Ah14g089100"
45148,0,"STRG.4632",-4.6908193,-1.466837,2.72112966641336e-06,0.000264129439091262,0,-1.466837,0.000264129439091262,"STRG.4632"
45149,0,"arahy.Tifrunner.gnm2.ann2.Ah13g288100",-4.72943,-0.87073934,2.25150684894165e-06,0.00021901196109235,0,-0.87073934,0.00021901196109235,"arahy.Tifrunner.gnm2.ann2.Ah13g288100"
45150,0,"arahy.Tifrunner.gnm2.ann2.Ah11g465000",-4.730619,-1.8884878,2.2383616634239e-06,0.000218199521125716,0,-1.8884878,0.000218199521125716,"arahy.Tifrunner.gnm2.ann2.Ah11g465000"
45151,0,"STRG.5033",-4.731134,-0.36221102,2.2326907947054e-06,0.000218113767678474,0,-0.36221102,0.000218113767678474,"STRG.5033"
45152,0,"STRG.5349",-4.7331285,-0.64223254,2.21085231149959e-06,0.00021644481855636,0,-0.64223254,0.00021644481855636,"STRG.5349"
45153,0,"arahy.Tifrunner.gnm2.ann2.Ah14g038000",-4.7529883,-1.4320396,2.00432067245355e-06,0.000197072773850487,0,-1.4320396,0.000197072773850487,"arahy.Tifrunner.gnm2.ann2.Ah14g038000"
45154,0,"STRG.1535",-4.759028,-0.2541485,1.94527264335716e-06,0.000191680934667081,0,-0.2541485,0.000191680934667081,"STRG.1535"
45155,0,"STRG.7097",-4.7616677,-0.40667698,1.91999725084562e-06,0.000189600769734264,0,-0.40667698,0.000189600769734264,"STRG.7097"
45156,0,"arahy.Tifrunner.gnm2.ann2.Ah14g362400",-4.764954,-1.2649502,1.88896707454881e-06,0.000186942037177739,0,-1.2649502,0.000186942037177739,"arahy.Tifrunner.gnm2.ann2.Ah14g362400"
45157,0,"arahy.Tifrunner.gnm2.ann2.Ah14g069800",-4.7716613,-1.2981855,1.82712681590326e-06,0.000181215950255294,0,-1.2981855,0.000181215950255294,"arahy.Tifrunner.gnm2.ann2.Ah14g069800"
45158,0,"arahy.Tifrunner.gnm2.ann2.Ah11g040000",-4.7970796,-1.7954934,1.60995814899544e-06,0.000160375787253541,0,-1.7954934,0.000160375787253541,"arahy.Tifrunner.gnm2.ann2.Ah11g040000"
45159,0,"arahy.Tifrunner.gnm2.ann2.Ah20g094400",-4.8010554,-1.2884592,1.57831666739975e-06,0.000157568613962075,0,-1.2884592,0.000157568613962075,"arahy.Tifrunner.gnm2.ann2.Ah20g094400"
45160,0,"STRG.3834",-4.8027925,-0.8499904,1.56467978827553e-06,0.000156550511387813,0,-0.8499904,0.000156550511387813,"STRG.3834"
45161,0,"STRG.200",-4.8073907,-0.28144205,1.52912872665494e-06,0.000153330520159117,0,-0.28144205,0.000153330520159117,"STRG.200"
45162,0,"STRG.954",-4.821772,-0.5752531,1.4228836006116e-06,0.000143308303173102,0,-0.5752531,0.000143308303173102,"STRG.954"
45163,0,"arahy.Tifrunner.gnm2.ann2.Ah15g181700",-4.856629,-0.94259787,1.19401129700199e-06,0.000120791489521597,0,-0.94259787,0.000120791489521597,"arahy.Tifrunner.gnm2.ann2.Ah15g181700"
45164,0,"arahy.Tifrunner.gnm2.ann2.Ah11g001500",-4.8613434,-0.5921896,1.16591739143339e-06,0.000118212078680654,0,-0.5921896,0.000118212078680654,"arahy.Tifrunner.gnm2.ann2.Ah11g001500"
45165,0,"arahy.Tifrunner.gnm2.ann2.Ah20g394100",-4.874722,-1.0850264,1.08961808336639e-06,0.000110970410799041,0,-1.0850264,0.000110970410799041,"arahy.Tifrunner.gnm2.ann2.Ah20g394100"
45166,0,"arahy.Tifrunner.gnm2.ann2.Ah10g348200",-4.9018908,-0.6721176,9.49185846700626e-07,9.68850593838549e-05,0,-0.6721176,9.68850593838549e-05,"arahy.Tifrunner.gnm2.ann2.Ah10g348200"
45167,0,"arahy.Tifrunner.gnm2.ann2.Ah15g482300",-4.9095697,-1.6340625,9.1276515621991e-07,9.3376901060124e-05,0,-1.6340625,9.3376901060124e-05,"arahy.Tifrunner.gnm2.ann2.Ah15g482300"
45168,0,"arahy.Tifrunner.gnm2.ann2.Ah07g011600",-4.911611,-2.2610433,9.03310057877613e-07,9.2617763682028e-05,0,-2.2610433,9.2617763682028e-05,"arahy.Tifrunner.gnm2.ann2.Ah07g011600"
45169,0,"arahy.Tifrunner.gnm2.ann2.Ah13g425600",-4.9168386,-0.38477817,8.79529952178643e-07,9.03831186071796e-05,0,-0.38477817,9.03831186071796e-05,"arahy.Tifrunner.gnm2.ann2.Ah13g425600"
45170,0,"STRG.1895",-4.9263577,-0.87452066,8.37766246324685e-07,8.62861325739479e-05,0,-0.87452066,8.62861325739479e-05,"STRG.1895"
45171,0,"arahy.Tifrunner.gnm2.ann2.Ah03g109100",-4.9302416,-1.4381208,8.21279318399669e-07,8.47798632445046e-05,0,-1.4381208,8.47798632445046e-05,"arahy.Tifrunner.gnm2.ann2.Ah03g109100"
45172,0,"arahy.Tifrunner.gnm2.ann2.Ah13g068900",-4.936678,-1.0701629,7.94645164206566e-07,8.22168783075902e-05,0,-1.0701629,8.22168783075902e-05,"arahy.Tifrunner.gnm2.ann2.Ah13g068900"
45173,0,"STRG.3760",-4.9386034,-1.1043643,7.8684107591054e-07,8.15948818673153e-05,0,-1.1043643,8.15948818673153e-05,"STRG.3760"
45174,0,"arahy.Tifrunner.gnm2.ann2.Ah03g043100",-4.9562263,-1.1621821,7.18754921480007e-07,7.47045640307211e-05,0,-1.1621821,7.47045640307211e-05,"arahy.Tifrunner.gnm2.ann2.Ah03g043100"
45175,0,"arahy.Tifrunner.gnm2.ann2.Ah19g359800",-4.964653,-1.8416084,6.88240899682933e-07,7.16967476365351e-05,0,-1.8416084,7.16967476365351e-05,"arahy.Tifrunner.gnm2.ann2.Ah19g359800"
45176,0,"arahy.Tifrunner.gnm2.ann2.Ah15g189000",-4.9750786,-0.74347544,6.52212363814966e-07,6.80993478218177e-05,0,-0.74347544,6.80993478218177e-05,"arahy.Tifrunner.gnm2.ann2.Ah15g189000"
45177,0,"arahy.Tifrunner.gnm2.ann2.Ah19g465100",-4.977785,-0.5090956,6.43160423863562e-07,6.73085865194593e-05,0,-0.5090956,6.73085865194593e-05,"arahy.Tifrunner.gnm2.ann2.Ah19g465100"
45178,0,"arahy.Tifrunner.gnm2.ann2.Ah03g177600",-4.982683,-2.1546926,6.27085505722865e-07,6.57775128168841e-05,0,-2.1546926,6.57775128168841e-05,"arahy.Tifrunner.gnm2.ann2.Ah03g177600"
45179,0,"STRG.1230",-4.991954,-0.7105832,5.9771578037316e-07,6.284160089078e-05,0,-0.7105832,6.284160089078e-05,"STRG.1230"
45180,0,"arahy.Tifrunner.gnm2.ann2.Ah18g427500",-5.012212,-0.45609093,5.38079526782477e-07,5.69663543656872e-05,0,-0.45609093,5.69663543656872e-05,"arahy.Tifrunner.gnm2.ann2.Ah18g427500"
45181,0,"STRG.3788",-5.0154533,-1.4237057,5.29085595959105e-07,5.61447381595392e-05,0,-1.4237057,5.61447381595392e-05,"STRG.3788"
45182,0,"arahy.Tifrunner.gnm2.ann2.Ah03g009400",-5.018075,-1.2843956,5.21918372012144e-07,5.5513579363273e-05,0,-1.2843956,5.5513579363273e-05,"arahy.Tifrunner.gnm2.ann2.Ah03g009400"
45183,0,"arahy.Tifrunner.gnm2.ann2.Ah10g343300",-5.0210996,-2.4543319,5.13765735550102e-07,5.47744059606156e-05,0,-2.4543319,5.47744059606156e-05,"arahy.Tifrunner.gnm2.ann2.Ah10g343300"
45184,0,"arahy.Tifrunner.gnm2.ann2.Ah19g547300",-5.021838,-0.40312907,5.1179308469496e-07,5.46921793137402e-05,0,-0.40312907,5.46921793137402e-05,"arahy.Tifrunner.gnm2.ann2.Ah19g547300"
45185,0,"arahy.Tifrunner.gnm2.ann2.Ah10g408400",-5.0312743,-0.40549353,4.87230592987513e-07,5.2189848270973e-05,0,-0.40549353,5.2189848270973e-05,"arahy.Tifrunner.gnm2.ann2.Ah10g408400"
45186,0,"arahy.Tifrunner.gnm2.ann2.Ah13g645700",-5.03585,-0.8216263,4.75732626553095e-07,5.10784247434035e-05,0,-0.8216263,5.10784247434035e-05,"arahy.Tifrunner.gnm2.ann2.Ah13g645700"
45187,0,"STRG.5322",-5.04697,-0.31354082,4.48872333282486e-07,4.83084257691535e-05,0,-0.31354082,4.83084257691535e-05,"STRG.5322"
45188,0,"arahy.Tifrunner.gnm2.ann2.Ah01g036700",-5.051156,-0.46672058,4.39143904186931e-07,4.73734291331892e-05,0,-0.46672058,4.73734291331892e-05,"arahy.Tifrunner.gnm2.ann2.Ah01g036700"
45189,0,"STRG.3393",-5.0701694,-1.2445351,3.97461730054351e-07,4.31838849618002e-05,0,-1.2445351,4.31838849618002e-05,"STRG.3393"
45190,0,"arahy.Tifrunner.gnm2.ann2.Ah11g444200",-5.071349,-2.1567938,3.95005172093881e-07,4.30196541971336e-05,0,-2.1567938,4.30196541971336e-05,"arahy.Tifrunner.gnm2.ann2.Ah11g444200"
45191,0,"arahy.Tifrunner.gnm2.ann2.Ah14g044900",-5.100083,-0.9346369,3.39504700864704e-07,3.70638177509947e-05,0,-0.9346369,3.70638177509947e-05,"arahy.Tifrunner.gnm2.ann2.Ah14g044900"
45192,0,"arahy.Tifrunner.gnm2.ann2.Ah06g197600",-5.1063175,-0.43894604,3.28497208260074e-07,3.59483339154605e-05,0,-0.43894604,3.59483339154605e-05,"arahy.Tifrunner.gnm2.ann2.Ah06g197600"
45193,0,"arahy.Tifrunner.gnm2.ann2.Ah12g086600",-5.106412,-0.97308725,3.28333873180326e-07,3.59483339154605e-05,0,-0.97308725,3.59483339154605e-05,"arahy.Tifrunner.gnm2.ann2.Ah12g086600"
45194,0,"arahy.Tifrunner.gnm2.ann2.Ah03g553700",-5.111368,-1.9550468,3.19833903120336e-07,3.51693686126815e-05,0,-1.9550468,3.51693686126815e-05,"arahy.Tifrunner.gnm2.ann2.Ah03g553700"
45195,0,"STRG.2319",-5.11746,-1.1447982,3.09678176511634e-07,3.41350830690451e-05,0,-1.1447982,3.41350830690451e-05,"STRG.2319"
45196,0,"STRG.313",-5.128922,-1.203491,2.91406261002984e-07,3.21989772473297e-05,0,-1.203491,3.21989772473297e-05,"STRG.313"
45197,0,"arahy.Tifrunner.gnm2.ann2.Ah08g063700",-5.1322484,-1.6252759,2.86301049922791e-07,3.17118467072631e-05,0,-1.6252759,3.17118467072631e-05,"arahy.Tifrunner.gnm2.ann2.Ah08g063700"
45198,0,"STRG.3290",-5.1344337,-0.4325635,2.82995074191461e-07,3.14221164816879e-05,0,-0.4325635,3.14221164816879e-05,"STRG.3290"
45199,0,"arahy.Tifrunner.gnm2.ann2.Ah08g213900",-5.13517,-1.9981318,2.81888993619843e-07,3.13758301847181e-05,0,-1.9981318,3.13758301847181e-05,"arahy.Tifrunner.gnm2.ann2.Ah08g213900"
45200,0,"STRG.5256",-5.152325,-0.8212803,2.57276350498806e-07,2.87064916179109e-05,0,-0.8212803,2.87064916179109e-05,"STRG.5256"
45201,0,"arahy.Tifrunner.gnm2.ann2.Ah10g253500",-5.1558356,-0.462535,2.5250248518301e-07,2.82430543869075e-05,0,-0.462535,2.82430543869075e-05,"arahy.Tifrunner.gnm2.ann2.Ah10g253500"
45202,0,"arahy.Tifrunner.gnm2.ann2.Ah19g073100",-5.15869,-1.786621,2.48683861055565e-07,2.78844435731368e-05,0,-1.786621,2.78844435731368e-05,"arahy.Tifrunner.gnm2.ann2.Ah19g073100"
45203,0,"arahy.Tifrunner.gnm2.ann2.Ah03g414700",-5.1639037,-2.3907027,2.41852047927878e-07,2.71853645181943e-05,0,-2.3907027,2.71853645181943e-05,"arahy.Tifrunner.gnm2.ann2.Ah03g414700"
45204,0,"arahy.Tifrunner.gnm2.ann2.Ah08g228200",-5.1696463,-2.1348474,2.34537781434243e-07,2.64284603020111e-05,0,-2.1348474,2.64284603020111e-05,"arahy.Tifrunner.gnm2.ann2.Ah08g228200"
45205,0,"STRG.2936",-5.174701,-1.3539953,2.2827620609367e-07,2.57867146556036e-05,0,-1.3539953,2.57867146556036e-05,"STRG.2936"
45206,0,"arahy.Tifrunner.gnm2.ann2.Ah03g069100",-5.186725,-1.0324874,2.14024304492375e-07,2.4236921486843e-05,0,-1.0324874,2.4236921486843e-05,"arahy.Tifrunner.gnm2.ann2.Ah03g069100"
45207,0,"arahy.Tifrunner.gnm2.ann2.Ah16g092600",-5.2165713,-3.0026221,1.82265301272294e-07,2.07436139377998e-05,0,-3.0026221,2.07436139377998e-05,"arahy.Tifrunner.gnm2.ann2.Ah16g092600"
45208,0,"STRG.3176",-5.221987,-0.9597383,1.77013540561172e-07,2.0196402056408e-05,0,-0.9597383,2.0196402056408e-05,"STRG.3176"
45209,0,"arahy.Tifrunner.gnm2.ann2.Ah03g366300",-5.255032,-2.480132,1.47998494535114e-07,1.69709910962633e-05,0,-2.480132,1.69709910962633e-05,"arahy.Tifrunner.gnm2.ann2.Ah03g366300"
45210,0,"STRG.5300",-5.269311,-1.4323547,1.3693698745941e-07,1.57422207502581e-05,0,-1.4323547,1.57422207502581e-05,"STRG.5300"
45211,0,"arahy.Tifrunner.gnm2.ann2.Ah01g079700",-5.282512,-0.7681771,1.27424248560875e-07,1.46857252948994e-05,0,-0.7681771,1.46857252948994e-05,"arahy.Tifrunner.gnm2.ann2.Ah01g079700"
45212,0,"STRG.6681",-5.290341,-1.0927022,1.22088468502834e-07,1.41064858886371e-05,0,-1.0927022,1.41064858886371e-05,"STRG.6681"
45213,0,"arahy.Tifrunner.gnm2.ann2.Ah13g089500",-5.2970324,-1.5618635,1.17699721536639e-07,1.36340003135724e-05,0,-1.5618635,1.36340003135724e-05,"arahy.Tifrunner.gnm2.ann2.Ah13g089500"
45214,0,"STRG.821",-5.312793,-1.0431296,1.07957649882678e-07,1.26017027006642e-05,0,-1.0431296,1.26017027006642e-05,"STRG.821"
45215,0,"arahy.Tifrunner.gnm2.ann2.Ah06g301900",-5.314293,-1.3703698,1.0707226242107e-07,1.25304824536164e-05,0,-1.3703698,1.25304824536164e-05,"arahy.Tifrunner.gnm2.ann2.Ah06g301900"
45216,0,"arahy.Tifrunner.gnm2.ann2.Ah16g512800",-5.3282447,-1.8711883,9.91665707558125e-08,1.16652686488052e-05,0,-1.8711883,1.16652686488052e-05,"arahy.Tifrunner.gnm2.ann2.Ah16g512800"
45217,0,"arahy.Tifrunner.gnm2.ann2.Ah03g577600",-5.3551445,-0.45254594,8.54879659114721e-08,1.0082264663611e-05,0,-0.45254594,1.0082264663611e-05,"arahy.Tifrunner.gnm2.ann2.Ah03g577600"
45218,0,"arahy.Tifrunner.gnm2.ann2.Ah16g100500",-5.3708267,-1.9235195,7.83764533586376e-08,9.29169182994431e-06,0,-1.9235195,9.29169182994431e-06,"arahy.Tifrunner.gnm2.ann2.Ah16g100500"
45219,0,"arahy.Tifrunner.gnm2.ann2.Ah03g141000",-5.3731103,-2.4229355,7.73899611784308e-08,9.19869606445662e-06,0,-2.4229355,9.19869606445662e-06,"arahy.Tifrunner.gnm2.ann2.Ah03g141000"
45220,0,"arahy.Tifrunner.gnm2.ann2.Ah17g201300",-5.3951616,-0.44077447,6.84619528963433e-08,8.15880089961554e-06,0,-0.44077447,8.15880089961554e-06,"arahy.Tifrunner.gnm2.ann2.Ah17g201300"
45221,0,"arahy.Tifrunner.gnm2.ann2.Ah13g332400",-5.407837,-1.7125856,6.37904386198945e-08,7.62203655572724e-06,0,-1.7125856,7.62203655572724e-06,"arahy.Tifrunner.gnm2.ann2.Ah13g332400"
45222,0,"arahy.Tifrunner.gnm2.ann2.Ah19g554200",-5.409794,-1.479366,6.3097419327174e-08,7.55907083539544e-06,0,-1.479366,7.55907083539544e-06,"arahy.Tifrunner.gnm2.ann2.Ah19g554200"
45223,0,"STRG.1364",-5.4238815,-0.73185277,5.83184663772261e-08,7.00498644685182e-06,0,-0.73185277,7.00498644685182e-06,"STRG.1364"
45224,0,"arahy.Tifrunner.gnm2.ann2.Ah17g464700",-5.425111,-0.70156187,5.7918598273844e-08,6.97536049687427e-06,0,-0.70156187,6.97536049687427e-06,"arahy.Tifrunner.gnm2.ann2.Ah17g464700"
45225,0,"arahy.Tifrunner.gnm2.ann2.Ah08g043700",-5.4271817,-2.0417004,5.72508695531289e-08,6.91323232237836e-06,0,-2.0417004,6.91323232237836e-06,"arahy.Tifrunner.gnm2.ann2.Ah08g043700"
45226,0,"arahy.Tifrunner.gnm2.ann2.Ah19g415300",-5.4302063,-1.3296809,5.62890111599894e-08,6.81516208523234e-06,0,-1.3296809,6.81516208523234e-06,"arahy.Tifrunner.gnm2.ann2.Ah19g415300"
45227,0,"arahy.Tifrunner.gnm2.ann2.Ah07g335300",-5.4592824,-2.0796492,4.78063057963872e-08,5.80355804019928e-06,0,-2.0796492,5.80355804019928e-06,"arahy.Tifrunner.gnm2.ann2.Ah07g335300"
45228,0,"arahy.Tifrunner.gnm2.ann2.Ah11g113800",-5.464259,-2.4003837,4.64844553213887e-08,5.65817739051042e-06,0,-2.4003837,5.65817739051042e-06,"arahy.Tifrunner.gnm2.ann2.Ah11g113800"
45229,0,"arahy.Tifrunner.gnm2.ann2.Ah11g065500",-5.5006447,-0.48838806,3.78405396422855e-08,4.61837192138179e-06,0,-0.48838806,4.61837192138179e-06,"arahy.Tifrunner.gnm2.ann2.Ah11g065500"
45230,0,"STRG.6031",-5.5091786,-0.365618,3.60512260688444e-08,4.41181724612385e-06,0,-0.365618,4.41181724612385e-06,"STRG.6031"
45231,0,"arahy.Tifrunner.gnm2.ann2.Ah08g295000",-5.5314445,-1.4889742,3.1760422278107e-08,3.89720071102033e-06,0,-1.4889742,3.89720071102033e-06,"arahy.Tifrunner.gnm2.ann2.Ah08g295000"
45232,0,"STRG.4490",-5.5498333,-1.1078559,2.85942191871734e-08,3.52770524194277e-06,0,-1.1078559,3.52770524194277e-06,"STRG.4490"
45233,0,"arahy.Tifrunner.gnm2.ann2.Ah05g164300",-5.556847,-1.4396458,2.74691178634953e-08,3.39810902613522e-06,0,-1.4396458,3.39810902613522e-06,"arahy.Tifrunner.gnm2.ann2.Ah05g164300"
45234,0,"arahy.Tifrunner.gnm2.ann2.Ah02g012100",-5.5612416,-1.8180537,2.67861959624204e-08,3.3226560898998e-06,0,-1.8180537,3.3226560898998e-06,"arahy.Tifrunner.gnm2.ann2.Ah02g012100"
45235,0,"arahy.Tifrunner.gnm2.ann2.Ah10g067500",-5.5684414,-1.6596851,2.57028145253551e-08,3.19698067883133e-06,0,-1.6596851,3.19698067883133e-06,"arahy.Tifrunner.gnm2.ann2.Ah10g067500"
45236,0,"arahy.Tifrunner.gnm2.ann2.Ah16g382700",-5.6329966,-1.4435618,1.77105076734021e-08,2.20891274335331e-06,0,-1.4435618,2.20891274335331e-06,"arahy.Tifrunner.gnm2.ann2.Ah16g382700"
45237,0,"STRG.2590",-5.642529,-1.08176,1.67570434302172e-08,2.09573528878353e-06,0,-1.08176,2.09573528878353e-06,"STRG.2590"
45238,0,"arahy.Tifrunner.gnm2.ann2.Ah09g358600",-5.6529994,-1.1495299,1.57671984647885e-08,1.97737174355656e-06,0,-1.1495299,1.97737174355656e-06,"arahy.Tifrunner.gnm2.ann2.Ah09g358600"
45239,0,"arahy.Tifrunner.gnm2.ann2.Ah02g037800",-5.668574,-2.331527,1.43990966579622e-08,1.81078584601401e-06,0,-2.331527,1.81078584601401e-06,"arahy.Tifrunner.gnm2.ann2.Ah02g037800"
45240,0,"arahy.Tifrunner.gnm2.ann2.Ah02g154500",-5.722614,-1.4855798,1.04897489440374e-08,1.32281255104809e-06,0,-1.4855798,1.32281255104809e-06,"arahy.Tifrunner.gnm2.ann2.Ah02g154500"
45241,0,"arahy.Tifrunner.gnm2.ann2.Ah19g463600",-5.7304673,-0.36303607,1.00154374830691e-08,1.26650771105344e-06,0,-0.36303607,1.26650771105344e-06,"arahy.Tifrunner.gnm2.ann2.Ah19g463600"
45242,0,"arahy.Tifrunner.gnm2.ann2.Ah18g415800",-5.7391176,-0.58018893,9.51711363179858e-09,1.20684423669637e-06,0,-0.58018893,1.20684423669637e-06,"arahy.Tifrunner.gnm2.ann2.Ah18g415800"
45243,0,"STRG.1014",-5.7503314,-0.72159404,8.90687836982223e-09,1.13578916220669e-06,0,-0.72159404,1.13578916220669e-06,"STRG.1014"
45244,0,"STRG.6439",-5.760224,-0.61001265,8.40023673226785e-09,1.07419207022405e-06,0,-0.61001265,1.07419207022405e-06,"STRG.6439"
45245,0,"arahy.Tifrunner.gnm2.ann2.Ah05g100700",-5.7667165,-0.64496416,8.08309682378401e-09,1.03654901353787e-06,0,-0.64496416,1.03654901353787e-06,"arahy.Tifrunner.gnm2.ann2.Ah05g100700"
45246,0,"arahy.Tifrunner.gnm2.ann2.Ah20g505400",-5.7668347,-0.44786194,8.07741054469953e-09,1.03654901353787e-06,0,-0.44786194,1.03654901353787e-06,"arahy.Tifrunner.gnm2.ann2.Ah20g505400"
45247,0,"arahy.Tifrunner.gnm2.ann2.Ah04g427500",-5.775165,-2.0881407,7.68776594205508e-09,9.91438687666049e-07,0,-2.0881407,9.91438687666049e-07,"arahy.Tifrunner.gnm2.ann2.Ah04g427500"
45248,0,"arahy.Tifrunner.gnm2.ann2.Ah16g098500",-5.784561,-2.3157194,7.27019658282408e-09,9.40251219421828e-07,0,-2.3157194,9.40251219421828e-07,"arahy.Tifrunner.gnm2.ann2.Ah16g098500"
45249,0,"arahy.Tifrunner.gnm2.ann2.Ah13g172500",-5.7938223,-1.2230873,6.88022001191239e-09,8.92350814308546e-07,0,-1.2230873,8.92350814308546e-07,"arahy.Tifrunner.gnm2.ann2.Ah13g172500"
45250,0,"STRG.2287",-5.7971582,-0.5754849,6.74481000496775e-09,8.77287801903291e-07,0,-0.5754849,8.77287801903291e-07,"STRG.2287"
45251,0,"arahy.Tifrunner.gnm2.ann2.Ah03g329200",-5.8010983,-1.1490573,6.58819963598554e-09,8.59373066557609e-07,0,-1.1490573,8.59373066557609e-07,"arahy.Tifrunner.gnm2.ann2.Ah03g329200"
45252,0,"STRG.3635",-5.801595,-1.7343776,6.56869835037951e-09,8.59291447421485e-07,0,-1.7343776,8.59291447421485e-07,"STRG.3635"
45253,0,"arahy.Tifrunner.gnm2.ann2.Ah03g088200",-5.8150654,-2.7305727,6.06101627100609e-09,7.95163414182367e-07,0,-2.7305727,7.95163414182367e-07,"arahy.Tifrunner.gnm2.ann2.Ah03g088200"
45254,0,"arahy.Tifrunner.gnm2.ann2.Ah12g169700",-5.8171406,-1.5492698,5.98627396189157e-09,7.87627560234543e-07,0,-1.5492698,7.87627560234543e-07,"arahy.Tifrunner.gnm2.ann2.Ah12g169700"
45255,0,"arahy.Tifrunner.gnm2.ann2.Ah03g105800",-5.846797,-2.0417082,5.01129058672244e-09,6.61257949767978e-07,0,-2.0417082,6.61257949767978e-07,"arahy.Tifrunner.gnm2.ann2.Ah03g105800"
45256,0,"arahy.Tifrunner.gnm2.ann2.Ah01g059100",-5.848026,-2.4129088,4.97441294438804e-09,6.58299926977678e-07,0,-2.4129088,6.58299926977678e-07,"arahy.Tifrunner.gnm2.ann2.Ah01g059100"
45257,0,"STRG.4979",-5.8556395,-0.9429036,4.75177512735453e-09,6.30670002617166e-07,0,-0.9429036,6.30670002617166e-07,"STRG.4979"
45258,0,"arahy.Tifrunner.gnm2.ann2.Ah14g003700",-5.8575134,-0.56231844,4.69848777736229e-09,6.25420928586669e-07,0,-0.56231844,6.25420928586669e-07,"arahy.Tifrunner.gnm2.ann2.Ah14g003700"
45259,0,"arahy.Tifrunner.gnm2.ann2.Ah10g086700",-5.8912506,-2.9230845,3.8328365700095e-09,5.11689302091239e-07,0,-2.9230845,5.11689302091239e-07,"arahy.Tifrunner.gnm2.ann2.Ah10g086700"
45260,0,"arahy.Tifrunner.gnm2.ann2.Ah15g102800",-5.893353,-0.66049916,3.7843723225441e-09,5.06705192974992e-07,0,-0.66049916,5.06705192974992e-07,"arahy.Tifrunner.gnm2.ann2.Ah15g102800"
45261,0,"arahy.Tifrunner.gnm2.ann2.Ah17g411500",-5.9133196,-0.718337,3.35280383600089e-09,4.5024496115075e-07,0,-0.718337,4.5024496115075e-07,"arahy.Tifrunner.gnm2.ann2.Ah17g411500"
45262,0,"STRG.6520",-5.9164157,-0.5264285,3.29032625893645e-09,4.43162167490601e-07,0,-0.5264285,4.43162167490601e-07,"STRG.6520"
45263,0,"STRG.5287",-5.918254,-1.3562219,3.25377497130118e-09,4.39539619565326e-07,0,-1.3562219,4.39539619565326e-07,"STRG.5287"
45264,0,"arahy.Tifrunner.gnm2.ann2.Ah02g034100",-5.9437394,-0.51022017,2.78592700000522e-09,3.78586688800709e-07,0,-0.51022017,3.78586688800709e-07,"arahy.Tifrunner.gnm2.ann2.Ah02g034100"
45265,0,"arahy.Tifrunner.gnm2.ann2.Ah16g155200",-5.9497366,-1.6152765,2.68574197533974e-09,3.66065023010079e-07,0,-1.6152765,3.66065023010079e-07,"arahy.Tifrunner.gnm2.ann2.Ah16g155200"
45266,0,"arahy.Tifrunner.gnm2.ann2.Ah03g472300",-5.9789696,-0.7260697,2.24553407483845e-09,3.06984063732569e-07,0,-0.7260697,3.06984063732569e-07,"arahy.Tifrunner.gnm2.ann2.Ah03g472300"
45267,0,"arahy.Tifrunner.gnm2.ann2.Ah20g090100",-5.98068,-0.85421145,2.22208023815402e-09,3.04692713137721e-07,0,-0.85421145,3.04692713137721e-07,"arahy.Tifrunner.gnm2.ann2.Ah20g090100"
45268,0,"arahy.Tifrunner.gnm2.ann2.Ah10g059500",-6.015841,-1.60132,1.78955136066623e-09,2.46125486836766e-07,0,-1.60132,2.46125486836766e-07,"arahy.Tifrunner.gnm2.ann2.Ah10g059500"
45269,0,"arahy.Tifrunner.gnm2.ann2.Ah08g055200",-6.0169225,-0.86364126,1.77764338169675e-09,2.4522859790413e-07,0,-0.86364126,2.4522859790413e-07,"arahy.Tifrunner.gnm2.ann2.Ah08g055200"
45270,0,"arahy.Tifrunner.gnm2.ann2.Ah03g125500",-6.028147,-2.6859777,1.65850012340897e-09,2.30187681762409e-07,0,-2.6859777,2.30187681762409e-07,"arahy.Tifrunner.gnm2.ann2.Ah03g125500"
45271,0,"STRG.224",-6.050635,-0.7418565,1.44276095292786e-09,2.00857032480391e-07,0,-0.7418565,2.00857032480391e-07,"STRG.224"
45272,0,"STRG.6299",-6.0583067,-0.5389452,1.37561736173552e-09,1.92096947164564e-07,0,-0.5389452,1.92096947164564e-07,"STRG.6299"
45273,0,"arahy.Tifrunner.gnm2.ann2.Ah03g532700",-6.065126,-0.80664843,1.31850245972271e-09,1.84687710696666e-07,0,-0.80664843,1.84687710696666e-07,"arahy.Tifrunner.gnm2.ann2.Ah03g532700"
45274,0,"arahy.Tifrunner.gnm2.ann2.Ah17g141900",-6.079642,-0.7509212,1.20451374979796e-09,1.69765584971525e-07,0,-0.7509212,1.69765584971525e-07,"arahy.Tifrunner.gnm2.ann2.Ah17g141900"
45275,0,"arahy.Tifrunner.gnm2.ann2.Ah14g437600",-6.083591,-1.3996903,1.17520315842148e-09,1.66148908645898e-07,0,-1.3996903,1.66148908645898e-07,"arahy.Tifrunner.gnm2.ann2.Ah14g437600"
45276,0,"arahy.Tifrunner.gnm2.ann2.Ah14g015900",-6.123379,-2.5681236,9.16113120561034e-10,1.29922534892276e-07,0,-2.5681236,1.29922534892276e-07,"arahy.Tifrunner.gnm2.ann2.Ah14g015900"
45277,0,"STRG.4870",-6.128956,-1.7580677,8.84576886703634e-10,1.25842119344676e-07,0,-1.7580677,1.25842119344676e-07,"STRG.4870"
45278,0,"arahy.Tifrunner.gnm2.ann2.Ah01g348000",-6.135262,-1.3305656,8.50188379831059e-10,1.21329077753696e-07,0,-1.3305656,1.21329077753696e-07,"arahy.Tifrunner.gnm2.ann2.Ah01g348000"
45279,0,"arahy.Tifrunner.gnm2.ann2.Ah02g325700",-6.178957,-0.59325975,6.45263961425614e-10,9.2665604353122e-08,0,-0.59325975,9.2665604353122e-08,"arahy.Tifrunner.gnm2.ann2.Ah02g325700"
45280,0,"arahy.Tifrunner.gnm2.ann2.Ah05g101900",-6.1940193,-0.971372,5.86490987341179e-10,8.4491821859873e-08,0,-0.971372,8.4491821859873e-08,"arahy.Tifrunner.gnm2.ann2.Ah05g101900"
45281,0,"STRG.4665",-6.1953263,-0.8840534,5.81643151872423e-10,8.40594376058418e-08,0,-0.8840534,8.40594376058418e-08,"STRG.4665"
45282,0,"arahy.Tifrunner.gnm2.ann2.Ah09g073400",-6.2245393,-2.1133463,4.82972954219754e-10,7.02455615587862e-08,0,-2.1133463,7.02455615587862e-08,"arahy.Tifrunner.gnm2.ann2.Ah09g073400"
45283,0,"arahy.Tifrunner.gnm2.ann2.Ah07g178800",-6.234656,-0.33020633,4.52771862130202e-10,6.60640584987671e-08,0,-0.33020633,6.60640584987671e-08,"arahy.Tifrunner.gnm2.ann2.Ah07g178800"
45284,0,"arahy.Tifrunner.gnm2.ann2.Ah16g088200",-6.2720604,-0.50915235,3.56301709884028e-10,5.21552380731849e-08,0,-0.50915235,5.21552380731849e-08,"arahy.Tifrunner.gnm2.ann2.Ah16g088200"
45285,0,"arahy.Tifrunner.gnm2.ann2.Ah19g524800",-6.2961555,-1.9270144,3.05118596280665e-10,4.48071579905839e-08,0,-1.9270144,4.48071579905839e-08,"arahy.Tifrunner.gnm2.ann2.Ah19g524800"
45286,0,"STRG.3582",-6.29678,-1.5218128,3.0389220678319e-10,4.47714848595402e-08,0,-1.5218128,4.47714848595402e-08,"STRG.3582"
45287,0,"arahy.Tifrunner.gnm2.ann2.Ah03g137300",-6.315213,-1.2720056,2.69788930922528e-10,3.98762054912895e-08,0,-1.2720056,3.98762054912895e-08,"arahy.Tifrunner.gnm2.ann2.Ah03g137300"
45288,0,"STRG.1700",-6.346365,-1.43134,2.20461958345643e-10,3.26915641424333e-08,0,-1.43134,3.26915641424333e-08,"STRG.1700"
45289,0,"STRG.2824",-6.421583,-0.46474367,1.34864457382298e-10,2.00639528035024e-08,0,-0.46474367,2.00639528035024e-08,"STRG.2824"
45290,0,"arahy.Tifrunner.gnm2.ann2.Ah20g511800",-6.433195,-2.1233084,1.24949081127942e-10,1.8649776948421e-08,0,-2.1233084,1.8649776948421e-08,"arahy.Tifrunner.gnm2.ann2.Ah20g511800"
45291,0,"arahy.Tifrunner.gnm2.ann2.Ah11g199700",-6.4600124,-0.7945926,1.04694327128863e-10,1.56779754875473e-08,0,-0.7945926,1.56779754875473e-08,"arahy.Tifrunner.gnm2.ann2.Ah11g199700"
45292,0,"arahy.Tifrunner.gnm2.ann2.Ah07g067100",-6.4938235,-1.1748345,8.36847335973553e-11,1.25731478953333e-08,0,-1.1748345,1.25731478953333e-08,"arahy.Tifrunner.gnm2.ann2.Ah07g067100"
45293,0,"arahy.Tifrunner.gnm2.ann2.Ah05g424400",-6.5382776,-1.7535683,6.2231397215885e-11,9.4120336440397e-09,0,-1.7535683,9.4120336440397e-09,"arahy.Tifrunner.gnm2.ann2.Ah05g424400"
45294,0,"STRG.1326",-6.5583386,-2.5151207,5.44106097861288e-11,8.25662866634576e-09,0,-2.5151207,8.25662866634576e-09,"STRG.1326"
45295,0,"arahy.Tifrunner.gnm2.ann2.Ah11g461600",-6.561905,-2.765683,5.31247680284812e-11,8.08846802584808e-09,0,-2.765683,8.08846802584808e-09,"arahy.Tifrunner.gnm2.ann2.Ah11g461600"
45296,0,"arahy.Tifrunner.gnm2.ann2.Ah13g120100",-6.5694065,-2.7169316,5.05161767148383e-11,7.71710882136342e-09,0,-2.7169316,7.71710882136342e-09,"arahy.Tifrunner.gnm2.ann2.Ah13g120100"
45297,0,"arahy.Tifrunner.gnm2.ann2.Ah09g013100",-6.593184,-1.5548568,4.30493040314512e-11,6.59857413039657e-09,0,-1.5548568,6.59857413039657e-09,"arahy.Tifrunner.gnm2.ann2.Ah09g013100"
45298,0,"arahy.Tifrunner.gnm2.ann2.Ah08g310100",-6.6122217,-0.62741333,3.78594389074463e-11,5.82267938115738e-09,0,-0.62741333,5.82267938115738e-09,"arahy.Tifrunner.gnm2.ann2.Ah08g310100"
45299,0,"arahy.Tifrunner.gnm2.ann2.Ah09g033900",-6.6164956,-0.7667217,3.67814336820021e-11,5.67606097267615e-09,0,-0.7667217,5.67606097267615e-09,"arahy.Tifrunner.gnm2.ann2.Ah09g033900"
45300,0,"arahy.Tifrunner.gnm2.ann2.Ah20g333100",-6.6303124,-0.46785846,3.34976599158789e-11,5.1868961564982e-09,0,-0.46785846,5.1868961564982e-09,"arahy.Tifrunner.gnm2.ann2.Ah20g333100"
45301,0,"STRG.3967",-6.655679,-2.2905273,2.81994436179851e-11,4.38140433878892e-09,0,-2.2905273,4.38140433878892e-09,"STRG.3967"
45302,0,"STRG.4363",-6.6621,-1.9431976,2.69942340746526e-11,4.20851202744686e-09,0,-1.9431976,4.20851202744686e-09,"STRG.4363"
45303,0,"arahy.Tifrunner.gnm2.ann2.Ah08g262000",-6.7080293,-0.80685025,1.97270581594827e-11,3.0967399850079e-09,0,-0.80685025,3.0967399850079e-09,"arahy.Tifrunner.gnm2.ann2.Ah08g262000"
45304,0,"STRG.630",-6.710337,-1.9389466,1.94175158862656e-11,3.05869547822268e-09,0,-1.9389466,3.05869547822268e-09,"STRG.630"
45305,0,"arahy.Tifrunner.gnm2.ann2.Ah13g243500",-6.755588,-2.373439,1.42257080178938e-11,2.24864976321735e-09,0,-2.373439,2.24864976321735e-09,"arahy.Tifrunner.gnm2.ann2.Ah13g243500"
45306,0,"arahy.Tifrunner.gnm2.ann2.Ah15g394700",-6.7568126,-1.2669135,1.41060425763583e-11,2.2375034224604e-09,0,-1.2669135,2.2375034224604e-09,"arahy.Tifrunner.gnm2.ann2.Ah15g394700"
45307,0,"arahy.Tifrunner.gnm2.ann2.Ah11g444500",-6.757435,-2.0174322,1.4045603819308e-11,2.23570653241321e-09,0,-2.0174322,2.23570653241321e-09,"arahy.Tifrunner.gnm2.ann2.Ah11g444500"
45308,0,"arahy.Tifrunner.gnm2.ann2.Ah10g226500",-6.763204,-2.1229043,1.34972872536092e-11,2.15596668397651e-09,0,-2.1229043,2.15596668397651e-09,"arahy.Tifrunner.gnm2.ann2.Ah10g226500"
45309,0,"STRG.5564",-6.769902,-0.6866192,1.28869390055322e-11,2.06572187073186e-09,0,-0.6866192,2.06572187073186e-09,"STRG.5564"
45310,0,"arahy.Tifrunner.gnm2.ann2.Ah09g131300",-6.8658595,-2.688784,6.60920092578307e-12,1.07456165337624e-09,0,-2.688784,1.07456165337624e-09,"arahy.Tifrunner.gnm2.ann2.Ah09g131300"
45311,0,"STRG.5736",-6.884593,-0.5800355,5.79529295208653e-12,9.49010490470457e-10,0,-0.5800355,9.49010490470457e-10,"STRG.5736"
45312,0,"arahy.Tifrunner.gnm2.ann2.Ah18g204000",-6.892621,-1.009079,5.47736235187338e-12,9.00185717352649e-10,0,-1.009079,9.00185717352649e-10,"arahy.Tifrunner.gnm2.ann2.Ah18g204000"
45313,0,"STRG.138",-6.8944345,-0.9412341,5.40795118690649e-12,8.91998441422939e-10,0,-0.9412341,8.91998441422939e-10,"STRG.138"
45314,0,"arahy.Tifrunner.gnm2.ann2.Ah13g384000",-6.907,-1.0755863,4.95008957612645e-12,8.19446828594838e-10,0,-1.0755863,8.19446828594838e-10,"arahy.Tifrunner.gnm2.ann2.Ah13g384000"
45315,0,"arahy.Tifrunner.gnm2.ann2.Ah15g534600",-6.923056,-2.027523,4.42002198500137e-12,7.34368908194169e-10,0,-2.027523,7.34368908194169e-10,"arahy.Tifrunner.gnm2.ann2.Ah15g534600"
45316,0,"arahy.Tifrunner.gnm2.ann2.Ah06g068000",-6.9614143,-2.565818,3.36873898214886e-12,5.61752649902362e-10,0,-2.565818,5.61752649902362e-10,"arahy.Tifrunner.gnm2.ann2.Ah06g068000"
45317,0,"arahy.Tifrunner.gnm2.ann2.Ah20g053700",-6.986409,-1.3561003,2.82010765861798e-12,4.71994783275459e-10,0,-1.3561003,4.71994783275459e-10,"arahy.Tifrunner.gnm2.ann2.Ah20g053700"
45318,0,"arahy.Tifrunner.gnm2.ann2.Ah19g025500",-7.002315,-1.4767004,2.51766922452572e-12,4.22931268550955e-10,0,-1.4767004,4.22931268550955e-10,"arahy.Tifrunner.gnm2.ann2.Ah19g025500"
45319,0,"arahy.Tifrunner.gnm2.ann2.Ah19g486700",-7.013773,-0.826267,2.31975938012934e-12,3.91128614892623e-10,0,-0.826267,3.91128614892623e-10,"arahy.Tifrunner.gnm2.ann2.Ah19g486700"
45320,0,"STRG.618",-7.0405297,-1.3134388,1.91510281418231e-12,3.24100894099759e-10,0,-1.3134388,3.24100894099759e-10,"STRG.618"
45321,0,"STRG.1614",-7.0689387,-0.31095225,1.56122894091801e-12,2.65199202635641e-10,0,-0.31095225,2.65199202635641e-10,"STRG.1614"
45322,0,"arahy.Tifrunner.gnm2.ann2.Ah06g025200",-7.094581,-1.6872725,1.29744020856975e-12,2.21215985224455e-10,0,-1.6872725,2.21215985224455e-10,"arahy.Tifrunner.gnm2.ann2.Ah06g025200"
45323,0,"STRG.356",-7.1298895,-1.911752,1.00449377320968e-12,1.71911934329314e-10,0,-1.911752,1.71911934329314e-10,"STRG.356"
45324,0,"arahy.Tifrunner.gnm2.ann2.Ah20g103500",-7.1371565,-1.9000273,9.52813188311324e-13,1.6368251918749e-10,0,-1.9000273,1.6368251918749e-10,"arahy.Tifrunner.gnm2.ann2.Ah20g103500"
45325,0,"arahy.Tifrunner.gnm2.ann2.Ah19g176800",-7.1455293,-2.332007,8.96497821157048e-13,1.54591540948309e-10,0,-2.332007,1.54591540948309e-10,"arahy.Tifrunner.gnm2.ann2.Ah19g176800"
45326,0,"arahy.Tifrunner.gnm2.ann2.Ah16g130000",-7.158686,-1.0484595,8.14539491536195e-13,1.40992759744083e-10,0,-1.0484595,1.40992759744083e-10,"arahy.Tifrunner.gnm2.ann2.Ah16g130000"
45327,0,"arahy.Tifrunner.gnm2.ann2.Ah09g327600",-7.166589,-1.0483308,7.68895754015304e-13,1.33600039335087e-10,0,-1.0483308,1.33600039335087e-10,"arahy.Tifrunner.gnm2.ann2.Ah09g327600"
45328,0,"arahy.Tifrunner.gnm2.ann2.Ah13g228600",-7.253175,-1.2891735,4.07113759835171e-13,7.10093747231276e-11,0,-1.2891735,7.10093747231276e-11,"arahy.Tifrunner.gnm2.ann2.Ah13g228600"
45329,0,"STRG.471",-7.3027263,-0.5607886,2.81994448112971e-13,4.93750586765189e-11,0,-0.5607886,4.93750586765189e-11,"STRG.471"
45330,0,"arahy.Tifrunner.gnm2.ann2.Ah05g381100",-7.3066397,-1.2542223,2.73906020039507e-13,4.81440063948977e-11,0,-1.2542223,4.81440063948977e-11,"arahy.Tifrunner.gnm2.ann2.Ah05g381100"
45331,0,"arahy.Tifrunner.gnm2.ann2.Ah20g132700",-7.3280663,-1.7811422,2.33497474794513e-13,4.12005389245945e-11,0,-1.7811422,4.12005389245945e-11,"arahy.Tifrunner.gnm2.ann2.Ah20g132700"
45332,0,"arahy.Tifrunner.gnm2.ann2.Ah03g302700",-7.34095,-2.0305748,2.12083250988815e-13,3.75676183580342e-11,0,-2.0305748,3.75676183580342e-11,"arahy.Tifrunner.gnm2.ann2.Ah03g302700"
45333,0,"STRG.2863",-7.351546,-0.8102907,1.95927855499253e-13,3.4841483178703e-11,0,-0.8102907,3.4841483178703e-11,"STRG.2863"
45334,0,"arahy.Tifrunner.gnm2.ann2.Ah13g113600",-7.38852,-2.4335663,1.48472097661082e-13,2.66104085587523e-11,0,-2.4335663,2.66104085587523e-11,"arahy.Tifrunner.gnm2.ann2.Ah13g113600"
45335,0,"arahy.Tifrunner.gnm2.ann2.Ah03g075900",-7.409555,-1.6681379,1.26724083353684e-13,2.28023208323838e-11,0,-1.6681379,2.28023208323838e-11,"arahy.Tifrunner.gnm2.ann2.Ah03g075900"
45336,0,"arahy.Tifrunner.gnm2.ann2.Ah05g077600",-7.44667,-1.8177346,9.57254988167332e-14,1.7292887333861e-11,0,-1.8177346,1.7292887333861e-11,"arahy.Tifrunner.gnm2.ann2.Ah05g077600"
45337,0,"arahy.Tifrunner.gnm2.ann2.Ah08g093500",-7.4649315,-0.5895772,8.33430835969538e-14,1.51764421506709e-11,0,-0.5895772,1.51764421506709e-11,"arahy.Tifrunner.gnm2.ann2.Ah08g093500"
45338,0,"arahy.Tifrunner.gnm2.ann2.Ah16g055700",-7.468278,-2.6839767,8.12509514527431e-14,1.48548928270469e-11,0,-2.6839767,1.48548928270469e-11,"arahy.Tifrunner.gnm2.ann2.Ah16g055700"
45339,0,"STRG.4743",-7.4773917,-1.2905777,7.58120787942118e-14,1.39164075605956e-11,0,-1.2905777,1.39164075605956e-11,"STRG.4743"
45340,0,"arahy.Tifrunner.gnm2.ann2.Ah04g000700",-7.5092306,-1.8062134,5.94758349044679e-14,1.09618538793158e-11,0,-1.8062134,1.09618538793158e-11,"arahy.Tifrunner.gnm2.ann2.Ah04g000700"
45341,0,"STRG.4568",-7.510558,-0.48979557,5.88757530660751e-14,1.08953649698374e-11,0,-0.48979557,1.08953649698374e-11,"STRG.4568"
45342,0,"arahy.Tifrunner.gnm2.ann2.Ah04g412300",-7.5203795,-0.9734036,5.46175052829777e-14,1.01901938955011e-11,0,-0.9734036,1.01901938955011e-11,"arahy.Tifrunner.gnm2.ann2.Ah04g412300"
45343,0,"arahy.Tifrunner.gnm2.ann2.Ah06g389500",-7.533263,-1.8632692,4.94877411362446e-14,9.27635994271261e-12,0,-1.8632692,9.27635994271261e-12,"arahy.Tifrunner.gnm2.ann2.Ah06g389500"
45344,0,"arahy.Tifrunner.gnm2.ann2.Ah05g307300",-7.541186,-1.885775,4.65716662465462e-14,8.79721383488702e-12,0,-1.885775,8.79721383488702e-12,"arahy.Tifrunner.gnm2.ann2.Ah05g307300"
45345,0,"arahy.Tifrunner.gnm2.ann2.Ah03g509400",-7.552064,-2.2895799,4.28414713988818e-14,8.12631309984457e-12,0,-2.2895799,8.12631309984457e-12,"arahy.Tifrunner.gnm2.ann2.Ah03g509400"
45346,0,"arahy.Tifrunner.gnm2.ann2.Ah19g480700",-7.597339,-1.8768731,3.02281452299145e-14,5.75776603952563e-12,0,-1.8768731,5.75776603952563e-12,"arahy.Tifrunner.gnm2.ann2.Ah19g480700"
45347,0,"STRG.2605",-7.60656,-1.6598254,2.81486686617693e-14,5.3842016477243e-12,0,-1.6598254,5.3842016477243e-12,"STRG.2605"
45348,0,"STRG.1696",-7.62764,-1.5508586,2.39090086822052e-14,4.59254730484688e-12,0,-1.5508586,4.59254730484688e-12,"STRG.1696"
45349,0,"arahy.Tifrunner.gnm2.ann2.Ah13g539100",-7.6377544,-2.2137268,2.21042894969163e-14,4.26387997905769e-12,0,-2.2137268,4.26387997905769e-12,"arahy.Tifrunner.gnm2.ann2.Ah13g539100"
45350,0,"arahy.Tifrunner.gnm2.ann2.Ah10g092300",-7.649416,-1.353947,2.01894355787084e-14,3.91108027780903e-12,0,-1.353947,3.91108027780903e-12,"arahy.Tifrunner.gnm2.ann2.Ah10g092300"
45351,0,"arahy.Tifrunner.gnm2.ann2.Ah06g105800",-7.655113,-2.1946814,1.93141833012857e-14,3.75751658379371e-12,0,-2.1946814,3.75751658379371e-12,"arahy.Tifrunner.gnm2.ann2.Ah06g105800"
45352,0,"arahy.Tifrunner.gnm2.ann2.Ah10g032100",-7.6608915,-1.4161736,1.84646923906764e-14,3.6076680531895e-12,0,-1.4161736,3.6076680531895e-12,"arahy.Tifrunner.gnm2.ann2.Ah10g032100"
45353,0,"arahy.Tifrunner.gnm2.ann2.Ah09g295100",-7.693677,-2.4702268,1.42965499436199e-14,2.8053281880748e-12,0,-2.4702268,2.8053281880748e-12,"arahy.Tifrunner.gnm2.ann2.Ah09g295100"
45354,0,"arahy.Tifrunner.gnm2.ann2.Ah15g314200",-7.734504,-1.3664682,1.03806732883206e-14,2.04575658345241e-12,0,-1.3664682,2.04575658345241e-12,"arahy.Tifrunner.gnm2.ann2.Ah15g314200"
45355,0,"arahy.Tifrunner.gnm2.ann2.Ah17g074000",-7.7528954,-1.6665801,8.98206974029483e-15,1.77782496894427e-12,0,-1.6665801,1.77782496894427e-12,"arahy.Tifrunner.gnm2.ann2.Ah17g074000"
45356,0,"arahy.Tifrunner.gnm2.ann2.Ah03g459900",-7.7581515,-2.3032799,8.61760130884034e-15,1.71313398246134e-12,0,-2.3032799,1.71313398246134e-12,"arahy.Tifrunner.gnm2.ann2.Ah03g459900"
45357,0,"arahy.Tifrunner.gnm2.ann2.Ah15g562000",-7.833318,-2.050249,4.75159269188785e-15,9.52914122050671e-13,0,-2.050249,9.52914122050671e-13,"arahy.Tifrunner.gnm2.ann2.Ah15g562000"
45358,0,"arahy.Tifrunner.gnm2.ann2.Ah09g430900",-7.8455105,-2.4947755,4.31196516610849e-15,8.6857478859258e-13,0,-2.4947755,8.6857478859258e-13,"arahy.Tifrunner.gnm2.ann2.Ah09g430900"
45359,0,"arahy.Tifrunner.gnm2.ann2.Ah16g011500",-7.920601,-0.44377777,2.36365759401873e-15,4.84698866261752e-13,0,-0.44377777,4.84698866261752e-13,"arahy.Tifrunner.gnm2.ann2.Ah16g011500"
45360,0,"STRG.4491",-7.9698277,-2.0559745,1.58895974075667e-15,3.27311326869713e-13,0,-2.0559745,3.27311326869713e-13,"STRG.4491"
45361,0,"arahy.Tifrunner.gnm2.ann2.Ah05g434900",-7.970833,-2.2160485,1.57608754620107e-15,3.26135497514806e-13,0,-2.2160485,3.26135497514806e-13,"arahy.Tifrunner.gnm2.ann2.Ah05g434900"
45362,0,"arahy.Tifrunner.gnm2.ann2.Ah12g358400",-8.1815815,-2.4508343,2.80142136662722e-16,5.93171657182965e-14,0,-2.4508343,5.93171657182965e-14,"arahy.Tifrunner.gnm2.ann2.Ah12g358400"
45363,0,"arahy.Tifrunner.gnm2.ann2.Ah19g291900",-8.199462,-0.739734,2.41464905223818e-16,5.13665810533135e-14,0,-0.739734,5.13665810533135e-14,"arahy.Tifrunner.gnm2.ann2.Ah19g291900"
45364,0,"arahy.Tifrunner.gnm2.ann2.Ah07g271800",-8.22876,-1.9927493,1.89161300635582e-16,4.04290096250433e-14,0,-1.9927493,4.04290096250433e-14,"arahy.Tifrunner.gnm2.ann2.Ah07g271800"
45365,0,"arahy.Tifrunner.gnm2.ann2.Ah06g157000",-8.243851,-0.4393674,1.66754644663522e-16,3.58082002059535e-14,0,-0.4393674,3.58082002059535e-14,"arahy.Tifrunner.gnm2.ann2.Ah06g157000"
45366,0,"arahy.Tifrunner.gnm2.ann2.Ah08g333400",-8.275311,-1.4457356,1.28120175347487e-16,2.76423832346871e-14,0,-1.4457356,2.76423832346871e-14,"arahy.Tifrunner.gnm2.ann2.Ah08g333400"
45367,0,"arahy.Tifrunner.gnm2.ann2.Ah03g271600",-8.323412,-1.9830644,8.54665465693912e-17,1.85275193620236e-14,0,-1.9830644,1.85275193620236e-14,"arahy.Tifrunner.gnm2.ann2.Ah03g271600"
45368,0,"STRG.1494",-8.345763,-0.89157426,7.07553107872992e-17,1.54117931496699e-14,0,-0.89157426,1.54117931496699e-14,"STRG.1494"
45369,0,"arahy.Tifrunner.gnm2.ann2.Ah01g106500",-8.373886,-0.3923017,5.57486970945478e-17,1.22014600314048e-14,0,-0.3923017,1.22014600314048e-14,"arahy.Tifrunner.gnm2.ann2.Ah01g106500"
45370,0,"arahy.Tifrunner.gnm2.ann2.Ah13g310400",-8.488881,-2.3987978,2.08635716067409e-17,4.58837311026702e-15,0,-2.3987978,4.58837311026702e-15,"arahy.Tifrunner.gnm2.ann2.Ah13g310400"
45371,0,"arahy.Tifrunner.gnm2.ann2.Ah14g006300",-8.491621,-1.6831638,2.03773823873037e-17,4.50320366893017e-15,0,-1.6831638,4.50320366893017e-15,"arahy.Tifrunner.gnm2.ann2.Ah14g006300"
45372,0,"arahy.Tifrunner.gnm2.ann2.Ah04g345200",-8.493583,-1.8078699,2.00363036229458e-17,4.44942773722432e-15,0,-1.8078699,4.44942773722432e-15,"arahy.Tifrunner.gnm2.ann2.Ah04g345200"
45373,0,"arahy.Tifrunner.gnm2.ann2.Ah03g330800",-8.512484,-1.7500129,1.70246414080495e-17,3.79916556598062e-15,0,-1.7500129,3.79916556598062e-15,"arahy.Tifrunner.gnm2.ann2.Ah03g330800"
45374,0,"STRG.285",-8.6288805,-1.9447798,6.19553164234876e-18,1.38938612062209e-15,0,-1.9447798,1.38938612062209e-15,"STRG.285"
45375,0,"arahy.Tifrunner.gnm2.ann2.Ah13g051400",-8.6472845,-0.97292125,5.2739152998313e-18,1.18856297083921e-15,0,-0.97292125,1.18856297083921e-15,"arahy.Tifrunner.gnm2.ann2.Ah13g051400"
45376,0,"arahy.Tifrunner.gnm2.ann2.Ah18g018400",-8.743034,-2.0321503,2.2693202616655e-18,5.165426779603e-16,0,-2.0321503,5.165426779603e-16,"arahy.Tifrunner.gnm2.ann2.Ah18g018400"
45377,0,"STRG.3572",-8.746414,-1.1166418,2.20238814439796e-18,5.03826723043079e-16,0,-1.1166418,5.03826723043079e-16,"STRG.3572"
45378,0,"arahy.Tifrunner.gnm2.ann2.Ah19g053800",-8.786149,-0.78078675,1.54773894075224e-18,3.57661256542158e-16,0,-0.78078675,3.57661256542158e-16,"arahy.Tifrunner.gnm2.ann2.Ah19g053800"
45379,0,"arahy.Tifrunner.gnm2.ann2.Ah10g329400",-8.815872,-2.0521972,1.18756566292988e-18,2.75830302240918e-16,0,-2.0521972,2.75830302240918e-16,"arahy.Tifrunner.gnm2.ann2.Ah10g329400"
45380,0,"arahy.Tifrunner.gnm2.ann2.Ah16g132000",-8.8579645,-1.6973363,8.14886285070932e-19,1.90240426879842e-16,0,-1.6973363,1.90240426879842e-16,"arahy.Tifrunner.gnm2.ann2.Ah16g132000"
45381,0,"STRG.1959",-8.879339,-1.6905993,6.72584480050813e-19,1.57828535411511e-16,0,-1.6905993,1.57828535411511e-16,"STRG.1959"
45382,0,"STRG.5840",-8.879655,-1.7358562,6.70678678166871e-19,1.57828535411511e-16,0,-1.7358562,1.57828535411511e-16,"STRG.5840"
45383,0,"arahy.Tifrunner.gnm2.ann2.Ah13g385600",-8.897171,-1.74183,5.72882569543498e-19,1.3583284424947e-16,0,-1.74183,1.3583284424947e-16,"arahy.Tifrunner.gnm2.ann2.Ah13g385600"
45384,0,"arahy.Tifrunner.gnm2.ann2.Ah18g019500",-8.90662,-1.5957551,5.26118014181323e-19,1.25397887317228e-16,0,-1.5957551,1.25397887317228e-16,"arahy.Tifrunner.gnm2.ann2.Ah18g019500"
45385,0,"arahy.Tifrunner.gnm2.ann2.Ah04g393200",-8.972798,-1.5991894,2.89074220648431e-19,6.96286498454984e-17,0,-1.5991894,6.96286498454984e-17,"arahy.Tifrunner.gnm2.ann2.Ah04g393200"
45386,0,"arahy.Tifrunner.gnm2.ann2.Ah02g324600",-9.062159,-1.9136692,1.27894070926859e-19,3.09694132174165e-17,0,-1.9136692,3.09694132174165e-17,"arahy.Tifrunner.gnm2.ann2.Ah02g324600"
45387,0,"arahy.Tifrunner.gnm2.ann2.Ah03g031500",-9.088806,-1.187921,1.00132758740992e-19,2.43767043258017e-17,0,-1.187921,2.43767043258017e-17,"arahy.Tifrunner.gnm2.ann2.Ah03g031500"
45388,0,"arahy.Tifrunner.gnm2.ann2.Ah18g033300",-9.189368,-1.5793029,3.95155278204422e-20,9.67153165859039e-18,0,-1.5793029,9.67153165859039e-18,"arahy.Tifrunner.gnm2.ann2.Ah18g033300"
45389,0,"arahy.Tifrunner.gnm2.ann2.Ah05g069400",-9.281726,-2.0591323,1.66755337390433e-20,4.12574455400114e-18,0,-2.0591323,4.12574455400114e-18,"arahy.Tifrunner.gnm2.ann2.Ah05g069400"
45390,0,"STRG.4533",-9.343249,-1.6328981,9.34217592566638e-21,2.3367759167035e-18,0,-1.6328981,2.3367759167035e-18,"STRG.4533"
45391,0,"arahy.Tifrunner.gnm2.ann2.Ah18g446700",-9.365768,-2.65678,7.54986022225077e-21,1.89889412573339e-18,0,-2.65678,1.89889412573339e-18,"arahy.Tifrunner.gnm2.ann2.Ah18g446700"
45392,0,"STRG.5798",-9.510102,-1.5258927,1.90475149155221e-21,4.84424060901803e-19,0,-1.5258927,4.84424060901803e-19,"STRG.5798"
45393,0,"arahy.Tifrunner.gnm2.ann2.Ah14g470000",-9.542331,-2.351478,1.39657833517409e-21,3.57178832193625e-19,0,-2.351478,3.57178832193625e-19,"arahy.Tifrunner.gnm2.ann2.Ah14g470000"
45394,0,"STRG.1624",-9.615597,-1.9437342,6.87099029554797e-22,1.76720317635325e-19,0,-1.9437342,1.76720317635325e-19,"STRG.1624"
45395,0,"arahy.Tifrunner.gnm2.ann2.Ah02g237800",-9.780953,-1.5483303,1.35923745025126e-22,3.55620262558842e-20,0,-1.5483303,3.55620262558842e-20,"arahy.Tifrunner.gnm2.ann2.Ah02g237800"
45396,0,"arahy.Tifrunner.gnm2.ann2.Ah11g002700",-9.81523,-2.3801425,9.68166011599089e-23,2.54767569433739e-20,0,-2.3801425,2.54767569433739e-20,"arahy.Tifrunner.gnm2.ann2.Ah11g002700"
45397,0,"arahy.Tifrunner.gnm2.ann2.Ah01g328300",-9.833456,-2.8060684,8.07977236461333e-23,2.13850905306196e-20,0,-2.8060684,2.13850905306196e-20,"arahy.Tifrunner.gnm2.ann2.Ah01g328300"
45398,0,"arahy.Tifrunner.gnm2.ann2.Ah15g532900",-9.836641,-2.2208478,7.82806181944448e-23,2.08400401326544e-20,0,-2.2208478,2.08400401326544e-20,"arahy.Tifrunner.gnm2.ann2.Ah15g532900"
45399,0,"arahy.Tifrunner.gnm2.ann2.Ah15g078400",-9.896676,-1.9459273,4.30338671387694e-23,1.15239633389726e-20,0,-1.9459273,1.15239633389726e-20,"arahy.Tifrunner.gnm2.ann2.Ah15g078400"
45400,0,"arahy.Tifrunner.gnm2.ann2.Ah07g179100",-9.908183,-1.8526356,3.83556374154664e-23,1.03934645101291e-20,0,-1.8526356,1.03934645101291e-20,"arahy.Tifrunner.gnm2.ann2.Ah07g179100"
45401,0,"arahy.Tifrunner.gnm2.ann2.Ah02g312700",-9.911002,-2.536106,3.72887694492193e-23,1.01648738946483e-20,0,-2.536106,1.01648738946483e-20,"arahy.Tifrunner.gnm2.ann2.Ah02g312700"
45402,0,"arahy.Tifrunner.gnm2.ann2.Ah06g385500",-9.913818,-2.1229246,3.62521039624348e-23,9.94181193244508e-21,0,-2.1229246,9.94181193244508e-21,"arahy.Tifrunner.gnm2.ann2.Ah06g385500"
45403,0,"arahy.Tifrunner.gnm2.ann2.Ah06g436200",-9.94449,-2.2807257,2.66534002651066e-23,7.35375390102251e-21,0,-2.2807257,7.35375390102251e-21,"arahy.Tifrunner.gnm2.ann2.Ah06g436200"
45404,0,"STRG.1498",-9.987935,-1.2800761,1.72130358679236e-23,4.77808685884971e-21,0,-1.2800761,4.77808685884971e-21,"STRG.1498"
45405,0,"STRG.5721",-10.001533,-1.0292408,1.50056296313576e-23,4.19089744379094e-21,0,-1.0292408,4.19089744379094e-21,"STRG.5721"
45406,0,"STRG.5063",-10.027107,-2.0027835,1.15860855465955e-23,3.2558330766865e-21,0,-2.0027835,3.2558330766865e-21,"STRG.5063"
45407,0,"arahy.Tifrunner.gnm2.ann2.Ah13g517000",-10.089886,-1.218752,6.12410599836155e-24,1.74246125918382e-21,0,-1.218752,1.74246125918382e-21,"arahy.Tifrunner.gnm2.ann2.Ah13g517000"
45408,0,"STRG.3194",-10.153102,-1.9712112,3.20996147412479e-24,9.2487522878517e-22,0,-1.9712112,9.2487522878517e-22,"STRG.3194"
45409,0,"arahy.Tifrunner.gnm2.ann2.Ah17g005800",-10.190893,-1.3957442,2.17754324440755e-24,6.31404322665028e-22,0,-1.3957442,6.31404322665028e-22,"arahy.Tifrunner.gnm2.ann2.Ah17g005800"
45410,0,"arahy.Tifrunner.gnm2.ann2.Ah12g037400",-10.397628,-2.5107577,2.54181337491687e-25,7.4175328256228e-23,0,-2.5107577,7.4175328256228e-23,"arahy.Tifrunner.gnm2.ann2.Ah12g037400"
45411,0,"arahy.Tifrunner.gnm2.ann2.Ah11g098900",-10.40029,-2.1282578,2.47179897821729e-25,7.25975333447508e-23,0,-2.1282578,7.25975333447508e-23,"arahy.Tifrunner.gnm2.ann2.Ah11g098900"
45412,0,"STRG.5325",-10.420208,-0.7520711,2.00514900273457e-25,5.92742877925252e-23,0,-0.7520711,5.92742877925252e-23,"STRG.5325"
45413,0,"arahy.Tifrunner.gnm2.ann2.Ah08g267500",-10.572802,-1.8693014,3.98410175458147e-26,1.20114071705673e-23,0,-1.8693014,1.20114071705673e-23,"arahy.Tifrunner.gnm2.ann2.Ah08g267500"
45414,0,"arahy.Tifrunner.gnm2.ann2.Ah03g031400",-10.67278,-0.9652115,1.36480776628537e-26,4.14210058349169e-24,0,-0.9652115,4.14210058349169e-24,"arahy.Tifrunner.gnm2.ann2.Ah03g031400"
45415,0,"arahy.Tifrunner.gnm2.ann2.Ah03g078700",-10.687941,-2.024068,1.15916351493801e-26,3.54159462107638e-24,0,-2.024068,3.54159462107638e-24,"arahy.Tifrunner.gnm2.ann2.Ah03g078700"
45416,0,"arahy.Tifrunner.gnm2.ann2.Ah03g215500",-10.732336,-2.3194308,7.17587142684107e-27,2.2222746315341e-24,0,-2.3194308,2.2222746315341e-24,"arahy.Tifrunner.gnm2.ann2.Ah03g215500"
45417,0,"STRG.1669",-10.7689295,-1.9451218,4.82577068047802e-27,1.50471496204165e-24,0,-1.9451218,1.50471496204165e-24,"STRG.1669"
45418,0,"arahy.Tifrunner.gnm2.ann2.Ah09g220200",-10.86291,-0.9236495,1.73141150177091e-27,5.435915669422e-25,0,-0.9236495,5.435915669422e-25,"arahy.Tifrunner.gnm2.ann2.Ah09g220200"
45419,0,"arahy.Tifrunner.gnm2.ann2.Ah06g040500",-10.939808,-1.8897418,7.43574830542189e-28,2.35072920733351e-25,0,-1.8897418,2.35072920733351e-25,"arahy.Tifrunner.gnm2.ann2.Ah06g040500"
45420,0,"arahy.Tifrunner.gnm2.ann2.Ah03g486200",-11.096192,-1.2678419,1.30903096951565e-28,4.19664266593173e-26,0,-1.2678419,4.19664266593173e-26,"arahy.Tifrunner.gnm2.ann2.Ah03g486200"
45421,0,"arahy.Tifrunner.gnm2.ann2.Ah12g239600",-11.146415,-1.7897184,7.45497347908589e-29,2.4069518628504e-26,0,-1.7897184,2.4069518628504e-26,"arahy.Tifrunner.gnm2.ann2.Ah12g239600"
45422,0,"arahy.Tifrunner.gnm2.ann2.Ah03g509500",-11.157226,-1.5884771,6.60197072035388e-29,2.14677225052421e-26,0,-1.5884771,2.14677225052421e-26,"arahy.Tifrunner.gnm2.ann2.Ah03g509500"
45423,0,"arahy.Tifrunner.gnm2.ann2.Ah03g231100",-11.165874,-2.208321,5.98992674193182e-29,1.96176564747989e-26,0,-2.208321,1.96176564747989e-26,"arahy.Tifrunner.gnm2.ann2.Ah03g231100"
45424,0,"STRG.100",-11.205774,-0.99358517,3.81999352525761e-29,1.26015496553498e-26,0,-0.99358517,1.26015496553498e-26,"STRG.100"
45425,0,"STRG.330",-11.249228,-0.9061706,2.33629687507839e-29,7.76332693000499e-27,0,-0.9061706,7.76332693000499e-27,"STRG.330"
45426,0,"STRG.2561",-11.297388,-1.1241432,1.35178271345084e-29,4.52489384170117e-27,0,-1.1241432,4.52489384170117e-27,"STRG.2561"
45427,0,"arahy.Tifrunner.gnm2.ann2.Ah16g037700",-11.388566,-1.5255663,4.76770013363909e-30,1.61973717077452e-27,0,-1.5255663,1.61973717077452e-27,"arahy.Tifrunner.gnm2.ann2.Ah16g037700"
45428,0,"STRG.5230",-11.426848,-1.7690183,3.07053174371272e-30,1.05099915113367e-27,0,-1.7690183,1.05099915113367e-27,"STRG.5230"
45429,0,"arahy.Tifrunner.gnm2.ann2.Ah19g376300",-11.503248,-2.0565374,1.27042791446223e-30,4.41488247160141e-28,0,-2.0565374,4.41488247160141e-28,"arahy.Tifrunner.gnm2.ann2.Ah19g376300"
45430,0,"arahy.Tifrunner.gnm2.ann2.Ah20g079200",-11.558372,-2.1568284,6.69666066869554e-31,2.36324635877283e-28,0,-2.1568284,2.36324635877283e-28,"arahy.Tifrunner.gnm2.ann2.Ah20g079200"
45431,0,"STRG.3208",-11.602841,-1.1381655,3.98620662048936e-31,1.41771929836842e-28,0,-1.1381655,1.41771929836842e-28,"STRG.3208"
45432,0,"STRG.1804",-11.682512,-2.0353372,1.56598106756764e-31,5.61336394645268e-29,0,-2.0353372,5.61336394645268e-29,"STRG.1804"
45433,0,"STRG.5857",-11.778879,-1.2529674,5.01555993493097e-32,1.8121297656968e-29,0,-1.2529674,1.8121297656968e-29,"STRG.5857"
45434,0,"arahy.Tifrunner.gnm2.ann2.Ah13g051300",-11.783545,-1.0027549,4.74546729817443e-32,1.72826122625674e-29,0,-1.0027549,1.72826122625674e-29,"arahy.Tifrunner.gnm2.ann2.Ah13g051300"
45435,0,"arahy.Tifrunner.gnm2.ann2.Ah20g132400",-11.913633,-2.173324,1.0050077047925e-32,3.68967506072369e-30,0,-2.173324,3.68967506072369e-30,"arahy.Tifrunner.gnm2.ann2.Ah20g132400"
45436,0,"arahy.Tifrunner.gnm2.ann2.Ah07g005300",-11.940929,-1.3271496,7.24093379221967e-33,2.70193663899187e-30,0,-1.3271496,2.70193663899187e-30,"arahy.Tifrunner.gnm2.ann2.Ah07g005300"
45437,0,"arahy.Tifrunner.gnm2.ann2.Ah03g031700",-11.975283,-1.1387157,4.78804042531154e-33,1.8014111762139e-30,0,-1.1387157,1.8014111762139e-30,"arahy.Tifrunner.gnm2.ann2.Ah03g031700"
45438,0,"arahy.Tifrunner.gnm2.ann2.Ah19g219300",-12.073792,-0.64443696,1.45282091452572e-33,5.51151827607242e-31,0,-0.64443696,5.51151827607242e-31,"arahy.Tifrunner.gnm2.ann2.Ah19g219300"
45439,0,"arahy.Tifrunner.gnm2.ann2.Ah13g490500",-12.205526,-2.2260947,2.90425402663195e-34,1.11103580091086e-31,0,-2.2260947,1.11103580091086e-31,"arahy.Tifrunner.gnm2.ann2.Ah13g490500"
45440,0,"arahy.Tifrunner.gnm2.ann2.Ah09g162300",-12.34491,-0.77539593,5.18924080350747e-35,2.01910254990491e-32,0,-0.77539593,2.01910254990491e-32,"arahy.Tifrunner.gnm2.ann2.Ah09g162300"
45441,0,"arahy.Tifrunner.gnm2.ann2.Ah01g013100",-12.525347,-2.1193686,5.42537492004283e-36,2.12917903327612e-33,0,-2.1193686,2.12917903327612e-33,"arahy.Tifrunner.gnm2.ann2.Ah01g013100"
45442,0,"arahy.Tifrunner.gnm2.ann2.Ah09g054000",-12.63355,-1.9510759,1.37913398252988e-36,5.5073417035693e-34,0,-1.9510759,5.5073417035693e-34,"arahy.Tifrunner.gnm2.ann2.Ah09g054000"
45443,0,"STRG.1454",-12.666268,-2.0748992,9.09385070107829e-37,3.6636146842114e-34,0,-2.0748992,3.6636146842114e-34,"STRG.1454"
45444,0,"arahy.Tifrunner.gnm2.ann2.Ah13g256600",-12.70652,-2.267207,5.44018653623664e-37,2.2112415346039e-34,0,-2.267207,2.2112415346039e-34,"arahy.Tifrunner.gnm2.ann2.Ah13g256600"
45445,0,"STRG.2274",-12.711305,-1.8232759,5.11737037560508e-37,2.09876728809951e-34,0,-1.8232759,2.09876728809951e-34,"STRG.2274"
45446,0,"arahy.Tifrunner.gnm2.ann2.Ah05g371500",-12.74908,-0.875332,3.15445379081342e-37,1.30548503975446e-34,0,-0.875332,1.30548503975446e-34,"arahy.Tifrunner.gnm2.ann2.Ah05g371500"
45447,0,"arahy.Tifrunner.gnm2.ann2.Ah04g064900",-12.762899,-2.5778253,2.64180812295041e-37,1.10335479806601e-34,0,-2.5778253,1.10335479806601e-34,"arahy.Tifrunner.gnm2.ann2.Ah04g064900"
45448,0,"arahy.Tifrunner.gnm2.ann2.Ah16g516300",-12.774554,-2.1106093,2.27446844734646e-37,9.58730570342593e-35,0,-2.1106093,9.58730570342593e-35,"arahy.Tifrunner.gnm2.ann2.Ah16g516300"
45449,0,"STRG.885",-12.871828,-0.78572476,6.48489337401784e-38,2.759049401484e-35,0,-0.78572476,2.759049401484e-35,"STRG.885"
45450,0,"arahy.Tifrunner.gnm2.ann2.Ah19g073000",-13.086936,-2.2130024,3.91068691473918e-39,1.72844768064647e-36,0,-2.2130024,1.72844768064647e-36,"arahy.Tifrunner.gnm2.ann2.Ah19g073000"
45451,0,"STRG.561",-13.233188,-2.336819,5.64417372349988e-40,2.5190722018491e-37,0,-2.336819,2.5190722018491e-37,"STRG.561"
45452,0,"arahy.Tifrunner.gnm2.ann2.Ah13g228200",-13.2737665,-1.1809908,3.28638262888558e-40,1.4812800276969e-37,0,-1.1809908,1.4812800276969e-37,"arahy.Tifrunner.gnm2.ann2.Ah13g228200"
45453,0,"STRG.409",-13.307775,-1.1963141,2.08603084947733e-40,9.49644683916062e-38,0,-1.1963141,9.49644683916062e-38,"STRG.409"
45454,0,"arahy.Tifrunner.gnm2.ann2.Ah17g441500",-13.524712,-1.1047381,1.11781641201503e-41,5.24613137531674e-39,0,-1.1047381,5.24613137531674e-39,"arahy.Tifrunner.gnm2.ann2.Ah17g441500"
45455,0,"arahy.Tifrunner.gnm2.ann2.Ah13g051500",-13.5285015,-0.9826916,1.06165869207983e-41,5.03447398940022e-39,0,-0.9826916,5.03447398940022e-39,"arahy.Tifrunner.gnm2.ann2.Ah13g051500"
45456,0,"arahy.Tifrunner.gnm2.ann2.Ah13g539200",-13.536666,-1.6262634,9.50039497285928e-42,4.55258927099417e-39,0,-1.6262634,4.55258927099417e-39,"arahy.Tifrunner.gnm2.ann2.Ah13g539200"
45457,0,"arahy.Tifrunner.gnm2.ann2.Ah20g419300",-13.543619,-2.0120046,8.64235605258373e-42,4.1854746482747e-39,0,-2.0120046,4.1854746482747e-39,"arahy.Tifrunner.gnm2.ann2.Ah20g419300"
45458,0,"STRG.3916",-13.556754,-1.8184148,7.22640676230641e-42,3.53736496179825e-39,0,-1.8184148,3.53736496179825e-39,"STRG.3916"
45459,0,"STRG.231",-13.707774,-1.0330547,9.1213166994233e-43,4.56306397169831e-40,0,-1.0330547,4.56306397169831e-40,"STRG.231"
45460,0,"arahy.Tifrunner.gnm2.ann2.Ah19g512300",-13.785609,-1.9645056,3.11128270424895e-43,1.57375593142477e-40,0,-1.9645056,1.57375593142477e-40,"arahy.Tifrunner.gnm2.ann2.Ah19g512300"
45461,0,"STRG.2766",-14.3045225,-1.0752239,2.05041515777945e-46,1.08538487956688e-43,0,-1.0752239,1.08538487956688e-43,"STRG.2766"
45462,0,"arahy.Tifrunner.gnm2.ann2.Ah19g519200",-14.560715,-2.0587025,4.99332190551482e-48,2.67430572266655e-45,0,-2.0587025,2.67430572266655e-45,"arahy.Tifrunner.gnm2.ann2.Ah19g519200"
45463,0,"arahy.Tifrunner.gnm2.ann2.Ah09g404400",-14.602108,-2.2122753,2.7229399911201e-48,1.47570381137799e-45,0,-2.2122753,1.47570381137799e-45,"arahy.Tifrunner.gnm2.ann2.Ah09g404400"
45464,0,"STRG.1416",-14.981951,-2.163393,9.634748728091e-51,5.34893050119042e-48,0,-2.163393,5.34893050119042e-48,"STRG.1416"
45465,0,"arahy.Tifrunner.gnm2.ann2.Ah14g462000",-15.007115,-1.7978446,6.59539536709459e-51,3.70677504557548e-48,0,-1.7978446,3.70677504557548e-48,"arahy.Tifrunner.gnm2.ann2.Ah14g462000"
45466,0,"arahy.Tifrunner.gnm2.ann2.Ah05g232400",-15.079616,-2.120368,2.20548076828086e-51,1.25502883119022e-48,0,-2.120368,1.25502883119022e-48,"arahy.Tifrunner.gnm2.ann2.Ah05g232400"
45467,0,"arahy.Tifrunner.gnm2.ann2.Ah03g326000",-15.163523,-2.4219127,6.16711904281457e-52,3.5538218646214e-49,0,-2.4219127,3.5538218646214e-49,"arahy.Tifrunner.gnm2.ann2.Ah03g326000"
45468,0,"arahy.Tifrunner.gnm2.ann2.Ah13g380800",-15.331747,-2.286609,4.69193733896065e-53,2.81047046603743e-50,0,-2.286609,2.81047046603743e-50,"arahy.Tifrunner.gnm2.ann2.Ah13g380800"
45469,0,"STRG.2239",-15.352166,-1.6282244,3.42552762669768e-53,2.07924959570381e-50,0,-1.6282244,2.07924959570381e-50,"STRG.2239"
45470,0,"arahy.Tifrunner.gnm2.ann2.Ah07g177500",-15.685784,-2.4089277,1.89211726674853e-55,1.16401008718189e-52,0,-2.4089277,1.16401008718189e-52,"arahy.Tifrunner.gnm2.ann2.Ah07g177500"
45471,0,"STRG.4331",-16.052217,-2.1847892,5.51581722894064e-58,3.58717233614705e-55,0,-2.1847892,3.58717233614705e-55,"STRG.4331"
45472,0,"STRG.3858",-16.100815,-0.93078905,2.51768099165445e-58,1.66108564440692e-55,0,-0.93078905,1.66108564440692e-55,"STRG.3858"
45473,0,"STRG.5769",-16.419367,-2.58132,1.39011860467977e-60,9.58844838779424e-58,0,-2.58132,9.58844838779424e-58,"STRG.5769"
45474,0,"arahy.Tifrunner.gnm2.ann2.Ah03g120500",-16.63651,-2.2587798,3.79072550429695e-62,2.69639043527522e-59,0,-2.2587798,2.69639043527522e-59,"arahy.Tifrunner.gnm2.ann2.Ah03g120500"
45475,0,"arahy.Tifrunner.gnm2.ann2.Ah15g406500",-16.711424,-1.1647997,1.0821925809065e-62,7.81995794495041e-60,0,-1.1647997,7.81995794495041e-60,"arahy.Tifrunner.gnm2.ann2.Ah15g406500"
45476,0,"arahy.Tifrunner.gnm2.ann2.Ah08g021700",-16.897902,-2.496987,4.66205746910156e-64,3.42315329392547e-61,0,-2.496987,3.42315329392547e-61,"arahy.Tifrunner.gnm2.ann2.Ah08g021700"
45477,0,"arahy.Tifrunner.gnm2.ann2.Ah06g377400",-16.927374,-2.4526184,2.82714896998737e-64,2.10988737229025e-61,0,-2.4526184,2.10988737229025e-61,"arahy.Tifrunner.gnm2.ann2.Ah06g377400"
45478,0,"arahy.Tifrunner.gnm2.ann2.Ah17g352100",-17.07554,-2.3275833,2.25727515683162e-65,1.71266990399338e-62,0,-2.3275833,1.71266990399338e-62,"arahy.Tifrunner.gnm2.ann2.Ah17g352100"
45479,0,"arahy.Tifrunner.gnm2.ann2.Ah03g393200",-17.209547,-0.2542704,2.25188850048326e-66,1.7375418999322e-63,0,-0.2542704,1.7375418999322e-63,"arahy.Tifrunner.gnm2.ann2.Ah03g393200"
45480,0,"arahy.Tifrunner.gnm2.ann2.Ah10g327300",-17.415003,-2.6273854,6.34855332506266e-68,5.07037792228338e-65,0,-2.6273854,5.07037792228338e-65,"arahy.Tifrunner.gnm2.ann2.Ah10g327300"
45481,0,"arahy.Tifrunner.gnm2.ann2.Ah09g409800",-17.997124,-2.2576964,2.05204637276303e-72,1.72995109395675e-69,0,-2.2576964,1.72995109395675e-69,"arahy.Tifrunner.gnm2.ann2.Ah09g409800"
45482,0,"arahy.Tifrunner.gnm2.ann2.Ah15g171100",-18.256445,-2.5909913,1.83879892546742e-74,1.57942419401847e-71,0,-2.5909913,1.57942419401847e-71,"arahy.Tifrunner.gnm2.ann2.Ah15g171100"
45483,0,"arahy.Tifrunner.gnm2.ann2.Ah14g066500",-18.313852,-2.2154965,6.41655564912371e-75,5.61744768020592e-72,0,-2.2154965,5.61744768020592e-72,"arahy.Tifrunner.gnm2.ann2.Ah14g066500"
45484,0,"arahy.Tifrunner.gnm2.ann2.Ah17g203300",-18.447598,-2.79429,5.45162394071014e-76,4.86626918189977e-73,0,-2.79429,4.86626918189977e-73,"arahy.Tifrunner.gnm2.ann2.Ah17g203300"
45485,0,"arahy.Tifrunner.gnm2.ann2.Ah14g495900",-18.6579,-2.3869267,1.08928412234683e-77,9.91771407714342e-75,0,-2.3869267,9.91771407714342e-75,"arahy.Tifrunner.gnm2.ann2.Ah14g495900"
45486,0,"arahy.Tifrunner.gnm2.ann2.Ah08g177500",-19.054485,-2.0970373,6.03061342188598e-81,5.60280909016198e-78,0,-2.0970373,5.60280909016198e-78,"arahy.Tifrunner.gnm2.ann2.Ah08g177500"
45487,0,"arahy.Tifrunner.gnm2.ann2.Ah16g466800",-19.103779,-2.2474015,2.34853938514231e-81,2.22739389519206e-78,0,-2.2474015,2.22739389519206e-78,"arahy.Tifrunner.gnm2.ann2.Ah16g466800"
45488,0,"STRG.719",-19.343426,-2.1836436,2.31567776644087e-83,2.24295563062668e-80,0,-2.1836436,2.24295563062668e-80,"STRG.719"
45489,0,"arahy.Tifrunner.gnm2.ann2.Ah18g058000",-19.452856,-2.10714,2.75643849899626e-84,2.72791535278925e-81,0,-2.10714,2.72791535278925e-81,"arahy.Tifrunner.gnm2.ann2.Ah18g058000"
45490,0,"arahy.Tifrunner.gnm2.ann2.Ah14g403700",-19.525846,-2.231356,6.62108992275689e-85,6.6981888365241e-82,0,-2.231356,6.6981888365241e-82,"arahy.Tifrunner.gnm2.ann2.Ah14g403700"
45491,0,"arahy.Tifrunner.gnm2.ann2.Ah12g166200",-19.720264,-1.3719764,1.44472631510118e-86,1.49476638110605e-83,0,-1.3719764,1.49476638110605e-83,"arahy.Tifrunner.gnm2.ann2.Ah12g166200"
45492,0,"STRG.4844",-19.813904,-2.2971053,2.25871326567029e-87,2.39129448154359e-84,0,-2.2971053,2.39129448154359e-84,"STRG.4844"
45493,0,"arahy.Tifrunner.gnm2.ann2.Ah06g147500",-19.994364,-0.84758186,6.16604089595724e-89,6.68340108922755e-86,0,-0.84758186,6.68340108922755e-86,"arahy.Tifrunner.gnm2.ann2.Ah06g147500"
45494,0,"arahy.Tifrunner.gnm2.ann2.Ah10g092000",-20.591154,-2.6670442,3.29428561974982e-94,3.84536047573053e-91,0,-2.6670442,3.84536047573053e-91,"arahy.Tifrunner.gnm2.ann2.Ah10g092000"
45495,0,"STRG.192",-20.687538,-0.8178816,4.48528949257202e-95,5.37337681210128e-92,0,-0.8178816,5.37337681210128e-92,"STRG.192"
45496,0,"STRG.4756",-21.108524,-2.0705175,6.64141924629953e-99,8.39844360468167e-96,0,-2.0705175,8.39844360468167e-96,"STRG.4756"
45497,0,"arahy.Tifrunner.gnm2.ann2.Ah17g130900",-21.455523,-1.3143907,4.0552698535696e-102,5.42976778864419e-99,0,-1.3143907,5.42976778864419e-99,"arahy.Tifrunner.gnm2.ann2.Ah17g130900"
45498,0,"arahy.Tifrunner.gnm2.ann2.Ah14g062700",-21.623316,-1.7522677,1.08403062374603e-103,1.49543667016406e-100,0,-1.7522677,1.49543667016406e-100,"arahy.Tifrunner.gnm2.ann2.Ah14g062700"
45499,0,"STRG.3538",-21.887213,-2.2713182,3.43903941857303e-106,4.89246345284746e-103,0,-2.2713182,4.89246345284746e-103,"STRG.3538"
45500,0,"arahy.Tifrunner.gnm2.ann2.Ah08g256000",-22.322683,-1.838731,2.22526790961209e-110,3.26784181668325e-107,0,-1.838731,3.26784181668325e-107,"arahy.Tifrunner.gnm2.ann2.Ah08g256000"
45501,0,"arahy.Tifrunner.gnm2.ann2.Ah04g104700",-22.52485,-2.1962433,2.36954583830804e-112,3.59570682477118e-109,0,-2.1962433,3.59570682477118e-109,"arahy.Tifrunner.gnm2.ann2.Ah04g104700"
45502,0,"STRG.3558",-22.599716,-0.88101506,4.36172327978999e-113,6.84700312376411e-110,0,-0.88101506,6.84700312376411e-110,"STRG.3558"
45503,0,"arahy.Tifrunner.gnm2.ann2.Ah14g403600",-22.765114,-2.4083903,1.01671462714616e-114,1.65303273879292e-111,0,-2.4083903,1.65303273879292e-111,"arahy.Tifrunner.gnm2.ann2.Ah14g403600"
45504,0,"arahy.Tifrunner.gnm2.ann2.Ah04g425900",-23.25387,-2.4170923,1.29988916220046e-119,2.19170941555606e-116,0,-2.4170923,2.19170941555606e-116,"arahy.Tifrunner.gnm2.ann2.Ah04g425900"
45505,0,"arahy.Tifrunner.gnm2.ann2.Ah16g477300",-23.537182,-2.2661843,1.69848421414384e-122,2.97391520633401e-119,0,-2.2661843,2.97391520633401e-119,"arahy.Tifrunner.gnm2.ann2.Ah16g477300"
45506,0,"arahy.Tifrunner.gnm2.ann2.Ah06g385700",-24.560991,-2.3600621,3.30048737798716e-133,6.26047447481198e-130,0,-2.3600621,6.26047447481198e-130,"arahy.Tifrunner.gnm2.ann2.Ah06g385700"
45507,0,"arahy.Tifrunner.gnm2.ann2.Ah02g092500",-24.697716,-0.97936535,1.13167124577664e-134,2.23992181707547e-131,0,-0.97936535,2.23992181707547e-131,"arahy.Tifrunner.gnm2.ann2.Ah02g092500"
45508,0,"arahy.Tifrunner.gnm2.ann2.Ah10g030800",-24.733452,-2.348696,4.67203277496378e-135,9.66771000215688e-132,0,-2.348696,9.66771000215688e-132,"arahy.Tifrunner.gnm2.ann2.Ah10g030800"
45509,0,"STRG.687",-25.271805,-1.753341,6.52333409239368e-141,1.41413457724824e-137,0,-1.753341,1.41413457724824e-137,"STRG.687"
45510,0,"STRG.2911",-25.855211,-0.9971281,2.12603679340458e-147,5.37698327683055e-144,0,-0.9971281,5.37698327683055e-144,"STRG.2911"
45511,0,"arahy.Tifrunner.gnm2.ann2.Ah11g485700",-26.636824,-2.1907856,2.54365460659577e-156,7.71982215404438e-153,0,-2.1907856,7.71982215404438e-153,"arahy.Tifrunner.gnm2.ann2.Ah11g485700"
45512,0,"arahy.Tifrunner.gnm2.ann2.Ah14g119300",-28.139452,-2.278002,3.22585062717276e-174,1.12964326116471e-170,0,-2.278002,1.12964326116471e-170,"arahy.Tifrunner.gnm2.ann2.Ah14g119300"
45513,0,"arahy.Tifrunner.gnm2.ann2.Ah04g350700",-28.449621,-2.3066509,4.92584540494336e-178,1.86870155178868e-174,0,-2.3066509,1.86870155178868e-174,"arahy.Tifrunner.gnm2.ann2.Ah04g350700"
45514,0,"arahy.Tifrunner.gnm2.ann2.Ah20g052000",-28.455124,-2.478327,4.21115696672342e-178,1.74280645230106e-174,0,-2.478327,1.74280645230106e-174,"arahy.Tifrunner.gnm2.ann2.Ah20g052000"
45515,0,"arahy.Tifrunner.gnm2.ann2.Ah19g485300",-29.406914,-1.7541233,4.48025940059502e-190,2.03959328952687e-186,0,-1.7541233,2.03959328952687e-186,"arahy.Tifrunner.gnm2.ann2.Ah19g485300"
45516,0,"arahy.Tifrunner.gnm2.ann2.Ah07g120100",-29.552118,-1.4177969,6.16805670936031e-192,3.11994015152132e-188,0,-1.4177969,3.11994015152132e-188,"arahy.Tifrunner.gnm2.ann2.Ah07g120100"
45517,0,"arahy.Tifrunner.gnm2.ann2.Ah18g045800",-30.380669,-1.6597373,9.89063533910048e-203,5.62826603971513e-199,0,-1.6597373,5.62826603971513e-199,"arahy.Tifrunner.gnm2.ann2.Ah18g045800"
45518,0,"arahy.Tifrunner.gnm2.ann2.Ah08g165700",-33.293674,-1.6713225,4.76723161312589e-243,3.61705753259905e-239,0,-1.6713225,3.61705753259905e-239,"arahy.Tifrunner.gnm2.ann2.Ah08g165700"
45519,0,"arahy.Tifrunner.gnm2.ann2.Ah06g310100",-33.690254,-2.1996746,8.02990384750154e-249,7.3110668550732e-245,0,-2.1996746,7.3110668550732e-245,"arahy.Tifrunner.gnm2.ann2.Ah06g310100"
45520,0,"arahy.Tifrunner.gnm2.ann2.Ah17g200800",-33.964752,-2.3450375,7.38775507939647e-253,8.40800405586112e-249,0,-2.3450375,8.40800405586112e-249,"arahy.Tifrunner.gnm2.ann2.Ah17g200800"
45521,0,"STRG.4806",-34.056404,-1.6202863,3.26274390870314e-254,4.95110512332673e-250,0,-1.6202863,4.95110512332673e-250,"STRG.4806"
45522,0,"arahy.Tifrunner.gnm2.ann2.Ah06g130300",-34.806854,-1.7460607,1.91572656969418e-265,4.36057681793789e-261,0,-1.7460607,4.36057681793789e-261,"arahy.Tifrunner.gnm2.ann2.Ah06g130300"
45523,0,"STRG.4445",-37.03414,-1.7048719,3.2326654672443e-300,1.4716386273083e-295,0,-1.7048719,1.4716386273083e-295,"STRG.4445"
45524,1,"arahy.Tifrunner.gnm2.ann2.Ah06g130300",79.213455,3.759861,0,0,1,3.759861,0,"arahy.Tifrunner.gnm2.ann2.Ah06g130300"
45525,1,"STRG.4445",76.54,3.4852562,0,0,1,3.4852562,0,"STRG.4445"
45526,1,"STRG.4806",75.17344,3.4866407,0,0,1,3.4866407,0,"STRG.4806"
45527,1,"arahy.Tifrunner.gnm2.ann2.Ah06g310100",74.30197,3.8399277,0,0,1,3.8399277,0,"arahy.Tifrunner.gnm2.ann2.Ah06g310100"
45528,1,"arahy.Tifrunner.gnm2.ann2.Ah17g200800",66.08406,3.4785984,0,0,1,3.4785984,0,"arahy.Tifrunner.gnm2.ann2.Ah17g200800"
45529,1,"arahy.Tifrunner.gnm2.ann2.Ah19g485300",61.718895,3.0634146,0,0,1,3.0634146,0,"arahy.Tifrunner.gnm2.ann2.Ah19g485300"
45530,1,"arahy.Tifrunner.gnm2.ann2.Ah04g350700",61.262173,3.6873078,0,0,1,3.6873078,0,"arahy.Tifrunner.gnm2.ann2.Ah04g350700"
45531,1,"arahy.Tifrunner.gnm2.ann2.Ah11g485700",56.90954,3.5131342,0,0,1,3.5131342,0,"arahy.Tifrunner.gnm2.ann2.Ah11g485700"
45532,1,"arahy.Tifrunner.gnm2.ann2.Ah20g052000",55.036045,3.40617,0,0,1,3.40617,0,"arahy.Tifrunner.gnm2.ann2.Ah20g052000"
45533,1,"STRG.687",54.98916,3.0586872,0,0,1,3.0586872,0,"STRG.687"
45534,1,"arahy.Tifrunner.gnm2.ann2.Ah10g030800",52.645763,3.6172547,0,0,1,3.6172547,0,"arahy.Tifrunner.gnm2.ann2.Ah10g030800"
45535,1,"arahy.Tifrunner.gnm2.ann2.Ah14g403600",47.915092,3.6275437,0,0,1,3.6275437,0,"arahy.Tifrunner.gnm2.ann2.Ah14g403600"
45536,1,"arahy.Tifrunner.gnm2.ann2.Ah06g385700",47.663704,3.242944,0,0,1,3.242944,0,"arahy.Tifrunner.gnm2.ann2.Ah06g385700"
45537,1,"arahy.Tifrunner.gnm2.ann2.Ah04g425900",46.891468,3.4859495,0,0,1,3.4859495,0,"arahy.Tifrunner.gnm2.ann2.Ah04g425900"
45538,1,"arahy.Tifrunner.gnm2.ann2.Ah14g119300",46.395573,2.669014,0,0,1,2.669014,0,"arahy.Tifrunner.gnm2.ann2.Ah14g119300"
45539,1,"arahy.Tifrunner.gnm2.ann2.Ah16g477300",46.15281,3.1738265,0,0,1,3.1738265,0,"arahy.Tifrunner.gnm2.ann2.Ah16g477300"
45540,1,"STRG.4756",45.32529,3.3029954,0,0,1,3.3029954,0,"STRG.4756"
45541,1,"STRG.3538",45.253265,3.4175255,0,0,1,3.4175255,0,"STRG.3538"
45542,1,"arahy.Tifrunner.gnm2.ann2.Ah14g062700",42.883366,2.7742498,0,0,1,2.7742498,0,"arahy.Tifrunner.gnm2.ann2.Ah14g062700"
45543,1,"arahy.Tifrunner.gnm2.ann2.Ah08g256000",42.21546,2.6296048,0,0,1,2.6296048,0,"arahy.Tifrunner.gnm2.ann2.Ah08g256000"
45544,1,"arahy.Tifrunner.gnm2.ann2.Ah14g403700",42.018227,3.4628475,0,0,1,3.4628475,0,"arahy.Tifrunner.gnm2.ann2.Ah14g403700"
45545,1,"arahy.Tifrunner.gnm2.ann2.Ah18g058000",40.82527,3.26891,0,0,1,3.26891,0,"arahy.Tifrunner.gnm2.ann2.Ah18g058000"
45546,1,"STRG.3558",40.619194,1.5181278,0,0,1,1.5181278,0,"STRG.3558"
45547,1,"arahy.Tifrunner.gnm2.ann2.Ah14g495900",40.194496,3.6458795,0,0,1,3.6458795,0,"arahy.Tifrunner.gnm2.ann2.Ah14g495900"
45548,1,"arahy.Tifrunner.gnm2.ann2.Ah08g177500",39.692005,3.2382295,0,0,1,3.2382295,0,"arahy.Tifrunner.gnm2.ann2.Ah08g177500"
45549,1,"arahy.Tifrunner.gnm2.ann2.Ah15g171100",39.46807,3.9203405,0,0,1,3.9203405,0,"arahy.Tifrunner.gnm2.ann2.Ah15g171100"
45550,1,"STRG.719",39.185974,3.2513423,0,0,1,3.2513423,0,"STRG.719"
45551,1,"arahy.Tifrunner.gnm2.ann2.Ah16g466800",39.008087,3.3042443,0,0,1,3.3042443,0,"arahy.Tifrunner.gnm2.ann2.Ah16g466800"
45552,1,"STRG.4844",38.05751,3.1802597,0,0,1,3.1802597,0,"STRG.4844"
45553,1,"arahy.Tifrunner.gnm2.ann2.Ah17g352100",36.795605,3.5766568,2.17050398474415e-296,3.29366744671642e-293,1,3.5766568,3.29366744671642e-293,"arahy.Tifrunner.gnm2.ann2.Ah17g352100"
45554,1,"arahy.Tifrunner.gnm2.ann2.Ah04g104700",36.310646,2.388941,1.09896735693414e-288,1.61385128893773e-285,1,2.388941,1.61385128893773e-285,"arahy.Tifrunner.gnm2.ann2.Ah04g104700"
45555,1,"arahy.Tifrunner.gnm2.ann2.Ah14g066500",36.104267,3.1758034,1.94383803909901e-285,2.76535259037324e-282,1,3.1758034,2.76535259037324e-282,"arahy.Tifrunner.gnm2.ann2.Ah14g066500"
45556,1,"arahy.Tifrunner.gnm2.ann2.Ah08g021700",35.72685,3.6877487,1.51421248475817e-279,2.0888790653373e-276,1,3.6877487,2.0888790653373e-276,"arahy.Tifrunner.gnm2.ann2.Ah08g021700"
45557,1,"STRG.5769",35.188522,3.8945901,2.99568815024904e-271,4.01105021623345e-268,1,3.8945901,4.01105021623345e-268,"STRG.5769"
45558,1,"arahy.Tifrunner.gnm2.ann2.Ah09g409800",33.96949,3.0650675,6.28882175585789e-253,8.17978061753357e-250,1,3.0650675,8.17978061753357e-250,"arahy.Tifrunner.gnm2.ann2.Ah09g409800"
45559,1,"arahy.Tifrunner.gnm2.ann2.Ah17g203300",33.18915,3.2212775,1.54379519923904e-241,1.89945223378805e-238,1,3.2212775,1.89945223378805e-238,"arahy.Tifrunner.gnm2.ann2.Ah17g203300"
45560,1,"arahy.Tifrunner.gnm2.ann2.Ah10g327300",33.06395,3.3634653,9.80484303803223e-240,1.17462019595626e-236,1,3.3634653,1.17462019595626e-236,"arahy.Tifrunner.gnm2.ann2.Ah10g327300"
45561,1,"arahy.Tifrunner.gnm2.ann2.Ah06g377400",32.71781,3.2597325,8.71659489195683e-235,1.0174724765678e-231,1,3.2597325,1.0174724765678e-231,"arahy.Tifrunner.gnm2.ann2.Ah06g377400"
45562,1,"arahy.Tifrunner.gnm2.ann2.Ah15g406500",32.505592,1.9371693,8.88889589034172e-232,1.01164524127979e-228,1,1.9371693,1.01164524127979e-228,"arahy.Tifrunner.gnm2.ann2.Ah15g406500"
45563,1,"arahy.Tifrunner.gnm2.ann2.Ah05g232400",31.659185,3.2496023,5.66834076705403e-220,6.2937937824236e-217,1,3.2496023,6.2937937824236e-217,"arahy.Tifrunner.gnm2.ann2.Ah05g232400"
45564,1,"arahy.Tifrunner.gnm2.ann2.Ah20g419300",30.446758,3.3596342,1.32231784299512e-203,1.39993482522116e-200,1,3.3596342,1.39993482522116e-200,"arahy.Tifrunner.gnm2.ann2.Ah20g419300"
45565,1,"STRG.4331",30.161898,2.8962383,7.48959187961648e-200,7.74900410744683e-197,1,2.8962383,7.74900410744683e-197,"STRG.4331"
45566,1,"arahy.Tifrunner.gnm2.ann2.Ah13g380800",29.868706,3.1981685,5.01879416000715e-196,5.07723522978146e-193,1,3.1981685,5.07723522978146e-193,"arahy.Tifrunner.gnm2.ann2.Ah13g380800"
45567,1,"arahy.Tifrunner.gnm2.ann2.Ah14g462000",29.80903,2.748016,2.98389039643706e-195,2.95301361755219e-192,1,2.748016,2.95301361755219e-192,"arahy.Tifrunner.gnm2.ann2.Ah14g462000"
45568,1,"STRG.1416",28.821331,2.9856136,1.1592762539303e-182,1.12287004646645e-179,1,2.9856136,1.12287004646645e-179,"STRG.1416"
45569,1,"STRG.3916",27.986828,2.8441744,2.35037164024733e-172,2.22913163647124e-169,1,2.8441744,2.22913163647124e-169,"STRG.3916"
45570,1,"arahy.Tifrunner.gnm2.ann2.Ah04g064900",27.789734,3.847132,5.7722087961022e-170,5.36273537211748e-167,1,3.847132,5.36273537211748e-167,"arahy.Tifrunner.gnm2.ann2.Ah04g064900"
45571,1,"arahy.Tifrunner.gnm2.ann2.Ah03g326000",27.559092,3.100651,3.44359789516624e-167,3.13532701159096e-164,1,3.100651,3.13532701159096e-164,"arahy.Tifrunner.gnm2.ann2.Ah03g326000"
45572,1,"arahy.Tifrunner.gnm2.ann2.Ah07g177500",27.42351,2.953458,1.43848044781528e-165,1.28402713541849e-162,1,2.953458,1.28402713541849e-162,"arahy.Tifrunner.gnm2.ann2.Ah07g177500"
45573,1,"STRG.2239",26.517319,2.1768754,6.12002757100681e-155,5.35784875274065e-152,1,2.1768754,5.35784875274065e-152,"STRG.2239"
45574,1,"arahy.Tifrunner.gnm2.ann2.Ah19g512300",26.23652,2.779072,1.01860090341474e-151,8.7492051937835e-149,1,2.779072,8.7492051937835e-149,"arahy.Tifrunner.gnm2.ann2.Ah19g512300"
45575,1,"arahy.Tifrunner.gnm2.ann2.Ah01g013100",26.227564,3.2415314,1.28884831227706e-151,1.08654686237224e-148,1,3.2415314,1.08654686237224e-148,"arahy.Tifrunner.gnm2.ann2.Ah01g013100"
45576,1,"STRG.1614",26.07965,1.3988,6.20442473901122e-150,5.13545876034085e-147,1,1.3988,5.13545876034085e-147,"STRG.1614"
45577,1,"STRG.2274",26.076756,2.8340986,6.69165980939533e-150,5.43984144933773e-147,1,2.8340986,5.43984144933773e-147,"STRG.2274"
45578,1,"STRG.561",25.868555,3.2296119,1.50475661467859e-147,1.20179894958997e-144,1,3.2296119,1.20179894958997e-144,"STRG.561"
45579,1,"arahy.Tifrunner.gnm2.ann2.Ah13g256600",25.329845,3.2125762,1.49876153839255e-141,1.15643424192852e-138,1,3.2125762,1.15643424192852e-138,"arahy.Tifrunner.gnm2.ann2.Ah13g256600"
45580,1,"arahy.Tifrunner.gnm2.ann2.Ah05g371500",24.770086,1.5037093,1.88391619278046e-135,1.40595738951045e-132,1,1.5037093,1.40595738951045e-132,"arahy.Tifrunner.gnm2.ann2.Ah05g371500"
45581,1,"STRG.1454",24.74065,2.94814,3.90878214533125e-135,2.87005481264613e-132,1,2.94814,2.87005481264613e-132,"STRG.1454"
45582,1,"arahy.Tifrunner.gnm2.ann2.Ah19g073000",24.44872,2.9504223,5.19254611293396e-132,3.69352295695634e-129,1,2.9504223,3.69352295695634e-129,"arahy.Tifrunner.gnm2.ann2.Ah19g073000"
45583,1,"arahy.Tifrunner.gnm2.ann2.Ah10g092000",23.259905,1.9456238,1.12937272901444e-119,7.78993395691715e-117,1,1.9456238,7.78993395691715e-117,"arahy.Tifrunner.gnm2.ann2.Ah10g092000"
45584,1,"arahy.Tifrunner.gnm2.ann2.Ah12g239600",23.18182,2.8672,6.94650154797192e-119,4.71988860402796e-116,1,2.8672,4.71988860402796e-116,"arahy.Tifrunner.gnm2.ann2.Ah12g239600"
45585,1,"arahy.Tifrunner.gnm2.ann2.Ah19g376300",22.697792,2.9574728,4.71072315177173e-114,3.15369059943024e-111,1,2.9574728,3.15369059943024e-111,"arahy.Tifrunner.gnm2.ann2.Ah19g376300"
45586,1,"arahy.Tifrunner.gnm2.ann2.Ah13g490500",22.5662,2.8872142,9.31103896403276e-113,6.09900250433392e-110,1,2.8872142,6.09900250433392e-110,"arahy.Tifrunner.gnm2.ann2.Ah13g490500"
45587,1,"arahy.Tifrunner.gnm2.ann2.Ah07g179100",22.565884,3.1388035,9.37813406781861e-113,6.09900250433392e-110,1,3.1388035,6.09900250433392e-110,"arahy.Tifrunner.gnm2.ann2.Ah07g179100"
45588,1,"arahy.Tifrunner.gnm2.ann2.Ah09g054000",22.45424,2.6083055,1.16326688111641e-111,7.35507798554769e-109,1,2.6083055,7.35507798554769e-109,"arahy.Tifrunner.gnm2.ann2.Ah09g054000"
45589,1,"arahy.Tifrunner.gnm2.ann2.Ah20g079200",22.268791,2.9560783,7.41737772800266e-110,4.62559868067936e-107,1,2.9560783,4.62559868067936e-107,"arahy.Tifrunner.gnm2.ann2.Ah20g079200"
45590,1,"arahy.Tifrunner.gnm2.ann2.Ah06g040500",21.733273,2.79403,9.94552415459779e-105,6.03680055485213e-102,1,2.79403,6.03680055485213e-102,"arahy.Tifrunner.gnm2.ann2.Ah06g040500"
45591,1,"arahy.Tifrunner.gnm2.ann2.Ah03g231100",21.217735,3.008528,6.55040989610245e-100,3.92369552776536e-97,1,3.008528,3.92369552776536e-97,"arahy.Tifrunner.gnm2.ann2.Ah03g231100"
45592,1,"arahy.Tifrunner.gnm2.ann2.Ah11g002700",20.769567,3.5168486,8.15899127935767e-96,4.82376518183739e-93,1,3.5168486,4.82376518183739e-93,"arahy.Tifrunner.gnm2.ann2.Ah11g002700"
45593,1,"arahy.Tifrunner.gnm2.ann2.Ah02g312700",20.668453,3.6298625,6.66172809072085e-95,3.88805781540995e-92,1,3.6298625,3.88805781540995e-92,"arahy.Tifrunner.gnm2.ann2.Ah02g312700"
45594,1,"STRG.3208",20.34721,1.7715966,4.91463432114719e-92,2.79667266044881e-89,1,1.7715966,2.79667266044881e-89,"STRG.3208"
45595,1,"STRG.1669",20.308584,2.7215762,1.07971225632902e-91,6.06824947618793e-89,1,2.7215762,6.06824947618793e-89,"STRG.1669"
45596,1,"arahy.Tifrunner.gnm2.ann2.Ah15g532900",20.219461,3.232985,6.59988937837737e-91,3.61992004893074e-88,1,3.232985,3.61992004893074e-88,"arahy.Tifrunner.gnm2.ann2.Ah15g532900"
45597,1,"arahy.Tifrunner.gnm2.ann2.Ah03g078700",20.025091,2.836311,3.32896157234839e-89,1.80413865023319e-86,1,2.836311,1.80413865023319e-86,"arahy.Tifrunner.gnm2.ann2.Ah03g078700"
45598,1,"STRG.1498",20.016619,2.1731386,3.94614321986676e-89,2.11346145813193e-86,1,2.1731386,2.11346145813193e-86,"STRG.1498"
45599,1,"arahy.Tifrunner.gnm2.ann2.Ah07g005300",19.998148,1.8538077,5.71555573233129e-89,3.02552278091453e-86,1,1.8538077,3.02552278091453e-86,"arahy.Tifrunner.gnm2.ann2.Ah07g005300"
45600,1,"arahy.Tifrunner.gnm2.ann2.Ah12g037400",19.757431,3.1082833,6.92397535191076e-87,3.62306958529178e-84,1,3.1082833,3.62306958529178e-84,"arahy.Tifrunner.gnm2.ann2.Ah12g037400"
45601,1,"arahy.Tifrunner.gnm2.ann2.Ah10g329400",19.731415,3.3744695,1.1587942590585e-86,5.9946533919749e-84,1,3.3744695,5.9946533919749e-84,"arahy.Tifrunner.gnm2.ann2.Ah10g329400"
45602,1,"arahy.Tifrunner.gnm2.ann2.Ah14g470000",19.700747,3.3749537,2.12464195728983e-86,1.08676629734452e-83,1,3.3749537,1.08676629734452e-83,"arahy.Tifrunner.gnm2.ann2.Ah14g470000"
45603,1,"arahy.Tifrunner.gnm2.ann2.Ah11g098900",19.42555,2.8102214,4.6933332557235e-84,2.34790443003909e-81,1,2.8102214,2.34790443003909e-81,"arahy.Tifrunner.gnm2.ann2.Ah11g098900"
45604,1,"arahy.Tifrunner.gnm2.ann2.Ah06g385500",19.424067,2.984414,4.8308455114697e-84,2.39042838113203e-81,1,2.984414,2.39042838113203e-81,"arahy.Tifrunner.gnm2.ann2.Ah06g385500"
45605,1,"arahy.Tifrunner.gnm2.ann2.Ah02g324600",18.94864,3.0446315,4.531432248648e-80,2.21816044825217e-77,1,3.0446315,2.21816044825217e-77,"arahy.Tifrunner.gnm2.ann2.Ah02g324600"
45606,1,"arahy.Tifrunner.gnm2.ann2.Ah05g069400",18.838333,3.0385435,3.66317810463311e-79,1.77406936207785e-76,1,3.0385435,1.77406936207785e-76,"arahy.Tifrunner.gnm2.ann2.Ah05g069400"
45607,1,"arahy.Tifrunner.gnm2.ann2.Ah01g328300",18.747395,3.3948624,2.03313862585942e-78,9.74280029511832e-76,1,3.3948624,9.74280029511832e-76,"arahy.Tifrunner.gnm2.ann2.Ah01g328300"
45608,1,"STRG.1624",18.64484,2.7720296,1.39067944885776e-77,6.5267310546186e-75,1,2.7720296,6.5267310546186e-75,"STRG.1624"
45609,1,"STRG.5798",18.569143,2.4181871,5.71063979008653e-77,2.65276699799897e-74,1,2.4181871,2.65276699799897e-74,"STRG.5798"
45610,1,"STRG.4533",18.522093,2.5500546,1.3700517872125e-76,6.30002399606684e-74,1,2.5500546,6.30002399606684e-74,"STRG.4533"
45611,1,"arahy.Tifrunner.gnm2.ann2.Ah07g271800",18.281155,3.2353847,1.16925575756063e-74,5.32291991071903e-72,1,3.2353847,5.32291991071903e-72,"arahy.Tifrunner.gnm2.ann2.Ah07g271800"
45612,1,"STRG.3858",18.00657,1.0150565,1.7302194219219e-72,7.79866425381906e-70,1,1.0150565,7.79866425381906e-70,"STRG.3858"
45613,1,"arahy.Tifrunner.gnm2.ann2.Ah05g434900",17.487139,3.5139854,1.79546985328774e-68,7.93562811660883e-66,1,3.5139854,7.93562811660883e-66,"arahy.Tifrunner.gnm2.ann2.Ah05g434900"
45614,1,"arahy.Tifrunner.gnm2.ann2.Ah12g358400",17.387037,3.5985062,1.03446848335411e-67,4.52818684963581e-65,1,3.5985062,4.52818684963581e-65,"arahy.Tifrunner.gnm2.ann2.Ah12g358400"
45615,1,"arahy.Tifrunner.gnm2.ann2.Ah13g539200",17.244793,1.720275,1.22450531255944e-66,5.30898855704343e-64,1,1.720275,5.30898855704343e-64,"arahy.Tifrunner.gnm2.ann2.Ah13g539200"
45616,1,"arahy.Tifrunner.gnm2.ann2.Ah18g033300",17.141373,2.2724102,7.29087551801074e-66,3.13122468945208e-63,1,2.2724102,3.13122468945208e-63,"arahy.Tifrunner.gnm2.ann2.Ah18g033300"
45617,1,"arahy.Tifrunner.gnm2.ann2.Ah09g430900",17.094755,3.7935493,1.62377743465704e-65,6.90849008741373e-63,1,3.7935493,6.90849008741373e-63,"arahy.Tifrunner.gnm2.ann2.Ah09g430900"
45618,1,"arahy.Tifrunner.gnm2.ann2.Ah04g393200",16.962006,2.370296,1.56894036625255e-64,6.61337418826675e-62,1,2.370296,6.61337418826675e-62,"arahy.Tifrunner.gnm2.ann2.Ah04g393200"
45619,1,"STRG.285",16.926828,2.8449793,2.85348829355879e-64,1.19176331262358e-61,1,2.8449793,1.19176331262358e-61,"STRG.285"
45620,1,"arahy.Tifrunner.gnm2.ann2.Ah16g132000",16.876896,2.515515,6.65545018900747e-64,2.72957400364303e-61,1,2.515515,2.72957400364303e-61,"arahy.Tifrunner.gnm2.ann2.Ah16g132000"
45621,1,"STRG.5721",16.793064,1.5767974,2.74312357681278e-63,1.11498176527522e-60,1,1.5767974,1.11498176527522e-60,"STRG.5721"
45622,1,"arahy.Tifrunner.gnm2.ann2.Ah05g381100",16.750935,2.4336252,5.57429974393325e-63,2.24570284551166e-60,1,2.4336252,2.24570284551166e-60,"arahy.Tifrunner.gnm2.ann2.Ah05g381100"
45623,1,"arahy.Tifrunner.gnm2.ann2.Ah14g006300",16.71191,2.5599368,1.07342766795296e-62,4.28655448735883e-60,1,2.5599368,4.28655448735883e-60,"arahy.Tifrunner.gnm2.ann2.Ah14g006300"
45624,1,"arahy.Tifrunner.gnm2.ann2.Ah06g105800",16.60716,3.4953673,6.18526832383675e-62,2.44850569716821e-59,1,3.4953673,2.44850569716821e-59,"arahy.Tifrunner.gnm2.ann2.Ah06g105800"
45625,1,"arahy.Tifrunner.gnm2.ann2.Ah13g310400",16.520515,3.1558962,2.61159702480482e-61,1.02491674963116e-58,1,3.1558962,1.02491674963116e-58,"arahy.Tifrunner.gnm2.ann2.Ah13g310400"
45626,1,"arahy.Tifrunner.gnm2.ann2.Ah13g539100",16.478125,3.4214513,5.26938033951136e-61,2.05028436389671e-58,1,3.4214513,2.05028436389671e-58,"arahy.Tifrunner.gnm2.ann2.Ah13g539100"
45627,1,"arahy.Tifrunner.gnm2.ann2.Ah20g132400",16.217329,2.086368,3.80383443332961e-59,1.45517444321762e-56,1,2.086368,1.45517444321762e-56,"arahy.Tifrunner.gnm2.ann2.Ah20g132400"
45628,1,"arahy.Tifrunner.gnm2.ann2.Ah15g078400",16.00004,2.2663367,1.27692172689482e-57,4.84421539126333e-55,1,2.2663367,4.84421539126333e-55,"arahy.Tifrunner.gnm2.ann2.Ah15g078400"
45629,1,"arahy.Tifrunner.gnm2.ann2.Ah17g005800",15.752269,1.8297199,6.62607917048737e-56,2.49293907567989e-53,1,1.8297199,2.49293907567989e-53,"arahy.Tifrunner.gnm2.ann2.Ah17g005800"
45630,1,"arahy.Tifrunner.gnm2.ann2.Ah03g509400",15.714677,3.3435369,1.19991582168895e-55,4.47745638250554e-53,1,3.3435369,4.47745638250554e-53,"arahy.Tifrunner.gnm2.ann2.Ah03g509400"
45631,1,"arahy.Tifrunner.gnm2.ann2.Ah03g271600",15.634651,2.8035815,4.22783812526519e-55,1.56478132369571e-52,1,2.8035815,1.56478132369571e-52,"arahy.Tifrunner.gnm2.ann2.Ah03g271600"
45632,1,"arahy.Tifrunner.gnm2.ann2.Ah18g019500",15.572976,2.1722558,1.11115303080639e-54,4.07936536890565e-52,1,2.1722558,4.07936536890565e-52,"arahy.Tifrunner.gnm2.ann2.Ah18g019500"
45633,1,"arahy.Tifrunner.gnm2.ann2.Ah16g055700",15.509197,3.7149212,3.00614486906302e-54,1.0948139121538e-51,1,3.7149212,1.0948139121538e-51,"arahy.Tifrunner.gnm2.ann2.Ah16g055700"
45634,1,"arahy.Tifrunner.gnm2.ann2.Ah03g509500",15.323536,1.8275332,5.32408790266453e-53,1.90845494236929e-50,1,1.8275332,1.90845494236929e-50,"arahy.Tifrunner.gnm2.ann2.Ah03g509500"
45635,1,"arahy.Tifrunner.gnm2.ann2.Ah09g295100",15.277778,3.3070805,1.07546486637694e-52,3.82495801382374e-50,1,3.3070805,3.82495801382374e-50,"arahy.Tifrunner.gnm2.ann2.Ah09g295100"
45636,1,"arahy.Tifrunner.gnm2.ann2.Ah03g459900",15.176373,3.1382737,5.07058319158517e-52,1.76208571918873e-49,1,3.1382737,1.76208571918873e-49,"arahy.Tifrunner.gnm2.ann2.Ah03g459900"
45637,1,"arahy.Tifrunner.gnm2.ann2.Ah20g132700",14.741623,2.6636388,3.48312753930139e-49,1.15741531459238e-46,1,2.6636388,1.15741531459238e-46,"arahy.Tifrunner.gnm2.ann2.Ah20g132700"
45638,1,"arahy.Tifrunner.gnm2.ann2.Ah15g314200",14.722152,2.1436994,4.64639385625064e-49,1.53277126023155e-46,1,2.1436994,1.53277126023155e-46,"arahy.Tifrunner.gnm2.ann2.Ah15g314200"
45639,1,"arahy.Tifrunner.gnm2.ann2.Ah10g092300",14.68541,2.165505,7.99497132042267e-49,2.61843938410735e-46,1,2.165505,2.61843938410735e-46,"arahy.Tifrunner.gnm2.ann2.Ah10g092300"
45640,1,"arahy.Tifrunner.gnm2.ann2.Ah08g333400",14.555195,2.0950606,5.4131780575665e-48,1.76021084209041e-45,1,2.0950606,1.76021084209041e-45,"arahy.Tifrunner.gnm2.ann2.Ah08g333400"
45641,1,"STRG.1696",14.553101,2.3249938,5.58144382040216e-48,1.80205424453892e-45,1,2.3249938,1.80205424453892e-45,"STRG.1696"
45642,1,"STRG.1326",14.340845,3.7912068,1.21566176838126e-46,3.87005498907613e-44,1,3.7912068,3.87005498907613e-44,"STRG.1326"
45643,1,"STRG.2605",14.203957,2.4562638,8.65830562256397e-46,2.69973085727125e-43,1,2.4562638,2.69973085727125e-43,"STRG.2605"
45644,1,"arahy.Tifrunner.gnm2.ann2.Ah10g032100",14.150159,2.1477191,1.86335984184233e-45,5.77058458775715e-43,1,2.1477191,5.77058458775715e-43,"arahy.Tifrunner.gnm2.ann2.Ah10g032100"
45645,1,"arahy.Tifrunner.gnm2.ann2.Ah09g404400",14.144391,1.5080446,2.02258847282713e-45,6.22137281330962e-43,1,1.5080446,6.22137281330962e-43,"arahy.Tifrunner.gnm2.ann2.Ah09g404400"
45646,1,"arahy.Tifrunner.gnm2.ann2.Ah04g000700",13.897241,2.461375,6.58310732570895e-44,2.01133810668171e-41,1,2.461375,2.01133810668171e-41,"arahy.Tifrunner.gnm2.ann2.Ah04g000700"
45647,1,"arahy.Tifrunner.gnm2.ann2.Ah13g113600",13.768865,3.0656555,3.92330640292505e-43,1.19069733791173e-40,1,3.0656555,1.19069733791173e-40,"arahy.Tifrunner.gnm2.ann2.Ah13g113600"
45648,1,"arahy.Tifrunner.gnm2.ann2.Ah15g562000",13.751252,2.5128798,5.00556483660053e-43,1.50909492464505e-40,1,2.5128798,1.50909492464505e-40,"arahy.Tifrunner.gnm2.ann2.Ah15g562000"
45649,1,"arahy.Tifrunner.gnm2.ann2.Ah03g075900",13.665743,2.3849926,1.6263647309614e-42,4.83912601387494e-40,1,2.3849926,4.83912601387494e-40,"arahy.Tifrunner.gnm2.ann2.Ah03g075900"
45650,1,"arahy.Tifrunner.gnm2.ann2.Ah15g394700",13.658866,2.1239405,1.78745594723337e-42,5.28390548973064e-40,1,2.1239405,5.28390548973064e-40,"arahy.Tifrunner.gnm2.ann2.Ah15g394700"
45651,1,"STRG.4743",13.603965,1.9401593,3.79302916226795e-42,1.11402490053604e-39,1,1.9401593,1.11402490053604e-39,"STRG.4743"
45652,1,"arahy.Tifrunner.gnm2.ann2.Ah11g444500",13.58793,2.9620826,4.72248545195007e-42,1.37811812637548e-39,1,2.9620826,1.37811812637548e-39,"arahy.Tifrunner.gnm2.ann2.Ah11g444500"
45653,1,"arahy.Tifrunner.gnm2.ann2.Ah04g427500",13.553413,3.6561081,7.56297401972618e-42,2.19297343486634e-39,1,3.6561081,2.19297343486634e-39,"arahy.Tifrunner.gnm2.ann2.Ah04g427500"
45654,1,"arahy.Tifrunner.gnm2.ann2.Ah05g307300",13.518401,2.55506,1.21794322023681e-41,3.5092181745608e-39,1,2.55506,3.5092181745608e-39,"arahy.Tifrunner.gnm2.ann2.Ah05g307300"
45655,1,"arahy.Tifrunner.gnm2.ann2.Ah05g077600",13.281766,2.4846706,2.95345330513542e-40,8.45616404169716e-38,1,2.4846706,8.45616404169716e-38,"arahy.Tifrunner.gnm2.ann2.Ah05g077600"
45656,1,"STRG.4665",13.086656,1.7453822,3.92511610017341e-39,1.10985705182791e-36,1,1.7453822,1.10985705182791e-36,"STRG.4665"
45657,1,"arahy.Tifrunner.gnm2.ann2.Ah16g516300",13.082796,1.0779562,4.12963635369248e-39,1.16047879855245e-36,1,1.0779562,1.16047879855245e-36,"arahy.Tifrunner.gnm2.ann2.Ah16g516300"
45658,1,"arahy.Tifrunner.gnm2.ann2.Ah11g461600",13.0062275,3.5110278,1.12773739172635e-38,3.13043396469209e-36,1,3.5110278,3.13043396469209e-36,"arahy.Tifrunner.gnm2.ann2.Ah11g461600"
45659,1,"arahy.Tifrunner.gnm2.ann2.Ah18g446700",12.628602,2.0643723,1.4686404867904e-36,4.02761382654494e-34,1,2.0643723,4.02761382654494e-34,"arahy.Tifrunner.gnm2.ann2.Ah18g446700"
45660,1,"arahy.Tifrunner.gnm2.ann2.Ah19g519200",12.62295,1.3130975,1.57798369617886e-36,4.30156465777522e-34,1,1.3130975,4.30156465777522e-34,"arahy.Tifrunner.gnm2.ann2.Ah19g519200"
45661,1,"arahy.Tifrunner.gnm2.ann2.Ah03g137300",12.536785,2.1181085,4.69664899646358e-36,1.27268005306552e-33,1,2.1181085,1.27268005306552e-33,"arahy.Tifrunner.gnm2.ann2.Ah03g137300"
45662,1,"arahy.Tifrunner.gnm2.ann2.Ah05g424400",12.033036,2.4196765,2.38234394944537e-33,6.23297850313511e-31,1,2.4196765,6.23297850313511e-31,"arahy.Tifrunner.gnm2.ann2.Ah05g424400"
45663,1,"STRG.1804",11.987061,1.3420923,4.15383244090477e-33,1.08056610308428e-30,1,1.3420923,1.08056610308428e-30,"STRG.1804"
45664,1,"arahy.Tifrunner.gnm2.ann2.Ah16g100500",11.963051,3.078966,5.54852427495075e-33,1.43517624484578e-30,1,3.078966,1.43517624484578e-30,"arahy.Tifrunner.gnm2.ann2.Ah16g100500"
45665,1,"arahy.Tifrunner.gnm2.ann2.Ah01g059100",11.913746,3.3405714,1.0036521624923e-32,2.56686859805052e-30,1,3.3405714,2.56686859805052e-30,"arahy.Tifrunner.gnm2.ann2.Ah01g059100"
45666,1,"arahy.Tifrunner.gnm2.ann2.Ah20g053700",11.725798,1.8802552,9.4011084257185e-32,2.39092770934307e-29,1,1.8802552,2.39092770934307e-29,"arahy.Tifrunner.gnm2.ann2.Ah20g053700"
45667,1,"arahy.Tifrunner.gnm2.ann2.Ah02g037800",11.623626,3.2972667,3.12582329202078e-31,7.86187732298087e-29,1,3.2972667,7.86187732298087e-29,"arahy.Tifrunner.gnm2.ann2.Ah02g037800"
45668,1,"arahy.Tifrunner.gnm2.ann2.Ah03g414700",11.607667,3.7304277,3.767541611616e-31,9.4238222157806e-29,1,3.7304277,9.4238222157806e-29,"arahy.Tifrunner.gnm2.ann2.Ah03g414700"
45669,1,"STRG.618",11.406582,1.7077935,3.87664477833952e-30,9.53947983184476e-28,1,1.7077935,9.53947983184476e-28,"STRG.618"
45670,1,"STRG.1700",11.383065,2.1058354,5.07827531619376e-30,1.24292153491616e-27,1,2.1058354,1.24292153491616e-27,"STRG.1700"
45671,1,"arahy.Tifrunner.gnm2.ann2.Ah19g176800",11.188063,2.5052092,4.66514544107992e-29,1.12368296856996e-26,1,2.5052092,1.12368296856996e-26,"arahy.Tifrunner.gnm2.ann2.Ah19g176800"
45672,1,"arahy.Tifrunner.gnm2.ann2.Ah14g015900",11.170197,3.1600504,5.70546683573718e-29,1.36702985384263e-26,1,3.1600504,1.36702985384263e-26,"arahy.Tifrunner.gnm2.ann2.Ah14g015900"
45673,1,"arahy.Tifrunner.gnm2.ann2.Ah19g025500",11.1451435,1.7823483,7.56226529753723e-29,1.79304461148482e-26,1,1.7823483,1.79304461148482e-26,"arahy.Tifrunner.gnm2.ann2.Ah19g025500"
45674,1,"arahy.Tifrunner.gnm2.ann2.Ah08g043700",11.062049,2.9553492,1.91667515927096e-28,4.52096994562959e-26,1,2.9553492,4.52096994562959e-26,"arahy.Tifrunner.gnm2.ann2.Ah08g043700"
45675,1,"arahy.Tifrunner.gnm2.ann2.Ah10g059500",11.0518,2.344357,2.14864424949269e-28,5.04200416566522e-26,1,2.344357,5.04200416566522e-26,"arahy.Tifrunner.gnm2.ann2.Ah10g059500"
45676,1,"arahy.Tifrunner.gnm2.ann2.Ah19g524800",11.009305,2.3344278,3.4465316759244e-28,8.0461491289632e-26,1,2.3344278,8.0461491289632e-26,"arahy.Tifrunner.gnm2.ann2.Ah19g524800"
45677,1,"arahy.Tifrunner.gnm2.ann2.Ah14g437600",10.616654,2.009178,2.49338911651465e-26,5.7039721678499e-24,1,2.009178,5.7039721678499e-24,"arahy.Tifrunner.gnm2.ann2.Ah14g437600"
45678,1,"STRG.1895",10.587868,1.7354524,3.39229241304559e-26,7.64508513918254e-24,1,1.7354524,7.64508513918254e-24,"STRG.1895"
45679,1,"arahy.Tifrunner.gnm2.ann2.Ah10g343300",10.570615,3.5445712,4.07812211760444e-26,9.14543996462189e-24,1,3.5445712,9.14543996462189e-24,"arahy.Tifrunner.gnm2.ann2.Ah10g343300"
45680,1,"STRG.3176",10.547306,1.7836795,5.2274601367677e-26,1.16654360424614e-23,1,1.7836795,1.16654360424614e-23,"STRG.3176"
45681,1,"arahy.Tifrunner.gnm2.ann2.Ah03g109100",10.528777,2.5088992,6.36559536718319e-26,1.40673477425072e-23,1,2.5088992,1.40673477425072e-23,"arahy.Tifrunner.gnm2.ann2.Ah03g109100"
45682,1,"STRG.2319",10.525355,2.0805032,6.60121983908729e-26,1.45175812538459e-23,1,2.0805032,1.45175812538459e-23,"STRG.2319"
45683,1,"arahy.Tifrunner.gnm2.ann2.Ah13g120100",10.443556,2.6804678,1.56824044340868e-25,3.3996465688446e-23,1,2.6804678,3.3996465688446e-23,"arahy.Tifrunner.gnm2.ann2.Ah13g120100"
45684,1,"arahy.Tifrunner.gnm2.ann2.Ah06g068000",10.432993,2.5220258,1.75278106858347e-25,3.78168745811345e-23,1,2.5220258,3.78168745811345e-23,"arahy.Tifrunner.gnm2.ann2.Ah06g068000"
45685,1,"arahy.Tifrunner.gnm2.ann2.Ah15g102800",10.431439,1.2345628,1.78168156780566e-25,3.8259090421125e-23,1,1.2345628,3.8259090421125e-23,"arahy.Tifrunner.gnm2.ann2.Ah15g102800"
45686,1,"arahy.Tifrunner.gnm2.ann2.Ah19g073100",10.407175,2.7798727,2.29943002022297e-25,4.89155384302012e-23,1,2.7798727,4.89155384302012e-23,"arahy.Tifrunner.gnm2.ann2.Ah19g073100"
45687,1,"arahy.Tifrunner.gnm2.ann2.Ah03g088200",10.393129,3.0582404,2.66463901618191e-25,5.64209425919374e-23,1,3.0582404,5.64209425919374e-23,"arahy.Tifrunner.gnm2.ann2.Ah03g088200"
45688,1,"STRG.1570",10.308736,2.7885675,6.43418936993494e-25,1.35606498554129e-22,1,2.7885675,1.35606498554129e-22,"STRG.1570"
45689,1,"arahy.Tifrunner.gnm2.ann2.Ah03g141000",10.298989,3.0911963,7.12053966181373e-25,1.49380390582677e-22,1,3.0911963,1.49380390582677e-22,"arahy.Tifrunner.gnm2.ann2.Ah03g141000"
45690,1,"arahy.Tifrunner.gnm2.ann2.Ah11g113800",10.243577,3.039411,1.26471799998123e-24,2.62899644891075e-22,1,3.039411,2.62899644891075e-22,"arahy.Tifrunner.gnm2.ann2.Ah11g113800"
45691,1,"arahy.Tifrunner.gnm2.ann2.Ah08g063700",10.1159,2.4786615,4.69678910891787e-24,9.63137961235933e-22,1,2.4786615,9.63137961235933e-22,"arahy.Tifrunner.gnm2.ann2.Ah08g063700"
45692,1,"arahy.Tifrunner.gnm2.ann2.Ah03g553700",10.09189,2.8721783,6.00028416691377e-24,1.21945060899367e-21,1,2.8721783,1.21945060899367e-21,"arahy.Tifrunner.gnm2.ann2.Ah03g553700"
45693,1,"arahy.Tifrunner.gnm2.ann2.Ah16g092600",10.051603,3.5990765,9.03843446729353e-24,1.82064464906668e-21,1,3.5990765,1.82064464906668e-21,"arahy.Tifrunner.gnm2.ann2.Ah16g092600"
45694,1,"STRG.4632",10.030989,2.568895,1.11395074972452e-23,2.23398651676032e-21,1,2.568895,2.23398651676032e-21,"STRG.4632"
45695,1,"STRG.4490",9.972587,1.7284517,2.00925929628702e-23,3.97693566105089e-21,1,1.7284517,3.97693566105089e-21,"STRG.4490"
45696,1,"arahy.Tifrunner.gnm2.ann2.Ah11g444200",9.963763,3.0350356,2.1958888113896e-23,4.3275169805065e-21,1,3.0350356,4.3275169805065e-21,"arahy.Tifrunner.gnm2.ann2.Ah11g444200"
45697,1,"STRG.5287",9.919454,1.8534695,3.42625329363272e-23,6.72313598876449e-21,1,1.8534695,6.72313598876449e-21,"STRG.5287"
45698,1,"arahy.Tifrunner.gnm2.ann2.Ah13g089500",9.85918,2.2994258,6.25577389286738e-23,1.22226545364333e-20,1,2.2994258,1.22226545364333e-20,"arahy.Tifrunner.gnm2.ann2.Ah13g089500"
45699,1,"arahy.Tifrunner.gnm2.ann2.Ah12g086600",9.828736,1.6952525,8.46745873662238e-23,1.64731876720512e-20,1,1.6952525,1.64731876720512e-20,"arahy.Tifrunner.gnm2.ann2.Ah12g086600"
45700,1,"arahy.Tifrunner.gnm2.ann2.Ah11g040000",9.826718,2.7273886,8.63878108929078e-23,1.67349732046329e-20,1,2.7273886,1.67349732046329e-20,"arahy.Tifrunner.gnm2.ann2.Ah11g040000"
45701,1,"STRG.2863",9.758756,1.1007149,1.69219094877465e-22,3.26420765898378e-20,1,1.1007149,3.26420765898378e-20,"STRG.2863"
45702,1,"arahy.Tifrunner.gnm2.ann2.Ah19g554200",9.720377,2.0855858,2.468662155598e-22,4.74191459795119e-20,1,2.0855858,4.74191459795119e-20,"arahy.Tifrunner.gnm2.ann2.Ah19g554200"
45703,1,"STRG.5325",9.688352,0.71935296,3.37937619033465e-22,6.43693396187425e-20,1,0.71935296,6.43693396187425e-20,"STRG.5325"
45704,1,"arahy.Tifrunner.gnm2.ann2.Ah13g488800",9.6758375,3.1914716,3.81951293616283e-22,7.24497945441152e-20,1,3.1914716,7.24497945441152e-20,"arahy.Tifrunner.gnm2.ann2.Ah13g488800"
45705,1,"arahy.Tifrunner.gnm2.ann2.Ah03g564600",9.61076,2.7670712,7.20159322425782e-22,1.3603540661457e-19,1,2.7670712,1.3603540661457e-19,"arahy.Tifrunner.gnm2.ann2.Ah03g564600"
45706,1,"arahy.Tifrunner.gnm2.ann2.Ah03g125500",9.5618105,2.5000083,1.15714086994052e-21,2.17676367616415e-19,1,2.5000083,2.17676367616415e-19,"arahy.Tifrunner.gnm2.ann2.Ah03g125500"
45707,1,"arahy.Tifrunner.gnm2.ann2.Ah13g172500",9.45767,1.750108,3.14881225480956e-21,5.85087873828369e-19,1,1.750108,5.85087873828369e-19,"arahy.Tifrunner.gnm2.ann2.Ah13g172500"
45708,1,"arahy.Tifrunner.gnm2.ann2.Ah15g482300",9.453227,2.4309938,3.28543761393201e-21,6.07992934701791e-19,1,2.4309938,6.07992934701791e-19,"arahy.Tifrunner.gnm2.ann2.Ah15g482300"
45709,1,"arahy.Tifrunner.gnm2.ann2.Ah09g131300",9.429622,2.3423765,4.11569650987283e-21,7.55495838368752e-19,1,2.3423765,7.55495838368752e-19,"arahy.Tifrunner.gnm2.ann2.Ah09g131300"
45710,1,"arahy.Tifrunner.gnm2.ann2.Ah04g362500",9.405268,2.704414,5.18980771118597e-21,9.4504322497612e-19,1,2.704414,9.4504322497612e-19,"arahy.Tifrunner.gnm2.ann2.Ah04g362500"
45711,1,"STRG.2590",9.297688,1.5921072,1.43533834970142e-20,2.6032805988768e-18,1,1.5921072,2.6032805988768e-18,"STRG.2590"
45712,1,"STRG.1364",9.287613,1.240755,1.57786944460566e-20,2.85043367445349e-18,1,1.240755,2.85043367445349e-18,"STRG.1364"
45713,1,"arahy.Tifrunner.gnm2.ann2.Ah14g009000",9.277097,3.3308082,1.74159001844422e-20,3.13376063239741e-18,1,3.3308082,3.13376063239741e-18,"arahy.Tifrunner.gnm2.ann2.Ah14g009000"
45714,1,"arahy.Tifrunner.gnm2.ann2.Ah04g202400",9.225207,3.1506288,2.83012909656631e-20,5.03276550750331e-18,1,3.1506288,5.03276550750331e-18,"arahy.Tifrunner.gnm2.ann2.Ah04g202400"
45715,1,"arahy.Tifrunner.gnm2.ann2.Ah18g204000",9.158981,1.2695184,5.23896771329915e-20,9.280107633472e-18,1,1.2695184,9.280107633472e-18,"arahy.Tifrunner.gnm2.ann2.Ah18g204000"
45716,1,"arahy.Tifrunner.gnm2.ann2.Ah05g100700",9.156438,1.0985789,5.36385747818573e-20,9.46450573011346e-18,1,1.0985789,9.46450573011346e-18,"arahy.Tifrunner.gnm2.ann2.Ah05g100700"
45717,1,"arahy.Tifrunner.gnm2.ann2.Ah19g359800",9.075885,2.543809,1.12757612511027e-19,1.97429905844307e-17,1,2.543809,1.97429905844307e-17,"arahy.Tifrunner.gnm2.ann2.Ah19g359800"
45718,1,"STRG.5670",9.067841,2.4378705,1.21398889234715e-19,2.11745710096596e-17,1,2.4378705,2.11745710096596e-17,"STRG.5670"
45719,1,"arahy.Tifrunner.gnm2.ann2.Ah20g435800",9.057728,3.6135821,1.33196444713816e-19,2.31436448440908e-17,1,3.6135821,2.31436448440908e-17,"arahy.Tifrunner.gnm2.ann2.Ah20g435800"
45720,1,"arahy.Tifrunner.gnm2.ann2.Ah09g079400",9.05336,2.296267,1.38635497831865e-19,2.39971194041742e-17,1,2.296267,2.39971194041742e-17,"arahy.Tifrunner.gnm2.ann2.Ah09g079400"
45721,1,"arahy.Tifrunner.gnm2.ann2.Ah19g486700",9.04191,1.0756634,1.53957071557259e-19,2.65482641120177e-17,1,1.0756634,2.65482641120177e-17,"arahy.Tifrunner.gnm2.ann2.Ah19g486700"
45722,1,"STRG.6250",9.040657,2.5991497,1.55732420395555e-19,2.67530668154236e-17,1,2.5991497,2.67530668154236e-17,"STRG.6250"
45723,1,"arahy.Tifrunner.gnm2.ann2.Ah06g419500",9.027364,1.7343489,1.75857073229475e-19,3.0096681961273e-17,1,1.7343489,3.0096681961273e-17,"arahy.Tifrunner.gnm2.ann2.Ah06g419500"
45724,1,"arahy.Tifrunner.gnm2.ann2.Ah06g073400",9.018783,3.7091396,1.90191624815243e-19,3.24280281950903e-17,1,3.7091396,3.24280281950903e-17,"arahy.Tifrunner.gnm2.ann2.Ah06g073400"
45725,1,"STRG.2928",8.996629,3.691591,2.3275526716341e-19,3.95371297848771e-17,1,3.691591,3.95371297848771e-17,"STRG.2928"
45726,1,"arahy.Tifrunner.gnm2.ann2.Ah03g177600",8.965549,2.7460413,3.08738719375837e-19,5.22491504121398e-17,1,2.7460413,5.22491504121398e-17,"arahy.Tifrunner.gnm2.ann2.Ah03g177600"
45727,1,"STRG.224",8.953685,1.0791348,3.43810550961074e-19,5.79690056368589e-17,1,1.0791348,5.79690056368589e-17,"STRG.224"
45728,1,"arahy.Tifrunner.gnm2.ann2.Ah01g079700",8.920054,1.0495793,4.66058081684657e-19,7.82908786369458e-17,1,1.0495793,7.82908786369458e-17,"arahy.Tifrunner.gnm2.ann2.Ah01g079700"
45729,1,"arahy.Tifrunner.gnm2.ann2.Ah12g182500",8.911268,2.5153816,5.04522095968503e-19,8.44406760914343e-17,1,2.5153816,8.44406760914343e-17,"arahy.Tifrunner.gnm2.ann2.Ah12g182500"
45730,1,"arahy.Tifrunner.gnm2.ann2.Ah03g366300",8.908693,2.7588177,5.16375505948699e-19,8.61079799736577e-17,1,2.7588177,8.61079799736577e-17,"arahy.Tifrunner.gnm2.ann2.Ah03g366300"
45731,1,"arahy.Tifrunner.gnm2.ann2.Ah03g120500",8.897982,0.6803803,5.68714075350739e-19,9.44895604608286e-17,1,0.6803803,9.44895604608286e-17,"arahy.Tifrunner.gnm2.ann2.Ah03g120500"
45732,1,"arahy.Tifrunner.gnm2.ann2.Ah07g131400",8.863336,2.5602174,7.76553327033392e-19,1.28086281376334e-16,1,2.5602174,1.28086281376334e-16,"arahy.Tifrunner.gnm2.ann2.Ah07g131400"
45733,1,"arahy.Tifrunner.gnm2.ann2.Ah08g213900",8.862927,2.495805,7.79401182694689e-19,1.28091911339325e-16,1,2.495805,1.28091911339325e-16,"arahy.Tifrunner.gnm2.ann2.Ah08g213900"
45734,1,"arahy.Tifrunner.gnm2.ann2.Ah02g012100",8.845887,2.2580402,9.08042332802781e-19,1.48696831505445e-16,1,2.2580402,1.48696831505445e-16,"arahy.Tifrunner.gnm2.ann2.Ah02g012100"
45735,1,"arahy.Tifrunner.gnm2.ann2.Ah14g003000",8.839783,2.8114479,9.59052634279941e-19,1.56487140225663e-16,1,2.8114479,1.56487140225663e-16,"arahy.Tifrunner.gnm2.ann2.Ah14g003000"
45736,1,"arahy.Tifrunner.gnm2.ann2.Ah01g106900",8.730324,2.351245,2.53944982353269e-18,4.08501462072446e-16,1,2.351245,4.08501462072446e-16,"arahy.Tifrunner.gnm2.ann2.Ah01g106900"
45737,1,"arahy.Tifrunner.gnm2.ann2.Ah14g069800",8.72033,1.9233931,2.77391716395624e-18,4.44647200605435e-16,1,1.9233931,4.44647200605435e-16,"arahy.Tifrunner.gnm2.ann2.Ah14g069800"
45738,1,"arahy.Tifrunner.gnm2.ann2.Ah18g315600",8.634826,2.5007174,5.88168112182636e-18,9.39500531193064e-16,1,2.5007174,9.39500531193064e-16,"arahy.Tifrunner.gnm2.ann2.Ah18g315600"
45739,1,"STRG.5564",8.63153,0.7423655,6.0536643386547e-18,9.63590962772436e-16,1,0.7423655,9.63590962772436e-16,"STRG.5564"
45740,1,"arahy.Tifrunner.gnm2.ann2.Ah05g218600",8.620137,3.2877903,6.68740990589368e-18,1.06075835733764e-15,1,3.2877903,1.06075835733764e-15,"arahy.Tifrunner.gnm2.ann2.Ah05g218600"
45741,1,"arahy.Tifrunner.gnm2.ann2.Ah16g381300",8.611511,2.596445,7.21035360089951e-18,1.13973658794219e-15,1,2.596445,1.13973658794219e-15,"arahy.Tifrunner.gnm2.ann2.Ah16g381300"
45742,1,"arahy.Tifrunner.gnm2.ann2.Ah16g511600",8.605676,2.0529144,7.58685286235685e-18,1.19509996438039e-15,1,2.0529144,1.19509996438039e-15,"arahy.Tifrunner.gnm2.ann2.Ah16g511600"
45743,1,"arahy.Tifrunner.gnm2.ann2.Ah01g076400",8.567685,2.9309552,1.05585732497428e-17,1.65747754696996e-15,1,2.9309552,1.65747754696996e-15,"arahy.Tifrunner.gnm2.ann2.Ah01g076400"
45744,1,"arahy.Tifrunner.gnm2.ann2.Ah05g164300",8.5662365,1.8035147,1.06921815651689e-17,1.67268341433934e-15,1,1.8035147,1.67268341433934e-15,"arahy.Tifrunner.gnm2.ann2.Ah05g164300"
45745,1,"STRG.1230",8.553078,1.2223186,1.19849261733874e-17,1.86212211302829e-15,1,1.2223186,1.86212211302829e-15,"STRG.1230"
45746,1,"arahy.Tifrunner.gnm2.ann2.Ah09g013100",8.503504,1.5030109,1.83952615000698e-17,2.84838736234415e-15,1,1.5030109,2.84838736234415e-15,"arahy.Tifrunner.gnm2.ann2.Ah09g013100"
45747,1,"arahy.Tifrunner.gnm2.ann2.Ah03g024500",8.496984,2.6767247,1.94580339480978e-17,3.00273741509561e-15,1,2.6767247,3.00273741509561e-15,"arahy.Tifrunner.gnm2.ann2.Ah03g024500"
45748,1,"arahy.Tifrunner.gnm2.ann2.Ah03g226500",8.478396,2.9207537,2.2831814252201e-17,3.51147132438243e-15,1,2.9207537,3.51147132438243e-15,"arahy.Tifrunner.gnm2.ann2.Ah03g226500"
45749,1,"STRG.5256",8.347427,1.2547157,6.97661789227712e-17,1.0447485293685e-14,1,1.2547157,1.0447485293685e-14,"STRG.5256"
45750,1,"arahy.Tifrunner.gnm2.ann2.Ah20g094400",8.334541,1.8381118,7.77992674142399e-17,1.16122421303799e-14,1,1.8381118,1.16122421303799e-14,"arahy.Tifrunner.gnm2.ann2.Ah20g094400"
45751,1,"STRG.5857",8.247288,0.83662516,1.62030407433023e-16,2.40269454983092e-14,1,0.83662516,2.40269454983092e-14,"STRG.5857"
45752,1,"arahy.Tifrunner.gnm2.ann2.Ah13g030300",8.226253,2.5603893,1.93161470149685e-16,2.85502687243319e-14,1,2.5603893,2.85502687243319e-14,"arahy.Tifrunner.gnm2.ann2.Ah13g030300"
45753,1,"arahy.Tifrunner.gnm2.ann2.Ah11g106500",8.211584,2.3215055,2.18290031484114e-16,3.21599850915302e-14,1,2.3215055,3.21599850915302e-14,"arahy.Tifrunner.gnm2.ann2.Ah11g106500"
45754,1,"arahy.Tifrunner.gnm2.ann2.Ah13g274600",8.161529,2.5750127,3.30811129115875e-16,4.81145234564572e-14,1,2.5750127,4.81145234564572e-14,"arahy.Tifrunner.gnm2.ann2.Ah13g274600"
45755,1,"arahy.Tifrunner.gnm2.ann2.Ah08g228200",8.155986,2.342524,3.46342889609826e-16,5.00536943066595e-14,1,2.342524,5.00536943066595e-14,"arahy.Tifrunner.gnm2.ann2.Ah08g228200"
45756,1,"arahy.Tifrunner.gnm2.ann2.Ah19g486300",8.031377,2.7249029,9.63846668794911e-16,1.37981621856036e-13,1,2.7249029,1.37981621856036e-13,"arahy.Tifrunner.gnm2.ann2.Ah19g486300"
45757,1,"arahy.Tifrunner.gnm2.ann2.Ah19g102400",8.024567,2.0644763,1.01885063869419e-15,1.45398609642365e-13,1,2.0644763,1.45398609642365e-13,"arahy.Tifrunner.gnm2.ann2.Ah19g102400"
45758,1,"STRG.5300",7.982111,1.6889464,1.43851654235121e-15,2.04646959606239e-13,1,1.6889464,2.04646959606239e-13,"STRG.5300"
45759,1,"arahy.Tifrunner.gnm2.ann2.Ah13g043500",7.94959,3.0022852,1.87129577072002e-15,2.65385883695508e-13,1,3.0022852,2.65385883695508e-13,"arahy.Tifrunner.gnm2.ann2.Ah13g043500"
45760,1,"arahy.Tifrunner.gnm2.ann2.Ah14g003800",7.91811,2.8393745,2.41148023504382e-15,3.39876861362646e-13,1,2.8393745,3.39876861362646e-13,"arahy.Tifrunner.gnm2.ann2.Ah14g003800"
45761,1,"arahy.Tifrunner.gnm2.ann2.Ah16g353000",7.9138474,2.4819899,2.49554317921774e-15,3.50639221267619e-13,1,2.4819899,3.50639221267619e-13,"arahy.Tifrunner.gnm2.ann2.Ah16g353000"
45762,1,"arahy.Tifrunner.gnm2.ann2.Ah20g435500",7.868265,1.2634438,3.59593361702689e-15,5.03696252250868e-13,1,1.2634438,5.03696252250868e-13,"arahy.Tifrunner.gnm2.ann2.Ah20g435500"
45763,1,"arahy.Tifrunner.gnm2.ann2.Ah20g053600",7.8657904,1.8019645,3.66774141054068e-15,5.12178711575012e-13,1,1.8019645,5.12178711575012e-13,"arahy.Tifrunner.gnm2.ann2.Ah20g053600"
45764,1,"STRG.138",7.825812,1.0454822,5.04391375243298e-15,7.02199173289782e-13,1,1.0454822,7.02199173289782e-13,"STRG.138"
45765,1,"arahy.Tifrunner.gnm2.ann2.Ah03g105800",7.698164,1.9680578,1.380350244733e-14,1.91000196173937e-12,1,1.9680578,1.91000196173937e-12,"arahy.Tifrunner.gnm2.ann2.Ah03g105800"
45766,1,"STRG.6681",7.6769047,1.4358041,1.62978767378579e-14,2.24152429188593e-12,1,1.4358041,2.24152429188593e-12,"STRG.6681"
45767,1,"arahy.Tifrunner.gnm2.ann2.Ah17g226100",7.6135387,2.7407062,2.66691370629784e-14,3.63498741214081e-12,1,2.7407062,3.63498741214081e-12,"arahy.Tifrunner.gnm2.ann2.Ah17g226100"
45768,1,"arahy.Tifrunner.gnm2.ann2.Ah05g185800",7.586011,2.7898974,3.29904460533928e-14,4.48315542129747e-12,1,2.7898974,4.48315542129747e-12,"arahy.Tifrunner.gnm2.ann2.Ah05g185800"
45769,1,"arahy.Tifrunner.gnm2.ann2.Ah14g079400",7.581575,3.5784147,3.41385286820326e-14,4.62536422535968e-12,1,3.5784147,4.62536422535968e-12,"arahy.Tifrunner.gnm2.ann2.Ah14g079400"
45770,1,"arahy.Tifrunner.gnm2.ann2.Ah16g057000",7.5807834,1.3169181,3.43474535258501e-14,4.63986194157508e-12,1,1.3169181,4.63986194157508e-12,"arahy.Tifrunner.gnm2.ann2.Ah16g057000"
45771,1,"arahy.Tifrunner.gnm2.ann2.Ah09g295000",7.566012,3.4982157,3.84856778269142e-14,5.18349703370545e-12,1,3.4982157,5.18349703370545e-12,"arahy.Tifrunner.gnm2.ann2.Ah09g295000"
45772,1,"STRG.4037",7.554741,2.1118264,4.19694477376754e-14,5.63603875755144e-12,1,2.1118264,5.63603875755144e-12,"STRG.4037"
45773,1,"STRG.2227",7.5382743,1.3851265,4.7623208446935e-14,6.37646747452432e-12,1,1.3851265,6.37646747452432e-12,"STRG.2227"
45774,1,"arahy.Tifrunner.gnm2.ann2.Ah17g143900",7.523852,2.0893142,5.31855898879859e-14,7.07959296508968e-12,1,2.0893142,7.07959296508968e-12,"arahy.Tifrunner.gnm2.ann2.Ah17g143900"
45775,1,"STRG.69",7.4894967,2.6233814,6.91382891440058e-14,9.149568241255e-12,1,2.6233814,9.149568241255e-12,"STRG.69"
45776,1,"STRG.3263",7.4599977,1.9114511,8.652411640625e-14,1.13841730499368e-11,1,1.9114511,1.13841730499368e-11,"STRG.3263"
45777,1,"STRG.1494",7.457242,0.7095308,8.83523079839222e-14,1.15912117252452e-11,1,0.7095308,1.15912117252452e-11,"STRG.1494"
45778,1,"arahy.Tifrunner.gnm2.ann2.Ah06g052500",7.454858,2.565468,8.99647470796622e-14,1.17688366265935e-11,1,2.565468,1.17688366265935e-11,"arahy.Tifrunner.gnm2.ann2.Ah06g052500"
45779,1,"arahy.Tifrunner.gnm2.ann2.Ah04g412300",7.4512205,0.9394056,9.24805857607109e-14,1.20632842010619e-11,1,0.9394056,1.20632842010619e-11,"arahy.Tifrunner.gnm2.ann2.Ah04g412300"
45780,1,"STRG.2183",7.446274,2.2729356,9.60133324703001e-14,1.24883169925084e-11,1,2.2729356,1.24883169925084e-11,"STRG.2183"
45781,1,"arahy.Tifrunner.gnm2.ann2.Ah17g394800",7.411616,3.1107273,1.24769858288975e-13,1.61007991261725e-11,1,3.1107273,1.61007991261725e-11,"arahy.Tifrunner.gnm2.ann2.Ah17g394800"
45782,1,"STRG.2936",7.3708115,1.5405316,1.69592567192978e-13,2.15657319242825e-11,1,1.5405316,2.15657319242825e-11,"STRG.2936"
45783,1,"STRG.3834",7.3425922,1.2374218,2.09495792817909e-13,2.64919068673402e-11,1,1.2374218,2.64919068673402e-11,"STRG.3834"
45784,1,"arahy.Tifrunner.gnm2.ann2.Ah10g343000",7.335191,1.1126486,2.2140589276268e-13,2.79204483715464e-11,1,1.1126486,2.79204483715464e-11,"arahy.Tifrunner.gnm2.ann2.Ah10g343000"
45785,1,"arahy.Tifrunner.gnm2.ann2.Ah13g577400",7.324386,3.1948607,2.39994388937982e-13,3.01809518287643e-11,1,3.1948607,3.01809518287643e-11,"arahy.Tifrunner.gnm2.ann2.Ah13g577400"
45786,1,"arahy.Tifrunner.gnm2.ann2.Ah16g098500",7.304761,2.0779157,2.77760015565531e-13,3.47383157928716e-11,1,2.0779157,3.47383157928716e-11,"arahy.Tifrunner.gnm2.ann2.Ah16g098500"
45787,1,"arahy.Tifrunner.gnm2.ann2.Ah11g444900",7.2894616,2.5326023,3.11195562185058e-13,3.8813333624418e-11,1,2.5326023,3.8813333624418e-11,"arahy.Tifrunner.gnm2.ann2.Ah11g444900"
45788,1,"arahy.Tifrunner.gnm2.ann2.Ah18g105500",7.199795,3.1841192,6.03033533947861e-13,7.39959530982275e-11,1,3.1841192,7.39959530982275e-11,"arahy.Tifrunner.gnm2.ann2.Ah18g105500"
45789,1,"arahy.Tifrunner.gnm2.ann2.Ah14g294100",7.172555,2.9625185,7.36107942207903e-13,8.9840691584645e-11,1,2.9625185,8.9840691584645e-11,"arahy.Tifrunner.gnm2.ann2.Ah14g294100"
45790,1,"arahy.Tifrunner.gnm2.ann2.Ah10g086700",7.1614575,2.1950085,7.982376886102e-13,9.6903926763442e-11,1,2.1950085,9.6903926763442e-11,"arahy.Tifrunner.gnm2.ann2.Ah10g086700"
45791,1,"arahy.Tifrunner.gnm2.ann2.Ah15g215800",7.154906,1.5545465,8.37303129987653e-13,1.0137603108925e-10,1,1.5545465,1.0137603108925e-10,"arahy.Tifrunner.gnm2.ann2.Ah15g215800"
45792,1,"arahy.Tifrunner.gnm2.ann2.Ah12g169700",7.152441,1.3419472,8.52480691027664e-13,1.02939869969081e-10,1,1.3419472,1.02939869969081e-10,"arahy.Tifrunner.gnm2.ann2.Ah12g169700"
45793,1,"STRG.31",7.1271243,2.2329652,1.02487642977797e-12,1.2310415458895e-10,1,2.2329652,1.2310415458895e-10,"STRG.31"
45794,1,"arahy.Tifrunner.gnm2.ann2.Ah03g246200",7.1069884,2.6771824,1.18602500151742e-12,1.42085795181787e-10,1,2.6771824,1.42085795181787e-10,"arahy.Tifrunner.gnm2.ann2.Ah03g246200"
45795,1,"arahy.Tifrunner.gnm2.ann2.Ah03g006700",7.0926223,2.4966147,1.31594287459787e-12,1.57236176963762e-10,1,2.4966147,1.57236176963762e-10,"arahy.Tifrunner.gnm2.ann2.Ah03g006700"
45796,1,"arahy.Tifrunner.gnm2.ann2.Ah20g048300",7.0893345,1.2584461,1.34758664589524e-12,1.60595639967893e-10,1,1.2584461,1.60595639967893e-10,"arahy.Tifrunner.gnm2.ann2.Ah20g048300"
45797,1,"arahy.Tifrunner.gnm2.ann2.Ah17g293900",7.0695915,3.3192778,1.55390227452305e-12,1.83263852708257e-10,1,3.3192778,1.83263852708257e-10,"arahy.Tifrunner.gnm2.ann2.Ah17g293900"
45798,1,"arahy.Tifrunner.gnm2.ann2.Ah05g308000",7.0662937,3.1051621,1.59126177669812e-12,1.86702580212384e-10,1,3.1051621,1.86702580212384e-10,"arahy.Tifrunner.gnm2.ann2.Ah05g308000"
45799,1,"arahy.Tifrunner.gnm2.ann2.Ah14g003700",7.031316,0.7672882,2.04594978321968e-12,2.36996992191584e-10,1,0.7672882,2.36996992191584e-10,"arahy.Tifrunner.gnm2.ann2.Ah14g003700"
45800,1,"STRG.3760",7.030153,1.3903587,2.0630727573983e-12,2.38373919309138e-10,1,1.3903587,2.38373919309138e-10,"STRG.3760"
45801,1,"arahy.Tifrunner.gnm2.ann2.Ah06g436200",7.019405,0.6772833,2.22815551229811e-12,2.56796333017365e-10,1,0.6772833,2.56796333017365e-10,"arahy.Tifrunner.gnm2.ann2.Ah06g436200"
45802,1,"arahy.Tifrunner.gnm2.ann2.Ah09g404500",7.0053587,1.6532185,2.46353892505955e-12,2.82494070590456e-10,1,1.6532185,2.82494070590456e-10,"arahy.Tifrunner.gnm2.ann2.Ah09g404500"
45803,1,"STRG.5782",6.9841576,1.002613,2.86569924479234e-12,3.27784151808861e-10,1,1.002613,3.27784151808861e-10,"STRG.5782"
45804,1,"STRG.5983",6.979788,3.3254554,2.95626642335038e-12,3.37295921445119e-10,1,3.3254554,3.37295921445119e-10,"STRG.5983"
45805,1,"arahy.Tifrunner.gnm2.ann2.Ah04g281400",6.9731383,3.4513059,3.09947543753939e-12,3.52751299546358e-10,1,3.4513059,3.52751299546358e-10,"arahy.Tifrunner.gnm2.ann2.Ah04g281400"
45806,1,"arahy.Tifrunner.gnm2.ann2.Ah10g231200",6.912716,1.7736661,4.75460982062803e-12,5.39772711905911e-10,1,1.7736661,5.39772711905911e-10,"arahy.Tifrunner.gnm2.ann2.Ah10g231200"
45807,1,"arahy.Tifrunner.gnm2.ann2.Ah16g172900",6.909084,1.4313562,4.87794260045362e-12,5.52396664037439e-10,1,1.4313562,5.52396664037439e-10,"arahy.Tifrunner.gnm2.ann2.Ah16g172900"
45808,1,"arahy.Tifrunner.gnm2.ann2.Ah04g003300",6.891642,3.0315459,5.51519620865967e-12,6.19935289390179e-10,1,3.0315459,6.19935289390179e-10,"arahy.Tifrunner.gnm2.ann2.Ah04g003300"
45809,1,"arahy.Tifrunner.gnm2.ann2.Ah09g127400",6.8567057,1.8452516,7.04667022470904e-12,7.88188244004064e-10,1,1.8452516,7.88188244004064e-10,"arahy.Tifrunner.gnm2.ann2.Ah09g127400"
45810,1,"arahy.Tifrunner.gnm2.ann2.Ah15g182400",6.831711,2.147811,8.39078181255388e-12,9.33941201062843e-10,1,2.147811,9.33941201062843e-10,"arahy.Tifrunner.gnm2.ann2.Ah15g182400"
45811,1,"arahy.Tifrunner.gnm2.ann2.Ah02g154500",6.8310757,1.2588708,8.42801974683019e-12,9.35797977938286e-10,1,1.2588708,9.35797977938286e-10,"arahy.Tifrunner.gnm2.ann2.Ah02g154500"
45812,1,"arahy.Tifrunner.gnm2.ann2.Ah16g130300",6.8220253,3.4714391,8.97658774099541e-12,9.94282677180231e-10,1,3.4714391,9.94282677180231e-10,"arahy.Tifrunner.gnm2.ann2.Ah16g130300"
45813,1,"arahy.Tifrunner.gnm2.ann2.Ah11g048300",6.8180532,2.5056818,9.22824130544032e-12,1.01967586696327e-09,1,2.5056818,1.01967586696327e-09,"arahy.Tifrunner.gnm2.ann2.Ah11g048300"
45814,1,"arahy.Tifrunner.gnm2.ann2.Ah16g043600",6.8147874,1.6233886,9.4403341331137e-12,1.04058540212075e-09,1,1.6233886,1.04058540212075e-09,"arahy.Tifrunner.gnm2.ann2.Ah16g043600"
45815,1,"arahy.Tifrunner.gnm2.ann2.Ah08g288800",6.748683,1.6065454,1.49193043458081e-11,1.63659376153872e-09,1,1.6065454,1.63659376153872e-09,"arahy.Tifrunner.gnm2.ann2.Ah08g288800"
45816,1,"STRG.3352",6.678729,2.578157,2.41023249959841e-11,2.61246248361233e-09,1,2.578157,2.61246248361233e-09,"STRG.3352"
45817,1,"arahy.Tifrunner.gnm2.ann2.Ah03g548500",6.663144,2.762084,2.68030596115254e-11,2.88459216490563e-09,1,2.762084,2.88459216490563e-09,"arahy.Tifrunner.gnm2.ann2.Ah03g548500"
45818,1,"arahy.Tifrunner.gnm2.ann2.Ah02g266000",6.6210036,2.6804383,3.5676818596194e-11,3.80583434095452e-09,1,2.6804383,3.80583434095452e-09,"arahy.Tifrunner.gnm2.ann2.Ah02g266000"
45819,1,"STRG.5342",6.6070065,1.8589383,3.92168868711884e-11,4.16156074108154e-09,1,1.8589383,4.16156074108154e-09,"STRG.5342"
45820,1,"arahy.Tifrunner.gnm2.ann2.Ah06g428900",6.6031613,1.894327,4.02480547731576e-11,4.26105219882146e-09,1,1.894327,4.26105219882146e-09,"arahy.Tifrunner.gnm2.ann2.Ah06g428900"
45821,1,"STRG.3066",6.5924916,1.7911576,4.3250607306084e-11,4.56830776566628e-09,1,1.7911576,4.56830776566628e-09,"STRG.3066"
45822,1,"STRG.3393",6.582984,1.424355,4.6109834060748e-11,4.85903723560531e-09,1,1.424355,4.85903723560531e-09,"STRG.3393"
45823,1,"arahy.Tifrunner.gnm2.ann2.Ah06g058800",6.582388,2.5189888,4.62951206222111e-11,4.86729577645621e-09,1,2.5189888,4.86729577645621e-09,"arahy.Tifrunner.gnm2.ann2.Ah06g058800"
45824,1,"arahy.Tifrunner.gnm2.ann2.Ah14g142800",6.553749,3.4497187,5.61102873181137e-11,5.87210280429841e-09,1,3.4497187,5.87210280429841e-09,"arahy.Tifrunner.gnm2.ann2.Ah14g142800"
45825,1,"arahy.Tifrunner.gnm2.ann2.Ah06g336100",6.5419965,3.037942,6.07028583712554e-11,6.33815808369961e-09,1,3.037942,6.33815808369961e-09,"arahy.Tifrunner.gnm2.ann2.Ah06g336100"
45826,1,"STRG.3635",6.5257034,1.2778808,6.7683188931198e-11,7.01870043941653e-09,1,1.2778808,7.01870043941653e-09,"STRG.3635"
45827,1,"arahy.Tifrunner.gnm2.ann2.Ah15g261900",6.5128617,3.4341176,7.37324553631864e-11,7.61132947381791e-09,1,3.4341176,7.61132947381791e-09,"arahy.Tifrunner.gnm2.ann2.Ah15g261900"
45828,1,"STRG.313",6.5053596,1.365618,7.75076517276777e-11,7.98293741459457e-09,1,1.365618,7.98293741459457e-09,"STRG.313"
45829,1,"arahy.Tifrunner.gnm2.ann2.Ah06g098300",6.45698,3.0615556,1.0681270121202e-10,1.09516698422883e-08,1,3.0615556,1.09516698422883e-08,"arahy.Tifrunner.gnm2.ann2.Ah06g098300"
45830,1,"STRG.530",6.4554024,1.8801227,1.07931726140224e-10,1.10415368557473e-08,1,1.8801227,1.10415368557473e-08,"STRG.530"
45831,1,"arahy.Tifrunner.gnm2.ann2.Ah20g300000",6.441713,1.0126598,1.18132486446098e-10,1.20310141229802e-08,1,1.0126598,1.20310141229802e-08,"arahy.Tifrunner.gnm2.ann2.Ah20g300000"
45832,1,"arahy.Tifrunner.gnm2.ann2.Ah14g362400",6.380817,1.4272745,1.76145863092283e-10,1.77801868545744e-08,1,1.4272745,1.77801868545744e-08,"arahy.Tifrunner.gnm2.ann2.Ah14g362400"
45833,1,"arahy.Tifrunner.gnm2.ann2.Ah19g196500",6.380062,2.386217,1.77016261897861e-10,1.78285139527394e-08,1,2.386217,1.78285139527394e-08,"arahy.Tifrunner.gnm2.ann2.Ah19g196500"
45834,1,"arahy.Tifrunner.gnm2.ann2.Ah14g040000",6.361834,3.3149948,1.99358864311646e-10,2.00344656488375e-08,1,3.3149948,2.00344656488375e-08,"arahy.Tifrunner.gnm2.ann2.Ah14g040000"
45835,1,"arahy.Tifrunner.gnm2.ann2.Ah04g056300",6.273747,1.5320587,3.52460681396873e-10,3.48056834271393e-08,1,1.5320587,3.48056834271393e-08,"arahy.Tifrunner.gnm2.ann2.Ah04g056300"
45836,1,"STRG.2911",6.272489,0.18992129,3.55321253142064e-10,3.50122180260592e-08,1,0.18992129,3.50122180260592e-08,"STRG.2911"
45837,1,"arahy.Tifrunner.gnm2.ann2.Ah03g472300",6.263988,0.7696499,3.75253771534023e-10,3.68964421065116e-08,1,0.7696499,3.68964421065116e-08,"arahy.Tifrunner.gnm2.ann2.Ah03g472300"
45838,1,"STRG.463",6.250724,3.1820202,4.08554500065017e-10,3.99979248622792e-08,1,3.1820202,3.99979248622792e-08,"STRG.463"
45839,1,"STRG.4491",6.138727,1.1185752,8.31853050652545e-10,8.07447298036385e-08,1,1.1185752,8.07447298036385e-08,"STRG.4491"
45840,1,"arahy.Tifrunner.gnm2.ann2.Ah20g333100",6.1342835,0.5393004,8.55437336727274e-10,8.28572964195158e-08,1,0.5393004,8.28572964195158e-08,"arahy.Tifrunner.gnm2.ann2.Ah20g333100"
45841,1,"arahy.Tifrunner.gnm2.ann2.Ah13g583400",6.112223,2.5703506,9.82527961803757e-10,9.47639892651573e-08,1,2.5703506,9.47639892651573e-08,"arahy.Tifrunner.gnm2.ann2.Ah13g583400"
45842,1,"arahy.Tifrunner.gnm2.ann2.Ah12g164200",6.1093965,0.7262937,1.00008504546605e-09,9.62534283505208e-08,1,0.7262937,9.62534283505208e-08,"arahy.Tifrunner.gnm2.ann2.Ah12g164200"
45843,1,"arahy.Tifrunner.gnm2.ann2.Ah20g522700",6.1025324,2.102263,1.04400933273905e-09,1.0005785444971e-07,1,2.102263,1.0005785444971e-07,"arahy.Tifrunner.gnm2.ann2.Ah20g522700"
45844,1,"arahy.Tifrunner.gnm2.ann2.Ah05g464500",6.085946,2.205919,1.15805543692327e-09,1.10522674445482e-07,1,2.205919,1.10522674445482e-07,"arahy.Tifrunner.gnm2.ann2.Ah05g464500"
45845,1,"arahy.Tifrunner.gnm2.ann2.Ah05g388600",6.0520597,4.0338893,1.43005542724878e-09,1.35911990125414e-07,1,4.0338893,1.35911990125414e-07,"arahy.Tifrunner.gnm2.ann2.Ah05g388600"
45846,1,"STRG.4010",6.0503106,1.7984178,1.44566871071328e-09,1.37109629971898e-07,1,1.7984178,1.37109629971898e-07,"STRG.4010"
45847,1,"arahy.Tifrunner.gnm2.ann2.Ah01g310500",6.0315375,2.7751293,1.6240676331327e-09,1.53072577496342e-07,1,2.7751293,1.53072577496342e-07,"arahy.Tifrunner.gnm2.ann2.Ah01g310500"
45848,1,"arahy.Tifrunner.gnm2.ann2.Ah15g070900",6.030976,2.6775641,1.62972471392863e-09,1.53288404704312e-07,1,2.6775641,1.53288404704312e-07,"arahy.Tifrunner.gnm2.ann2.Ah15g070900"
45849,1,"STRG.5775",6.029207,3.333835,1.64765786861214e-09,1.5433740084506e-07,1,3.333835,1.5433740084506e-07,"STRG.5775"
45850,1,"arahy.Tifrunner.gnm2.ann2.Ah13g555400",5.989666,2.724316,2.10272422442922e-09,1.96156593428106e-07,1,2.724316,1.96156593428106e-07,"arahy.Tifrunner.gnm2.ann2.Ah13g555400"
45851,1,"arahy.Tifrunner.gnm2.ann2.Ah02g180400",5.9681377,2.0399644,2.39976758028829e-09,2.22953100663355e-07,1,2.0399644,2.22953100663355e-07,"arahy.Tifrunner.gnm2.ann2.Ah02g180400"
45852,1,"STRG.3648",5.926486,0.86518216,3.09486103953346e-09,2.85203348104699e-07,1,0.86518216,2.85203348104699e-07,"STRG.3648"
45853,1,"arahy.Tifrunner.gnm2.ann2.Ah06g197600",5.9204693,0.60981727,3.21024341040005e-09,2.95238628313236e-07,1,0.60981727,2.95238628313236e-07,"arahy.Tifrunner.gnm2.ann2.Ah06g197600"
45854,1,"arahy.Tifrunner.gnm2.ann2.Ah10g226300",5.895543,1.077796,3.73451090990873e-09,3.40701151628627e-07,1,1.077796,3.40701151628627e-07,"arahy.Tifrunner.gnm2.ann2.Ah10g226300"
45855,1,"arahy.Tifrunner.gnm2.ann2.Ah13g385600",5.890914,0.7383474,3.84065428438396e-09,3.4968389128459e-07,1,0.7383474,3.4968389128459e-07,"arahy.Tifrunner.gnm2.ann2.Ah13g385600"
45856,1,"arahy.Tifrunner.gnm2.ann2.Ah03g038300",5.8848777,2.857072,3.98348039146513e-09,3.6052477403789e-07,1,2.857072,3.6052477403789e-07,"arahy.Tifrunner.gnm2.ann2.Ah03g038300"
45857,1,"arahy.Tifrunner.gnm2.ann2.Ah09g399500",5.8796673,2.1506944,4.11091645829923e-09,3.70327629455884e-07,1,2.1506944,3.70327629455884e-07,"arahy.Tifrunner.gnm2.ann2.Ah09g399500"
45858,1,"STRG.4489",5.8795695,1.6410263,4.11334375962157e-09,3.70327629455884e-07,1,1.6410263,3.70327629455884e-07,"STRG.4489"
45859,1,"arahy.Tifrunner.gnm2.ann2.Ah02g092500",5.879455,0.18542641,4.1161976211378e-09,3.70327629455884e-07,1,0.18542641,3.70327629455884e-07,"arahy.Tifrunner.gnm2.ann2.Ah02g092500"
45860,1,"arahy.Tifrunner.gnm2.ann2.Ah10g410000",5.8666058,2.3298826,4.44806374192263e-09,3.99395766838828e-07,1,2.3298826,3.99395766838828e-07,"arahy.Tifrunner.gnm2.ann2.Ah10g410000"
45861,1,"arahy.Tifrunner.gnm2.ann2.Ah15g383400",5.84668,3.9614584,5.01480736663739e-09,4.49397816060631e-07,1,3.9614584,4.49397816060631e-07,"arahy.Tifrunner.gnm2.ann2.Ah15g383400"
45862,1,"arahy.Tifrunner.gnm2.ann2.Ah08g142700",5.824358,3.0930967,5.73326010523093e-09,5.11766535353986e-07,1,3.0930967,5.11766535353986e-07,"arahy.Tifrunner.gnm2.ann2.Ah08g142700"
45863,1,"arahy.Tifrunner.gnm2.ann2.Ah16g356900",5.8160257,3.737306,6.02632611073042e-09,5.36873717935209e-07,1,3.737306,5.36873717935209e-07,"arahy.Tifrunner.gnm2.ann2.Ah16g356900"
45864,1,"arahy.Tifrunner.gnm2.ann2.Ah03g109300",5.8156667,2.9091237,6.03927821392916e-09,5.36976760568186e-07,1,2.9091237,5.36976760568186e-07,"arahy.Tifrunner.gnm2.ann2.Ah03g109300"
45865,1,"arahy.Tifrunner.gnm2.ann2.Ah05g133300",5.801916,2.3993232,6.55613971955355e-09,5.80664794927929e-07,1,2.3993232,5.80664794927929e-07,"arahy.Tifrunner.gnm2.ann2.Ah05g133300"
45866,1,"arahy.Tifrunner.gnm2.ann2.Ah19g432500",5.764705,2.1892989,8.18007527773894e-09,7.18899125374107e-07,1,2.1892989,7.18899125374107e-07,"arahy.Tifrunner.gnm2.ann2.Ah19g432500"
45867,1,"arahy.Tifrunner.gnm2.ann2.Ah16g116900",5.759893,2.5489984,8.41673731264874e-09,7.38272734915262e-07,1,2.5489984,7.38272734915262e-07,"arahy.Tifrunner.gnm2.ann2.Ah16g116900"
45868,1,"arahy.Tifrunner.gnm2.ann2.Ah11g465000",5.738443,1.7099216,9.55510744066752e-09,8.33307875725955e-07,1,1.7099216,8.33307875725955e-07,"arahy.Tifrunner.gnm2.ann2.Ah11g465000"
45869,1,"arahy.Tifrunner.gnm2.ann2.Ah18g409300",5.721006,2.3140614,1.05895085891742e-08,9.14756715395762e-07,1,2.3140614,9.14756715395762e-07,"arahy.Tifrunner.gnm2.ann2.Ah18g409300"
45870,1,"STRG.1417",5.7125907,1.4131106,1.11269062588204e-08,9.57544953736373e-07,1,1.4131106,9.57544953736373e-07,"STRG.1417"
45871,1,"arahy.Tifrunner.gnm2.ann2.Ah11g495200",5.7056947,1.9657065,1.15869494752111e-08,9.93379073275917e-07,1,1.9657065,9.93379073275917e-07,"arahy.Tifrunner.gnm2.ann2.Ah11g495200"
45872,1,"arahy.Tifrunner.gnm2.ann2.Ah14g232300",5.6885,2.8235128,1.28160126074956e-08,1.0925770748008e-06,1,2.8235128,1.0925770748008e-06,"arahy.Tifrunner.gnm2.ann2.Ah14g232300"
45873,1,"arahy.Tifrunner.gnm2.ann2.Ah09g073400",5.669268,1.3690561,1.43408945303031e-08,1.21801284066701e-06,1,1.3690561,1.21801284066701e-06,"arahy.Tifrunner.gnm2.ann2.Ah09g073400"
45874,1,"STRG.4198",5.6595554,1.5877587,1.51765627388611e-08,1.28419673257233e-06,1,1.5877587,1.28419673257233e-06,"STRG.4198"
45875,1,"STRG.2005",5.632404,1.452974,1.77714898465344e-08,1.48445743811676e-06,1,1.452974,1.48445743811676e-06,"STRG.2005"
45876,1,"STRG.4456",5.612725,2.2691193,1.99165207249072e-08,1.65151127409959e-06,1,2.2691193,1.65151127409959e-06,"STRG.4456"
45877,1,"arahy.Tifrunner.gnm2.ann2.Ah17g447600",5.6110735,3.6433475,2.01075350254599e-08,1.66431895363461e-06,1,3.6433475,1.66431895363461e-06,"arahy.Tifrunner.gnm2.ann2.Ah17g447600"
45878,1,"arahy.Tifrunner.gnm2.ann2.Ah19g519100",5.604202,1.2220206,2.09216683494404e-08,1.72856266776756e-06,1,1.2220206,1.72856266776756e-06,"arahy.Tifrunner.gnm2.ann2.Ah19g519100"
45879,1,"arahy.Tifrunner.gnm2.ann2.Ah18g020500",5.6003594,1.7898529,2.1390780536372e-08,1.76411937162645e-06,1,1.7898529,1.76411937162645e-06,"arahy.Tifrunner.gnm2.ann2.Ah18g020500"
45880,1,"arahy.Tifrunner.gnm2.ann2.Ah18g103700",5.569888,2.871333,2.54902935309731e-08,2.09084706793517e-06,1,2.871333,2.09084706793517e-06,"arahy.Tifrunner.gnm2.ann2.Ah18g103700"
45881,1,"arahy.Tifrunner.gnm2.ann2.Ah03g393200",5.5430713,0.070921674,2.9721184989634e-08,2.43350220407931e-06,1,0.070921674,2.43350220407931e-06,"arahy.Tifrunner.gnm2.ann2.Ah03g393200"
45882,1,"arahy.Tifrunner.gnm2.ann2.Ah20g011700",5.5397344,1.1097363,3.02930717125434e-08,2.47587396165498e-06,1,1.1097363,2.47587396165498e-06,"arahy.Tifrunner.gnm2.ann2.Ah20g011700"
45883,1,"arahy.Tifrunner.gnm2.ann2.Ah10g032000",5.490417,1.7366709,4.00985820706707e-08,3.24812784730465e-06,1,1.7366709,3.24812784730465e-06,"arahy.Tifrunner.gnm2.ann2.Ah10g032000"
45884,1,"arahy.Tifrunner.gnm2.ann2.Ah02g237800",5.466204,-0.06309142,4.59774782194764e-08,3.68499774377367e-06,1,-0.06309142,3.68499774377367e-06,"arahy.Tifrunner.gnm2.ann2.Ah02g237800"
45885,1,"STRG.1402",5.4620123,2.6742778,4.70767362698625e-08,3.76646984525346e-06,1,2.6742778,3.76646984525346e-06,"STRG.1402"
45886,1,"STRG.4755",5.451242,2.9172454,5.00192212711492e-08,3.98787220516252e-06,1,2.9172454,3.98787220516252e-06,"STRG.4755"
45887,1,"arahy.Tifrunner.gnm2.ann2.Ah14g489300",5.428756,3.891229,5.67481189310348e-08,4.49084492437769e-06,1,3.891229,4.49084492437769e-06,"arahy.Tifrunner.gnm2.ann2.Ah14g489300"
45888,1,"arahy.Tifrunner.gnm2.ann2.Ah14g426300",5.428527,2.380685,5.68211641429038e-08,4.49084492437769e-06,1,2.380685,4.49084492437769e-06,"arahy.Tifrunner.gnm2.ann2.Ah14g426300"
45889,1,"arahy.Tifrunner.gnm2.ann2.Ah13g088500",5.4274983,3.5384429,5.71494327978966e-08,4.50896148820008e-06,1,3.5384429,4.50896148820008e-06,"arahy.Tifrunner.gnm2.ann2.Ah13g088500"
45890,1,"STRG.4147",5.4221435,1.5915668,5.88885280080875e-08,4.63012322804866e-06,1,1.5915668,4.63012322804866e-06,"STRG.4147"
45891,1,"STRG.2694",5.4210176,1.4707935,5.92607495739658e-08,4.65135579931934e-06,1,1.4707935,4.65135579931934e-06,"STRG.2694"
45892,1,"arahy.Tifrunner.gnm2.ann2.Ah01g197600",5.4168625,3.4452055,6.06540000234621e-08,4.74435171317541e-06,1,3.4452055,4.74435171317541e-06,"arahy.Tifrunner.gnm2.ann2.Ah01g197600"
45893,1,"arahy.Tifrunner.gnm2.ann2.Ah01g309100",5.4112706,1.799281,6.25790486306215e-08,4.88653277849127e-06,1,1.799281,4.88653277849127e-06,"arahy.Tifrunner.gnm2.ann2.Ah01g309100"
45894,1,"arahy.Tifrunner.gnm2.ann2.Ah13g006000",5.373735,2.2223275,7.71221829854886e-08,5.96079840107196e-06,1,2.2223275,5.96079840107196e-06,"arahy.Tifrunner.gnm2.ann2.Ah13g006000"
45895,1,"arahy.Tifrunner.gnm2.ann2.Ah19g239800",5.3705764,3.0927467,7.84853434364239e-08,6.05587588915214e-06,1,3.0927467,6.05587588915214e-06,"arahy.Tifrunner.gnm2.ann2.Ah19g239800"
45896,1,"arahy.Tifrunner.gnm2.ann2.Ah16g472300",5.3554826,2.2642543,8.53284041699607e-08,6.57274157602925e-06,1,2.2642543,6.57274157602925e-06,"arahy.Tifrunner.gnm2.ann2.Ah16g472300"
45897,1,"STRG.4217",5.340892,1.2123705,9.24904748896527e-08,7.10039861530615e-06,1,1.2123705,7.10039861530615e-06,"STRG.4217"
45898,1,"arahy.Tifrunner.gnm2.ann2.Ah03g208300",5.335122,1.3996347,9.54803936135426e-08,7.30529317455952e-06,1,1.3996347,7.30529317455952e-06,"arahy.Tifrunner.gnm2.ann2.Ah03g208300"
45899,1,"arahy.Tifrunner.gnm2.ann2.Ah07g263000",5.306981,0.8919555,1.11455779770323e-07,8.48480421114413e-06,1,0.8919555,8.48480421114413e-06,"arahy.Tifrunner.gnm2.ann2.Ah07g263000"
45900,1,"arahy.Tifrunner.gnm2.ann2.Ah13g011000",5.297007,2.257418,1.17716101499441e-07,8.93151300776755e-06,1,2.257418,8.93151300776755e-06,"arahy.Tifrunner.gnm2.ann2.Ah13g011000"
45901,1,"STRG.2604",5.285331,0.94089246,1.2547792776241e-07,9.50458765966048e-06,1,0.94089246,9.50458765966048e-06,"STRG.2604"
45902,1,"arahy.Tifrunner.gnm2.ann2.Ah08g093500",5.2603264,0.44277737,1.43800007554794e-07,1.08563043846177e-05,1,0.44277737,1.08563043846177e-05,"arahy.Tifrunner.gnm2.ann2.Ah08g093500"
45903,1,"arahy.Tifrunner.gnm2.ann2.Ah02g269600",5.246478,2.0290227,1.55034240912859e-07,1.16464996424373e-05,1,2.0290227,1.16464996424373e-05,"arahy.Tifrunner.gnm2.ann2.Ah02g269600"
45904,1,"arahy.Tifrunner.gnm2.ann2.Ah16g004600",5.2447853,2.85522,1.56464434276156e-07,1.17345748039337e-05,1,2.85522,1.17345748039337e-05,"arahy.Tifrunner.gnm2.ann2.Ah16g004600"
45905,1,"STRG.2029",5.238239,1.1475546,1.62116369896291e-07,1.21384631959848e-05,1,1.1475546,1.21384631959848e-05,"STRG.2029"
45906,1,"arahy.Tifrunner.gnm2.ann2.Ah19g018500",5.1974564,2.5852218,2.02033978213477e-07,1.50284229153437e-05,1,2.5852218,1.50284229153437e-05,"arahy.Tifrunner.gnm2.ann2.Ah19g018500"
45907,1,"arahy.Tifrunner.gnm2.ann2.Ah09g284000",5.1918845,2.3894062,2.0817631571882e-07,1.54600629637578e-05,1,2.3894062,1.54600629637578e-05,"arahy.Tifrunner.gnm2.ann2.Ah09g284000"
45908,1,"STRG.5",5.176336,1.4466479,2.26285757416026e-07,1.675029726928e-05,1,1.4466479,1.675029726928e-05,"STRG.5"
45909,1,"arahy.Tifrunner.gnm2.ann2.Ah03g599900",5.172115,1.3852079,2.31459193341058e-07,1.71054355806142e-05,1,1.3852079,1.71054355806142e-05,"arahy.Tifrunner.gnm2.ann2.Ah03g599900"
45910,1,"arahy.Tifrunner.gnm2.ann2.Ah04g402800",5.1540995,2.4448853,2.54852806830122e-07,1.88037587976247e-05,1,2.4448853,1.88037587976247e-05,"arahy.Tifrunner.gnm2.ann2.Ah04g402800"
45911,1,"arahy.Tifrunner.gnm2.ann2.Ah05g429300",5.137762,2.4215853,2.78029674968484e-07,2.04145531020408e-05,1,2.4215853,2.04145531020408e-05,"arahy.Tifrunner.gnm2.ann2.Ah05g429300"
45912,1,"arahy.Tifrunner.gnm2.ann2.Ah06g104900",5.1366553,0.9044544,2.79671058010656e-07,2.0502005225245e-05,1,0.9044544,2.0502005225245e-05,"arahy.Tifrunner.gnm2.ann2.Ah06g104900"
45913,1,"arahy.Tifrunner.gnm2.ann2.Ah08g361200",5.136272,1.1452178,2.80242106553503e-07,2.0510838679649e-05,1,1.1452178,2.0510838679649e-05,"arahy.Tifrunner.gnm2.ann2.Ah08g361200"
45914,1,"arahy.Tifrunner.gnm2.ann2.Ah07g232100",5.122358,2.1135054,3.01738617382237e-07,2.20133795155592e-05,1,2.1135054,2.20133795155592e-05,"arahy.Tifrunner.gnm2.ann2.Ah07g232100"
45915,1,"STRG.5211",5.117868,1.3220842,3.09008782218369e-07,2.24717504819633e-05,1,1.3220842,2.24717504819633e-05,"STRG.5211"
45916,1,"arahy.Tifrunner.gnm2.ann2.Ah10g418600",5.112401,2.6594567,3.18089663630526e-07,2.30584615399937e-05,1,2.6594567,2.30584615399937e-05,"arahy.Tifrunner.gnm2.ann2.Ah10g418600"
45917,1,"STRG.2912",5.109147,1.0908803,3.23616106352934e-07,2.34217800089204e-05,1,1.0908803,2.34217800089204e-05,"STRG.2912"
45918,1,"arahy.Tifrunner.gnm2.ann2.Ah14g470700",5.0985384,1.7106996,3.42286430331875e-07,2.46945284539275e-05,1,1.7106996,2.46945284539275e-05,"arahy.Tifrunner.gnm2.ann2.Ah14g470700"
45919,1,"arahy.Tifrunner.gnm2.ann2.Ah15g445500",5.088401,0.64860296,3.61095843383632e-07,2.60103278072729e-05,1,0.64860296,2.60103278072729e-05,"arahy.Tifrunner.gnm2.ann2.Ah15g445500"
45920,1,"arahy.Tifrunner.gnm2.ann2.Ah11g381300",5.086835,3.568384,3.64088637091387e-07,2.61844725354634e-05,1,3.568384,2.61844725354634e-05,"arahy.Tifrunner.gnm2.ann2.Ah11g381300"
45921,1,"arahy.Tifrunner.gnm2.ann2.Ah17g475700",5.0746236,2.258517,3.88264282715016e-07,2.77914201357207e-05,1,2.258517,2.77914201357207e-05,"arahy.Tifrunner.gnm2.ann2.Ah17g475700"
45922,1,"arahy.Tifrunner.gnm2.ann2.Ah13g204900",5.064691,2.4585361,4.09063327610697e-07,2.91427213241774e-05,1,2.4585361,2.91427213241774e-05,"arahy.Tifrunner.gnm2.ann2.Ah13g204900"
45923,1,"arahy.Tifrunner.gnm2.ann2.Ah03g561100",5.06398,1.0516397,4.10592426934505e-07,2.9205952568385e-05,1,1.0516397,2.9205952568385e-05,"arahy.Tifrunner.gnm2.ann2.Ah03g561100"
45924,1,"arahy.Tifrunner.gnm2.ann2.Ah20g513000",5.027568,1.7475983,4.96739361004726e-07,3.4897473256758e-05,1,1.7475983,3.4897473256758e-05,"arahy.Tifrunner.gnm2.ann2.Ah20g513000"
45925,1,"arahy.Tifrunner.gnm2.ann2.Ah16g482100",5.0106664,1.1578838,5.42418799278165e-07,3.80478789188585e-05,1,1.1578838,3.80478789188585e-05,"arahy.Tifrunner.gnm2.ann2.Ah16g482100"
45926,1,"STRG.5735",5.0057273,1.0102303,5.56515660646339e-07,3.89766445157906e-05,1,1.0102303,3.89766445157906e-05,"STRG.5735"
45927,1,"STRG.3772",4.9911366,1.4935284,6.00251161342653e-07,4.19107881425812e-05,1,1.4935284,4.19107881425812e-05,"STRG.3772"
45928,1,"arahy.Tifrunner.gnm2.ann2.Ah03g594000",4.980996,1.3844008,6.32577444285353e-07,4.40328066875327e-05,1,1.3844008,4.40328066875327e-05,"arahy.Tifrunner.gnm2.ann2.Ah03g594000"
45929,1,"arahy.Tifrunner.gnm2.ann2.Ah17g154500",4.9717627,2.587207,6.63469219461867e-07,4.60423365042409e-05,1,2.587207,4.60423365042409e-05,"arahy.Tifrunner.gnm2.ann2.Ah17g154500"
45930,1,"arahy.Tifrunner.gnm2.ann2.Ah12g145600",4.950635,3.2303586,7.3971743449162e-07,5.11776542367728e-05,1,3.2303586,5.11776542367728e-05,"arahy.Tifrunner.gnm2.ann2.Ah12g145600"
45931,1,"arahy.Tifrunner.gnm2.ann2.Ah10g276600",4.939716,0.8206759,7.82365554937764e-07,5.39642568530103e-05,1,0.8206759,5.39642568530103e-05,"arahy.Tifrunner.gnm2.ann2.Ah10g276600"
45932,1,"arahy.Tifrunner.gnm2.ann2.Ah08g055200",4.917196,0.5708356,8.77927884407023e-07,6.0281733046373e-05,1,0.5708356,6.0281733046373e-05,"arahy.Tifrunner.gnm2.ann2.Ah08g055200"
45933,1,"arahy.Tifrunner.gnm2.ann2.Ah17g074000",4.916265,0.74050987,8.82109861742278e-07,6.04776646776438e-05,1,0.74050987,6.04776646776438e-05,"arahy.Tifrunner.gnm2.ann2.Ah17g074000"
45934,1,"arahy.Tifrunner.gnm2.ann2.Ah14g020700",4.9020944,1.6097237,9.48202595953611e-07,6.48137762435318e-05,1,1.6097237,6.48137762435318e-05,"arahy.Tifrunner.gnm2.ann2.Ah14g020700"
45935,1,"STRG.775",4.8777204,1.5870174,1.07318971407745e-06,7.31375577000923e-05,1,1.5870174,7.31375577000923e-05,"STRG.775"
45936,1,"STRG.5349",4.874767,0.6482049,1.08936984082603e-06,7.41292565527121e-05,1,0.6482049,7.41292565527121e-05,"STRG.5349"
45937,1,"arahy.Tifrunner.gnm2.ann2.Ah07g242200",4.8717256,2.839167,1.1062770016373e-06,7.51673943619945e-05,1,2.839167,7.51673943619945e-05,"arahy.Tifrunner.gnm2.ann2.Ah07g242200"
45938,1,"arahy.Tifrunner.gnm2.ann2.Ah08g064900",4.81445,2.1206377,1.47606066073937e-06,9.94026413010341e-05,1,2.1206377,9.94026413010341e-05,"arahy.Tifrunner.gnm2.ann2.Ah08g064900"
45939,1,"arahy.Tifrunner.gnm2.ann2.Ah09g283000",4.810783,2.6009147,1.50340100474477e-06,0.000101094279675038,1,2.6009147,0.000101094279675038,"arahy.Tifrunner.gnm2.ann2.Ah09g283000"
45940,1,"arahy.Tifrunner.gnm2.ann2.Ah03g230300",4.786961,1.8341147,1.69325671759503e-06,0.000112820481550483,1,1.8341147,0.000112820481550483,"arahy.Tifrunner.gnm2.ann2.Ah03g230300"
45941,1,"STRG.3708",4.785146,0.96418303,1.70863024727904e-06,0.000113552822448366,1,0.96418303,0.000113552822448366,"STRG.3708"
45942,1,"arahy.Tifrunner.gnm2.ann2.Ah02g366900",4.7833114,0.7974696,1.7243055842358e-06,0.000114427532677479,1,0.7974696,0.000114427532677479,"arahy.Tifrunner.gnm2.ann2.Ah02g366900"
45943,1,"arahy.Tifrunner.gnm2.ann2.Ah13g253300",4.77814,2.2305632,1.76924037203907e-06,0.000117238571610927,1,2.2305632,0.000117238571610927,"arahy.Tifrunner.gnm2.ann2.Ah13g253300"
45944,1,"arahy.Tifrunner.gnm2.ann2.Ah06g157000",4.7638793,0.2426309,1.89906230699949e-06,0.000125294076034558,1,0.2426309,0.000125294076034558,"arahy.Tifrunner.gnm2.ann2.Ah06g157000"
45945,1,"STRG.2159",4.7395444,1.0758171,2.14199539776747e-06,0.000140103733459721,1,1.0758171,0.000140103733459721,"STRG.2159"
45946,1,"arahy.Tifrunner.gnm2.ann2.Ah09g429600",4.717256,3.7727196,2.39046584714647e-06,0.000155907689434808,1,3.7727196,0.000155907689434808,"arahy.Tifrunner.gnm2.ann2.Ah09g429600"
45947,1,"arahy.Tifrunner.gnm2.ann2.Ah03g330800",4.711203,0.5504605,2.46258802680682e-06,0.000160152653331934,1,0.5504605,0.000160152653331934,"arahy.Tifrunner.gnm2.ann2.Ah03g330800"
45948,1,"arahy.Tifrunner.gnm2.ann2.Ah08g166100",4.700826,1.9156609,2.59111189653393e-06,0.000167553661900299,1,1.9156609,0.000167553661900299,"arahy.Tifrunner.gnm2.ann2.Ah08g166100"
45949,1,"STRG.275",4.6982636,1.7357799,2.62382711036345e-06,0.000169428518258419,1,1.7357799,0.000169428518258419,"STRG.275"
45950,1,"STRG.4855",4.696822,1.5770977,2.64240128291229e-06,0.000170386226633568,1,1.5770977,0.000170386226633568,"STRG.4855"
45951,1,"STRG.6012",4.69221,1.1590072,2.70269046735662e-06,0.000173536362250977,1,1.1590072,0.000173536362250977,"STRG.6012"
45952,1,"arahy.Tifrunner.gnm2.ann2.Ah07g000900",4.688666,1.5798476,2.74991988595959e-06,0.000176320215335809,1,1.5798476,0.000176320215335809,"arahy.Tifrunner.gnm2.ann2.Ah07g000900"
45953,1,"arahy.Tifrunner.gnm2.ann2.Ah11g022500",4.6838145,3.1313498,2.81584882129147e-06,0.000180293532687022,1,3.1313498,0.000180293532687022,"arahy.Tifrunner.gnm2.ann2.Ah11g022500"
45954,1,"arahy.Tifrunner.gnm2.ann2.Ah09g046900",4.679613,2.8181417,2.8741706187116e-06,0.000183511561355157,1,2.8181417,0.000183511561355157,"arahy.Tifrunner.gnm2.ann2.Ah09g046900"
45955,1,"STRG.2995",4.6739454,1.088823,2.95467573481145e-06,0.000187861254401615,1,1.088823,0.000187861254401615,"STRG.2995"
45956,1,"arahy.Tifrunner.gnm2.ann2.Ah19g357800",4.6472535,1.9425907,3.3638396450409e-06,0.00021239311511906,1,1.9425907,0.00021239311511906,"arahy.Tifrunner.gnm2.ann2.Ah19g357800"
45957,1,"arahy.Tifrunner.gnm2.ann2.Ah01g319800",4.6370254,3.210376,3.53459005563934e-06,0.000222509633553281,1,3.210376,0.000222509633553281,"arahy.Tifrunner.gnm2.ann2.Ah01g319800"
45958,1,"arahy.Tifrunner.gnm2.ann2.Ah20g457300",4.6301856,2.3297641,3.65338123493083e-06,0.000229402106674471,1,2.3297641,0.000229402106674471,"arahy.Tifrunner.gnm2.ann2.Ah20g457300"
45959,1,"arahy.Tifrunner.gnm2.ann2.Ah06g381000",4.6235876,2.2282252,3.77159292375933e-06,0.000236173309850371,1,2.2282252,0.000236173309850371,"arahy.Tifrunner.gnm2.ann2.Ah06g381000"
45960,1,"arahy.Tifrunner.gnm2.ann2.Ah09g007500",4.623263,2.2410915,3.77750750956144e-06,0.000236218752562191,1,2.2410915,0.000236218752562191,"arahy.Tifrunner.gnm2.ann2.Ah09g007500"
45961,1,"arahy.Tifrunner.gnm2.ann2.Ah15g484800",4.6212254,1.9012729,3.81479914844987e-06,0.000237897145800044,1,1.9012729,0.000237897145800044,"arahy.Tifrunner.gnm2.ann2.Ah15g484800"
45962,1,"arahy.Tifrunner.gnm2.ann2.Ah18g446800",4.6179495,1.4981602,3.87550182485168e-06,0.00024135204524562,1,1.4981602,0.00024135204524562,"arahy.Tifrunner.gnm2.ann2.Ah18g446800"
45963,1,"arahy.Tifrunner.gnm2.ann2.Ah10g017200",4.614811,3.2457058,3.93453749017552e-06,0.000244693831561135,1,3.2457058,0.000244693831561135,"arahy.Tifrunner.gnm2.ann2.Ah10g017200"
45964,1,"arahy.Tifrunner.gnm2.ann2.Ah08g151500",4.607243,0.81486803,4.08043124036869e-06,0.000253075683632894,1,0.81486803,0.000253075683632894,"arahy.Tifrunner.gnm2.ann2.Ah08g151500"
45965,1,"arahy.Tifrunner.gnm2.ann2.Ah18g045800",4.6002297,0.014475427,4.22025256916833e-06,0.000261036383096221,1,0.014475427,0.000261036383096221,"arahy.Tifrunner.gnm2.ann2.Ah18g045800"
45966,1,"arahy.Tifrunner.gnm2.ann2.Ah14g023400",4.568151,2.438406,4.9204531966696e-06,0.00030393312255792,1,2.438406,0.00030393312255792,"arahy.Tifrunner.gnm2.ann2.Ah14g023400"
45967,1,"arahy.Tifrunner.gnm2.ann2.Ah17g030400",4.5630236,3.1831334,5.04221253770029e-06,0.000311032091553209,1,3.1831334,0.000311032091553209,"arahy.Tifrunner.gnm2.ann2.Ah17g030400"
45968,1,"arahy.Tifrunner.gnm2.ann2.Ah11g001500",4.5626035,0.58719635,5.05231685858506e-06,0.000311233657199224,1,0.58719635,0.000311233657199224,"arahy.Tifrunner.gnm2.ann2.Ah11g001500"
45969,1,"STRG.5366",4.539693,2.50364,5.6336288376082e-06,0.000345640591918161,1,2.50364,0.000345640591918161,"STRG.5366"
45970,1,"STRG.5870",4.538872,2.2821174,5.65559871925416e-06,0.000346521502147142,1,2.2821174,0.000346521502147142,"STRG.5870"
45971,1,"arahy.Tifrunner.gnm2.ann2.Ah06g120500",4.5305076,2.0168953,5.88420891788602e-06,0.000358958953277846,1,2.0168953,0.000358958953277846,"arahy.Tifrunner.gnm2.ann2.Ah06g120500"
45972,1,"arahy.Tifrunner.gnm2.ann2.Ah05g089200",4.5302954,2.9330435,5.89013131751495e-06,0.000358958953277846,1,2.9330435,0.000358958953277846,"arahy.Tifrunner.gnm2.ann2.Ah05g089200"
45973,1,"arahy.Tifrunner.gnm2.ann2.Ah03g340200",4.5252023,2.0938907,6.03378332864759e-06,0.00036624260300447,1,2.0938907,0.00036624260300447,"arahy.Tifrunner.gnm2.ann2.Ah03g340200"
45974,1,"arahy.Tifrunner.gnm2.ann2.Ah03g082800",4.5225616,1.945336,6.10957565468156e-06,0.000369365633603882,1,1.945336,0.000369365633603882,"arahy.Tifrunner.gnm2.ann2.Ah03g082800"
45975,1,"arahy.Tifrunner.gnm2.ann2.Ah09g358600",4.5161147,0.75500214,6.2984501668746e-06,0.000380279370552784,1,0.75500214,0.000380279370552784,"arahy.Tifrunner.gnm2.ann2.Ah09g358600"
45976,1,"STRG.3855",4.5017123,0.97087514,6.7408208797448e-06,0.00040484054054024,1,0.97087514,0.00040484054054024,"STRG.3855"
45977,1,"arahy.Tifrunner.gnm2.ann2.Ah15g269700",4.4982066,2.4971838,6.85290106707343e-06,0.000411029602341832,1,2.4971838,0.000411029602341832,"arahy.Tifrunner.gnm2.ann2.Ah15g269700"
45978,1,"arahy.Tifrunner.gnm2.ann2.Ah09g374800",4.491272,1.8477159,7.07991409948934e-06,0.000424086854559412,1,1.8477159,0.000424086854559412,"arahy.Tifrunner.gnm2.ann2.Ah09g374800"
45979,1,"arahy.Tifrunner.gnm2.ann2.Ah04g073100",4.469714,2.7222824,7.83241862151426e-06,0.000467317202261881,1,2.7222824,0.000467317202261881,"arahy.Tifrunner.gnm2.ann2.Ah04g073100"
45980,1,"STRG.6038",4.450883,1.4051985,8.55180178002032e-06,0.000508240501610503,1,1.4051985,0.000508240501610503,"STRG.6038"
45981,1,"arahy.Tifrunner.gnm2.ann2.Ah04g403100",4.4425187,1.8708868,8.8911912342729e-06,0.000527721759777105,1,1.8708868,0.000527721759777105,"arahy.Tifrunner.gnm2.ann2.Ah04g403100"
45982,1,"arahy.Tifrunner.gnm2.ann2.Ah13g384000",4.4388423,0.54329956,9.04440584690518e-06,0.000535419417132004,1,0.54329956,0.000535419417132004,"arahy.Tifrunner.gnm2.ann2.Ah13g384000"
45983,1,"arahy.Tifrunner.gnm2.ann2.Ah13g397600",4.4193316,2.8170614,9.90065576676469e-06,0.000584588136350448,1,2.8170614,0.000584588136350448,"arahy.Tifrunner.gnm2.ann2.Ah13g397600"
45984,1,"arahy.Tifrunner.gnm2.ann2.Ah07g233300",4.4183598,1.8523027,9.94528802025698e-06,0.000586462813256708,1,1.8523027,0.000586462813256708,"arahy.Tifrunner.gnm2.ann2.Ah07g233300"
45985,1,"arahy.Tifrunner.gnm2.ann2.Ah03g418200",4.408652,2.47012,1.04016047136534e-05,0.000608640942139277,1,2.47012,0.000608640942139277,"arahy.Tifrunner.gnm2.ann2.Ah03g418200"
45986,1,"arahy.Tifrunner.gnm2.ann2.Ah07g140500",4.4079556,2.4770849,1.04350871418729e-05,0.000609816311998228,1,2.4770849,0.000609816311998228,"arahy.Tifrunner.gnm2.ann2.Ah07g140500"
45987,1,"STRG.1932",4.395422,0.9641419,1.10557863884212e-05,0.000645261050700623,1,0.9641419,0.000645261050700623,"STRG.1932"
45988,1,"arahy.Tifrunner.gnm2.ann2.Ah11g163700",4.390807,2.4334173,1.12930551993629e-05,0.000656579275672314,1,2.4334173,0.000656579275672314,"arahy.Tifrunner.gnm2.ann2.Ah11g163700"
45989,1,"arahy.Tifrunner.gnm2.ann2.Ah17g255600",4.3905315,2.7531137,1.13074016370946e-05,0.000656579275672314,1,2.7531137,0.000656579275672314,"arahy.Tifrunner.gnm2.ann2.Ah17g255600"
45990,1,"STRG.1026",4.389618,1.0669498,1.13550087270219e-05,0.000658503716291649,1,1.0669498,0.000658503716291649,"STRG.1026"
45991,1,"STRG.4742",4.3692203,0.91125894,1.24690823927734e-05,0.000722191484540222,1,0.91125894,0.000722191484540222,"STRG.4742"
45992,1,"arahy.Tifrunner.gnm2.ann2.Ah13g628600",4.3660426,1.1630511,1.26517916825408e-05,0.000731842648736958,1,1.1630511,0.000731842648736958,"arahy.Tifrunner.gnm2.ann2.Ah13g628600"
45993,1,"arahy.Tifrunner.gnm2.ann2.Ah04g345200",4.3609934,0.68881464,1.29473397205962e-05,0.000747988189645206,1,0.68881464,0.000747988189645206,"arahy.Tifrunner.gnm2.ann2.Ah04g345200"
45994,1,"arahy.Tifrunner.gnm2.ann2.Ah16g011500",4.355844,0.2539276,1.3255528155442e-05,0.000763854004744735,1,0.2539276,0.000763854004744735,"arahy.Tifrunner.gnm2.ann2.Ah16g011500"
45995,1,"arahy.Tifrunner.gnm2.ann2.Ah05g385900",4.3415656,2.4200134,1.41470945853999e-05,0.000814200169286654,1,2.4200134,0.000814200169286654,"arahy.Tifrunner.gnm2.ann2.Ah05g385900"
45996,1,"arahy.Tifrunner.gnm2.ann2.Ah01g435700",4.34106,2.2370174,1.4179694922985e-05,0.000815045999588347,1,2.2370174,0.000815045999588347,"arahy.Tifrunner.gnm2.ann2.Ah01g435700"
45997,1,"arahy.Tifrunner.gnm2.ann2.Ah02g044700",4.3153033,3.596131,1.59383883020242e-05,0.000913827694031924,1,3.596131,0.000913827694031924,"arahy.Tifrunner.gnm2.ann2.Ah02g044700"
45998,1,"arahy.Tifrunner.gnm2.ann2.Ah08g215100",4.313369,2.3649814,1.60785671432227e-05,0.000920705271230275,1,2.3649814,0.000920705271230275,"arahy.Tifrunner.gnm2.ann2.Ah08g215100"
45999,1,"arahy.Tifrunner.gnm2.ann2.Ah16g422500",4.305938,2.8346765,1.66279843516352e-05,0.000949777113706197,1,2.8346765,0.000949777113706197,"arahy.Tifrunner.gnm2.ann2.Ah16g422500"
46000,1,"STRG.6077",4.2525997,1.8184679,2.11303267194653e-05,0.00119942268525803,1,1.8184679,0.00119942268525803,"STRG.6077"
46001,1,"arahy.Tifrunner.gnm2.ann2.Ah05g101900",4.235556,0.5889151,2.27986664571705e-05,0.00129090359676148,1,0.5889151,0.00129090359676148,"arahy.Tifrunner.gnm2.ann2.Ah05g101900"
46002,1,"STRG.3126",4.233333,0.835236,2.30252898211026e-05,0.00130211589293898,1,0.835236,0.00130211589293898,"STRG.3126"
46003,1,"arahy.Tifrunner.gnm2.ann2.Ah20g363000",4.2113924,1.039149,2.53801682159375e-05,0.00143173082758654,1,1.039149,0.00143173082758654,"arahy.Tifrunner.gnm2.ann2.Ah20g363000"
46004,1,"arahy.Tifrunner.gnm2.ann2.Ah16g474100",4.2104445,1.3245678,2.54868864533748e-05,0.0014359715580488,1,1.3245678,0.0014359715580488,"arahy.Tifrunner.gnm2.ann2.Ah16g474100"
46005,1,"arahy.Tifrunner.gnm2.ann2.Ah17g464700",4.202554,0.5729504,2.63920042464334e-05,0.00148512929705146,1,0.5729504,0.00148512929705146,"arahy.Tifrunner.gnm2.ann2.Ah17g464700"
46006,1,"arahy.Tifrunner.gnm2.ann2.Ah14g000900",4.19814,1.0521525,2.69116156730721e-05,0.0015087738816514,1,1.0521525,0.0015087738816514,"arahy.Tifrunner.gnm2.ann2.Ah14g000900"
46007,1,"STRG.6557",4.1946397,1.2728779,2.73305828712683e-05,0.00153037817297862,1,1.2728779,0.00153037817297862,"STRG.6557"
46008,1,"arahy.Tifrunner.gnm2.ann2.Ah13g457600",4.193296,2.8437057,2.74930278024137e-05,0.00153758304382934,1,2.8437057,0.00153758304382934,"arahy.Tifrunner.gnm2.ann2.Ah13g457600"
46009,1,"STRG.4559",4.1779943,0.9313738,2.94090851134083e-05,0.00164272293337767,1,0.9313738,0.00164272293337767,"STRG.4559"
46010,1,"arahy.Tifrunner.gnm2.ann2.Ah17g069700",4.1767387,1.1915749,2.95718213686044e-05,0.00164978872056905,1,1.1915749,0.00164978872056905,"arahy.Tifrunner.gnm2.ann2.Ah17g069700"
46011,1,"STRG.2569",4.1745377,0.7789638,2.98591518846717e-05,0.00166377971896915,1,0.7789638,0.00166377971896915,"STRG.2569"
46012,1,"arahy.Tifrunner.gnm2.ann2.Ah08g355300",4.171724,1.6389178,3.02303931660117e-05,0.00168188435638965,1,1.6389178,0.00168188435638965,"arahy.Tifrunner.gnm2.ann2.Ah08g355300"
46013,1,"arahy.Tifrunner.gnm2.ann2.Ah08g215600",4.171516,2.8100522,3.02579581733399e-05,0.00168188435638965,1,2.8100522,0.00168188435638965,"arahy.Tifrunner.gnm2.ann2.Ah08g215600"
46014,1,"arahy.Tifrunner.gnm2.ann2.Ah03g598200",4.170439,2.1988802,3.04013557975993e-05,0.00168779429430477,1,2.1988802,0.00168779429430477,"arahy.Tifrunner.gnm2.ann2.Ah03g598200"
46015,1,"arahy.Tifrunner.gnm2.ann2.Ah20g457600",4.168753,3.258962,3.0627015932946e-05,0.00169825124644511,1,3.258962,0.00169825124644511,"arahy.Tifrunner.gnm2.ann2.Ah20g457600"
46016,1,"arahy.Tifrunner.gnm2.ann2.Ah03g598400",4.15533,2.4073849,3.24817985871941e-05,0.0017989068112937,1,2.4073849,0.0017989068112937,"arahy.Tifrunner.gnm2.ann2.Ah03g598400"
46017,1,"arahy.Tifrunner.gnm2.ann2.Ah02g022800",4.1476917,1.8165421,3.35844242566765e-05,0.00185545792458852,1,1.8165421,0.00185545792458852,"arahy.Tifrunner.gnm2.ann2.Ah02g022800"
46018,1,"arahy.Tifrunner.gnm2.ann2.Ah11g336500",4.1474032,2.569397,3.36267210704361e-05,0.00185554284849762,1,2.569397,0.00185554284849762,"arahy.Tifrunner.gnm2.ann2.Ah11g336500"
46019,1,"arahy.Tifrunner.gnm2.ann2.Ah08g281600",4.136482,2.9908717,3.52671383313376e-05,0.00194370605980123,1,2.9908717,0.00194370605980123,"arahy.Tifrunner.gnm2.ann2.Ah08g281600"
46020,1,"STRG.4448",4.092377,1.8259209,4.26973219188555e-05,0.00234752763651447,1,1.8259209,0.00234752763651447,"STRG.4448"
46021,1,"arahy.Tifrunner.gnm2.ann2.Ah17g490100",4.054724,1.0267911,5.01934887337888e-05,0.00272349032314303,1,1.0267911,0.00272349032314303,"arahy.Tifrunner.gnm2.ann2.Ah17g490100"
46022,1,"arahy.Tifrunner.gnm2.ann2.Ah02g345400",4.044711,3.1399987,5.23876570699372e-05,0.00283578561290347,1,3.1399987,0.00283578561290347,"arahy.Tifrunner.gnm2.ann2.Ah02g345400"
46023,1,"arahy.Tifrunner.gnm2.ann2.Ah20g116700",4.037969,2.1632707,5.39159432540451e-05,0.00291158885017455,1,2.1632707,0.00291158885017455,"arahy.Tifrunner.gnm2.ann2.Ah20g116700"
46024,1,"arahy.Tifrunner.gnm2.ann2.Ah14g137100",4.0293927,0.78028476,5.59211750366199e-05,0.0030091673432235,1,0.78028476,0.0030091673432235,"arahy.Tifrunner.gnm2.ann2.Ah14g137100"
46025,1,"arahy.Tifrunner.gnm2.ann2.Ah08g348000",4.028203,2.3034372,5.62048309774187e-05,0.00302086036058561,1,2.3034372,0.00302086036058561,"arahy.Tifrunner.gnm2.ann2.Ah08g348000"
46026,1,"STRG.2039",4.0276604,2.1681075,5.63345879171671e-05,0.00302426389191169,1,2.1681075,0.00302426389191169,"STRG.2039"
46027,1,"arahy.Tifrunner.gnm2.ann2.Ah07g049200",4.021793,2.4696028,5.77567994535576e-05,0.00309331828038089,1,2.4696028,0.00309331828038089,"arahy.Tifrunner.gnm2.ann2.Ah07g049200"
46028,1,"arahy.Tifrunner.gnm2.ann2.Ah13g589900",4.018361,2.3418853,5.8604386126724e-05,0.00313502476384604,1,2.3418853,0.00313502476384604,"arahy.Tifrunner.gnm2.ann2.Ah13g589900"
46029,1,"arahy.Tifrunner.gnm2.ann2.Ah19g368100",4.0046644,2.7844574,6.21056350717185e-05,0.00331453333060365,1,2.7844574,0.00331453333060365,"arahy.Tifrunner.gnm2.ann2.Ah19g368100"
46030,1,"STRG.5736",4.000973,0.34414974,6.30825105875392e-05,0.00335879323039431,1,0.34414974,0.00335879323039431,"STRG.5736"
46031,1,"arahy.Tifrunner.gnm2.ann2.Ah17g341400",3.998787,1.4498109,6.36679771599058e-05,0.00338205483340438,1,1.4498109,0.00338205483340438,"arahy.Tifrunner.gnm2.ann2.Ah17g341400"
46032,1,"arahy.Tifrunner.gnm2.ann2.Ah20g056600",3.9772782,3.375725,6.97086041659586e-05,0.00368573112201057,1,3.375725,0.00368573112201057,"arahy.Tifrunner.gnm2.ann2.Ah20g056600"
46033,1,"arahy.Tifrunner.gnm2.ann2.Ah02g087600",3.9734454,1.4586469,7.0840392881856e-05,0.00373689228916989,1,1.4586469,0.00373689228916989,"arahy.Tifrunner.gnm2.ann2.Ah02g087600"
46034,1,"arahy.Tifrunner.gnm2.ann2.Ah13g256000",3.967617,1.7016289,7.25948908263206e-05,0.00382058937569644,1,1.7016289,0.00382058937569644,"arahy.Tifrunner.gnm2.ann2.Ah13g256000"
46035,1,"STRG.4326",3.9632394,1.942497,7.39395439788105e-05,0.0038779076037919,1,1.942497,0.0038779076037919,"STRG.4326"
46036,1,"STRG.6439",3.9573598,0.43240228,7.57827719877393e-05,0.0039700056524394,1,0.43240228,0.0039700056524394,"STRG.6439"
46037,1,"arahy.Tifrunner.gnm2.ann2.Ah20g208300",3.9400208,2.108289,8.14745402096289e-05,0.0042534942299348,1,2.108289,0.0042534942299348,"arahy.Tifrunner.gnm2.ann2.Ah20g208300"
46038,1,"arahy.Tifrunner.gnm2.ann2.Ah09g386800",3.930015,0.7466754,8.49405031705069e-05,0.00441923596152475,1,0.7466754,0.00441923596152475,"arahy.Tifrunner.gnm2.ann2.Ah09g386800"
46039,1,"arahy.Tifrunner.gnm2.ann2.Ah10g356400",3.9260042,2.7587743,8.63686780223725e-05,0.00448841061448686,1,2.7587743,0.00448841061448686,"arahy.Tifrunner.gnm2.ann2.Ah10g356400"
46040,1,"arahy.Tifrunner.gnm2.ann2.Ah13g142700",3.904713,2.2822666,9.43373481430999e-05,0.00488024254189373,1,2.2822666,0.00488024254189373,"arahy.Tifrunner.gnm2.ann2.Ah13g142700"
46041,1,"arahy.Tifrunner.gnm2.ann2.Ah01g100100",3.9022431,0.47965297,9.53053472482281e-05,0.00491356809527558,1,0.47965297,0.00491356809527558,"arahy.Tifrunner.gnm2.ann2.Ah01g100100"
46042,1,"arahy.Tifrunner.gnm2.ann2.Ah02g150200",3.875519,0.4460348,0.000106397637866278,0.00546070582437929,1,0.4460348,0.00546070582437929,"arahy.Tifrunner.gnm2.ann2.Ah02g150200"
46043,1,"arahy.Tifrunner.gnm2.ann2.Ah10g253500",3.873831,0.35562602,0.000107137667614503,0.00549249457261555,1,0.35562602,0.00549249457261555,"arahy.Tifrunner.gnm2.ann2.Ah10g253500"
46044,1,"arahy.Tifrunner.gnm2.ann2.Ah08g260200",3.851553,1.6917859,0.000117371153698266,0.00597006078319539,1,1.6917859,0.00597006078319539,"arahy.Tifrunner.gnm2.ann2.Ah08g260200"
46045,1,"arahy.Tifrunner.gnm2.ann2.Ah17g237100",3.847051,0.59352154,0.000119548150387404,0.00606723522657321,1,0.59352154,0.00606723522657321,"arahy.Tifrunner.gnm2.ann2.Ah17g237100"
46046,1,"arahy.Tifrunner.gnm2.ann2.Ah02g134600",3.8313048,3.058785,0.000127465536994813,0.00644033419106755,1,3.058785,0.00644033419106755,"arahy.Tifrunner.gnm2.ann2.Ah02g134600"
46047,1,"STRG.5651",3.8285127,0.4122685,0.000128920038486551,0.00650660291802856,1,0.4122685,0.00650660291802856,"STRG.5651"
46048,1,"arahy.Tifrunner.gnm2.ann2.Ah02g163200",3.8040457,1.8714451,0.000142351924394511,0.00714490518868325,1,1.8714451,0.00714490518868325,"arahy.Tifrunner.gnm2.ann2.Ah02g163200"
46049,1,"STRG.4225",3.7913334,0.811443,0.000149840641732136,0.00750423033466861,1,0.811443,0.00750423033466861,"STRG.4225"
46050,1,"arahy.Tifrunner.gnm2.ann2.Ah13g590100",3.785019,0.84579057,0.000153696952870648,0.00768046112237474,1,0.84579057,0.00768046112237474,"arahy.Tifrunner.gnm2.ann2.Ah13g590100"
46051,1,"arahy.Tifrunner.gnm2.ann2.Ah19g095500",3.772915,0.4532757,0.000161351391145076,0.00799277555004181,1,0.4532757,0.00799277555004181,"arahy.Tifrunner.gnm2.ann2.Ah19g095500"
46052,1,"STRG.5340",3.769109,1.6551602,0.000163831365211562,0.00809800116166247,1,1.6551602,0.00809800116166247,"STRG.5340"
46053,1,"arahy.Tifrunner.gnm2.ann2.Ah08g147800",3.7654448,3.7511873,0.000166252865943182,0.00820878033535514,1,3.7511873,0.00820878033535514,"arahy.Tifrunner.gnm2.ann2.Ah08g147800"
46054,1,"arahy.Tifrunner.gnm2.ann2.Ah01g057900",3.7612896,3.291251,0.000169039576729522,0.00833563353271296,1,3.291251,0.00833563353271296,"arahy.Tifrunner.gnm2.ann2.Ah01g057900"
46055,1,"arahy.Tifrunner.gnm2.ann2.Ah20g313100",3.7565482,1.0768464,0.000172273132931459,0.00846928952869517,1,1.0768464,0.00846928952869517,"arahy.Tifrunner.gnm2.ann2.Ah20g313100"
46056,1,"arahy.Tifrunner.gnm2.ann2.Ah17g426400",3.7443123,1.6040509,0.000180888581485666,0.00885459331564889,1,1.6040509,0.00885459331564889,"arahy.Tifrunner.gnm2.ann2.Ah17g426400"
46057,1,"arahy.Tifrunner.gnm2.ann2.Ah01g050400",3.7350638,2.153631,0.000187667553246895,0.009166714263961,1,2.153631,0.009166714263961,"arahy.Tifrunner.gnm2.ann2.Ah01g050400"
46058,1,"arahy.Tifrunner.gnm2.ann2.Ah06g380400",3.7297776,0.47177362,0.000191648793879674,0.00933729737968463,1,0.47177362,0.00933729737968463,"arahy.Tifrunner.gnm2.ann2.Ah06g380400"
46059,1,"STRG.2580",3.7296116,1.8755522,0.000191775174633273,0.00933729737968463,1,1.8755522,0.00933729737968463,"STRG.2580"
46060,1,"arahy.Tifrunner.gnm2.ann2.Ah03g329200",3.7231798,0.6524168,0.000196729377717262,0.00955806637267942,1,0.6524168,0.00955806637267942,"arahy.Tifrunner.gnm2.ann2.Ah03g329200"
46061,1,"STRG.6798",3.7196987,1.7775891,0.000199460535986536,0.00967011867971361,1,1.7775891,0.00967011867971361,"STRG.6798"
46062,1,"arahy.Tifrunner.gnm2.ann2.Ah15g190100",3.7073872,0.88502115,0.00020940870763905,0.0101308416647823,1,0.88502115,0.0101308416647823,"arahy.Tifrunner.gnm2.ann2.Ah15g190100"
46063,1,"STRG.1370",3.6950438,2.8795092,0.000219848946093841,0.0106021222690424,1,2.8795092,0.0106021222690424,"STRG.1370"
46064,1,"arahy.Tifrunner.gnm2.ann2.Ah13g398200",3.685507,1.5657858,0.000228247719380985,0.0109838786227272,1,1.5657858,0.0109838786227272,"arahy.Tifrunner.gnm2.ann2.Ah13g398200"
46065,1,"arahy.Tifrunner.gnm2.ann2.Ah03g526700",3.675377,2.7568944,0.000237498562644715,0.0113689637916278,1,2.7568944,0.0113689637916278,"arahy.Tifrunner.gnm2.ann2.Ah03g526700"
46066,1,"STRG.2624",3.6750007,1.1628332,0.00023784877821923,0.0113737686761053,1,1.1628332,0.0113737686761053,"STRG.2624"
46067,1,"STRG.4945",3.6727264,0.5338479,0.00023997633108167,0.0114634653684805,1,0.5338479,0.0114634653684805,"STRG.4945"
46068,1,"arahy.Tifrunner.gnm2.ann2.Ah08g209800",3.6706722,1.4860494,0.000241913549887809,0.0115197410513521,1,1.4860494,0.0115197410513521,"arahy.Tifrunner.gnm2.ann2.Ah08g209800"
46069,1,"arahy.Tifrunner.gnm2.ann2.Ah03g542100",3.6698904,3.3941512,0.000242654506206595,0.0115429506170836,1,3.3941512,0.0115429506170836,"arahy.Tifrunner.gnm2.ann2.Ah03g542100"
46070,1,"arahy.Tifrunner.gnm2.ann2.Ah11g470500",3.6603074,3.8224719,0.000251912912419168,0.011933489516098,1,3.8224719,0.011933489516098,"arahy.Tifrunner.gnm2.ann2.Ah11g470500"
46071,1,"STRG.2920",3.6483645,0.9251233,0.00026391496979143,0.0124631380547563,1,0.9251233,0.0124631380547563,"STRG.2920"
46072,1,"arahy.Tifrunner.gnm2.ann2.Ah03g008500",3.621064,1.8108996,0.000293393916347995,0.0137553703891103,1,1.8108996,0.0137553703891103,"arahy.Tifrunner.gnm2.ann2.Ah03g008500"
46073,1,"arahy.Tifrunner.gnm2.ann2.Ah15g546200",3.6196618,0.6595355,0.000294988262559688,0.0138158906016124,1,0.6595355,0.0138158906016124,"arahy.Tifrunner.gnm2.ann2.Ah15g546200"
46074,1,"arahy.Tifrunner.gnm2.ann2.Ah01g415700",3.6176758,0.9644455,0.000297260348167545,0.0138874573023968,1,0.9644455,0.0138874573023968,"arahy.Tifrunner.gnm2.ann2.Ah01g415700"
46075,1,"STRG.5049",3.6175513,2.489537,0.000297403422480247,0.0138874573023968,1,2.489537,0.0138874573023968,"STRG.5049"
46076,1,"arahy.Tifrunner.gnm2.ann2.Ah10g026800",3.6161637,1.4523188,0.000299001242822019,0.0139464473137598,1,1.4523188,0.0139464473137598,"arahy.Tifrunner.gnm2.ann2.Ah10g026800"
46077,1,"arahy.Tifrunner.gnm2.ann2.Ah08g019100",3.612502,3.150509,0.000303256717271366,0.0141160110399404,1,3.150509,0.0141160110399404,"arahy.Tifrunner.gnm2.ann2.Ah08g019100"
46078,1,"STRG.3968",3.6058016,1.3790255,0.000311190968402252,0.0144705389637836,1,1.3790255,0.0144705389637836,"STRG.3968"
46079,1,"arahy.Tifrunner.gnm2.ann2.Ah17g355500",3.6042795,3.5141892,0.000313019907697542,0.0145407329367581,1,3.5141892,0.0145407329367581,"arahy.Tifrunner.gnm2.ann2.Ah17g355500"
46080,1,"arahy.Tifrunner.gnm2.ann2.Ah13g139200",3.5926032,1.3289623,0.000327391029331218,0.0151311159586542,1,1.3289623,0.0151311159586542,"arahy.Tifrunner.gnm2.ann2.Ah13g139200"
46081,1,"arahy.Tifrunner.gnm2.ann2.Ah16g403700",3.5858512,1.1937244,0.000335980422156489,0.0154809440670567,1,1.1937244,0.0154809440670567,"arahy.Tifrunner.gnm2.ann2.Ah16g403700"
46082,1,"arahy.Tifrunner.gnm2.ann2.Ah06g054900",3.5836968,1.8688396,0.00033876539816641,0.015593484313577,1,1.8688396,0.015593484313577,"arahy.Tifrunner.gnm2.ann2.Ah06g054900"
46083,1,"arahy.Tifrunner.gnm2.ann2.Ah16g510300",3.5806556,2.9310236,0.000342733348983277,0.0157284203418495,1,2.9310236,0.0157284203418495,"arahy.Tifrunner.gnm2.ann2.Ah16g510300"
46084,1,"arahy.Tifrunner.gnm2.ann2.Ah11g217500",3.577856,3.363324,0.000346424167003415,0.0158498630941341,1,3.363324,0.0158498630941341,"arahy.Tifrunner.gnm2.ann2.Ah11g217500"
46085,1,"arahy.Tifrunner.gnm2.ann2.Ah20g288600",3.5588756,4.1971602,0.000372445884656048,0.0169892048628075,1,4.1971602,0.0169892048628075,"arahy.Tifrunner.gnm2.ann2.Ah20g288600"
46086,1,"arahy.Tifrunner.gnm2.ann2.Ah11g324400",3.5479686,1.6082892,0.000388214555313401,0.0176730794160873,1,1.6082892,0.0176730794160873,"arahy.Tifrunner.gnm2.ann2.Ah11g324400"
46087,1,"arahy.Tifrunner.gnm2.ann2.Ah16g059800",3.5190434,0.69395804,0.000433105603294381,0.0195796419904403,1,0.69395804,0.0195796419904403,"arahy.Tifrunner.gnm2.ann2.Ah16g059800"
46088,1,"arahy.Tifrunner.gnm2.ann2.Ah18g182900",3.5160878,1.5327431,0.000437956157078518,0.0197401149453886,1,1.5327431,0.0197401149453886,"arahy.Tifrunner.gnm2.ann2.Ah18g182900"
46089,1,"arahy.Tifrunner.gnm2.ann2.Ah03g228100",3.5057743,2.1597958,0.000455281029309407,0.0204400528385419,1,2.1597958,0.0204400528385419,"arahy.Tifrunner.gnm2.ann2.Ah03g228100"
46090,1,"arahy.Tifrunner.gnm2.ann2.Ah18g400700",3.5047092,0.92165095,0.000457106120372874,0.0204815935274161,1,0.92165095,0.0204815935274161,"arahy.Tifrunner.gnm2.ann2.Ah18g400700"
46091,1,"arahy.Tifrunner.gnm2.ann2.Ah11g371500",3.4988344,0.82212037,0.000467296718755159,0.0209176163467157,1,0.82212037,0.0209176163467157,"arahy.Tifrunner.gnm2.ann2.Ah11g371500"
46092,1,"STRG.5811",3.4937143,1.5919291,0.00047635046232634,0.0212185699089474,1,1.5919291,0.0212185699089474,"STRG.5811"
46093,1,"arahy.Tifrunner.gnm2.ann2.Ah19g266000",3.486044,1.998234,0.000490220410023776,0.0217300817389702,1,1.998234,0.0217300817389702,"arahy.Tifrunner.gnm2.ann2.Ah19g266000"
46094,1,"arahy.Tifrunner.gnm2.ann2.Ah18g019700",3.4784517,1.0329806,0.000504319122295792,0.0223332915597214,1,1.0329806,0.0223332915597214,"arahy.Tifrunner.gnm2.ann2.Ah18g019700"
46095,1,"arahy.Tifrunner.gnm2.ann2.Ah10g162000",3.461797,1.1282747,0.000536581919488841,0.0236470041653533,1,1.1282747,0.0236470041653533,"arahy.Tifrunner.gnm2.ann2.Ah10g162000"
46096,1,"STRG.6636",3.444038,1.5063659,0.000573095457941939,0.0250620534364542,1,1.5063659,0.0250620534364542,"STRG.6636"
46097,1,"STRG.5931",3.43989,0.8882517,0.000581950645980701,0.0254004997196792,1,0.8882517,0.0254004997196792,"STRG.5931"
46098,1,"arahy.Tifrunner.gnm2.ann2.Ah09g399000",3.4372811,2.3786101,0.000587585425258787,0.0256218763404991,1,2.3786101,0.0256218763404991,"arahy.Tifrunner.gnm2.ann2.Ah09g399000"
46099,1,"arahy.Tifrunner.gnm2.ann2.Ah15g459400",3.435383,2.8478804,0.000591716758056959,0.0257280933082951,1,2.8478804,0.0257280933082951,"arahy.Tifrunner.gnm2.ann2.Ah15g459400"
46100,1,"arahy.Tifrunner.gnm2.ann2.Ah18g356800",3.4286263,0.679633,0.000606644137964359,0.0263017787968471,1,0.679633,0.0263017787968471,"arahy.Tifrunner.gnm2.ann2.Ah18g356800"
46101,1,"arahy.Tifrunner.gnm2.ann2.Ah19g553900",3.4279227,2.4721472,0.000608218381187976,0.0263449415653677,1,2.4721472,0.0263449415653677,"arahy.Tifrunner.gnm2.ann2.Ah19g553900"
46102,1,"arahy.Tifrunner.gnm2.ann2.Ah15g145800",3.426655,0.9694617,0.000611064901212852,0.0264179663464519,1,0.9694617,0.0264179663464519,"arahy.Tifrunner.gnm2.ann2.Ah15g145800"
46103,1,"STRG.6762",3.4160264,2.389766,0.000635420759691013,0.0273411102685951,1,2.389766,0.0273411102685951,"STRG.6762"
46104,1,"STRG.2375",3.4142382,0.8905398,0.000639606001746251,0.0274692675693362,1,0.8905398,0.0274692675693362,"STRG.2375"
46105,1,"arahy.Tifrunner.gnm2.ann2.Ah08g027900",3.4080777,1.2676561,0.000654222810959882,0.0280177227150872,1,1.2676561,0.0280177227150872,"arahy.Tifrunner.gnm2.ann2.Ah08g027900"
46106,1,"STRG.1014",3.39271,0.34683278,0.000692048456026419,0.0295819848940345,1,0.34683278,0.0295819848940345,"STRG.1014"
46107,1,"arahy.Tifrunner.gnm2.ann2.Ah09g453300",3.3843484,1.5268792,0.000713474028357618,0.030412164482165,1,1.5268792,0.030412164482165,"arahy.Tifrunner.gnm2.ann2.Ah09g453300"
46108,1,"arahy.Tifrunner.gnm2.ann2.Ah01g140200",3.3817322,3.0509348,0.000720303295786619,0.0306745437206642,1,3.0509348,0.0306745437206642,"arahy.Tifrunner.gnm2.ann2.Ah01g140200"
46109,1,"arahy.Tifrunner.gnm2.ann2.Ah02g003300",3.380462,2.4880428,0.000723640949329546,0.0307878790441853,1,2.4880428,0.0307878790441853,"arahy.Tifrunner.gnm2.ann2.Ah02g003300"
46110,1,"arahy.Tifrunner.gnm2.ann2.Ah05g449200",3.379927,0.4557952,0.00072505090994274,0.0308190640749144,1,0.4557952,0.0308190640749144,"arahy.Tifrunner.gnm2.ann2.Ah05g449200"
46111,1,"arahy.Tifrunner.gnm2.ann2.Ah13g385900",3.3742647,0.6921736,0.000740131871937502,0.031401456978642,1,0.6921736,0.031401456978642,"arahy.Tifrunner.gnm2.ann2.Ah13g385900"
46112,1,"STRG.2824",3.3715923,0.23368202,0.000747350199545345,0.0316487167293975,1,0.23368202,0.0316487167293975,"STRG.2824"
46113,1,"arahy.Tifrunner.gnm2.ann2.Ah09g354200",3.3706346,1.2786622,0.000749952528089619,0.0317294041717024,1,1.2786622,0.0317294041717024,"arahy.Tifrunner.gnm2.ann2.Ah09g354200"
46114,1,"arahy.Tifrunner.gnm2.ann2.Ah09g418400",3.3685632,0.6267973,0.000755610872727977,0.0319094892115662,1,0.6267973,0.0319094892115662,"arahy.Tifrunner.gnm2.ann2.Ah09g418400"
46115,1,"arahy.Tifrunner.gnm2.ann2.Ah20g008000",3.3641882,1.1496279,0.000767691974770038,0.0323297034777347,1,1.1496279,0.0323297034777347,"arahy.Tifrunner.gnm2.ann2.Ah20g008000"
46116,1,"STRG.1244",3.3609147,1.0041232,0.000776847893994238,0.0326850494696799,1,1.0041232,0.0326850494696799,"STRG.1244"
46117,1,"arahy.Tifrunner.gnm2.ann2.Ah20g507100",3.3580494,1.8757247,0.000784945841369517,0.032995267296866,1,1.8757247,0.032995267296866,"arahy.Tifrunner.gnm2.ann2.Ah20g507100"
46118,1,"arahy.Tifrunner.gnm2.ann2.Ah18g105200",3.3549252,2.343096,0.000793864824145881,0.033339393223632,1,2.343096,0.033339393223632,"arahy.Tifrunner.gnm2.ann2.Ah18g105200"
46119,1,"arahy.Tifrunner.gnm2.ann2.Ah08g030300",3.3477042,1.2625744,0.000814839311460645,0.0341764958840078,1,1.2625744,0.0341764958840078,"arahy.Tifrunner.gnm2.ann2.Ah08g030300"
46120,1,"arahy.Tifrunner.gnm2.ann2.Ah19g445300",3.3466563,1.2921635,0.000817925685205906,0.0342550587794974,1,1.2921635,0.0342550587794974,"arahy.Tifrunner.gnm2.ann2.Ah19g445300"
46121,1,"arahy.Tifrunner.gnm2.ann2.Ah14g358200",3.34618,4.1666107,0.000819332164861811,0.0342824241481334,1,4.1666107,0.0342824241481334,"arahy.Tifrunner.gnm2.ann2.Ah14g358200"
46122,1,"STRG.4021",3.341116,0.6691754,0.000834423478968793,0.0348498114280508,1,0.6691754,0.0348498114280508,"STRG.4021"
46123,1,"arahy.Tifrunner.gnm2.ann2.Ah13g637100",3.3356588,2.4432418,0.000850975256129045,0.0354435476303922,1,2.4432418,0.0354435476303922,"arahy.Tifrunner.gnm2.ann2.Ah13g637100"
46124,1,"arahy.Tifrunner.gnm2.ann2.Ah17g053800",3.3264716,1.4633282,0.000879530062247528,0.0364405369496265,1,1.4633282,0.0364405369496265,"arahy.Tifrunner.gnm2.ann2.Ah17g053800"
46125,1,"arahy.Tifrunner.gnm2.ann2.Ah03g167000",3.324417,2.389908,0.000886035579578396,0.0366689852042972,1,2.389908,0.0366689852042972,"arahy.Tifrunner.gnm2.ann2.Ah03g167000"
46126,1,"arahy.Tifrunner.gnm2.ann2.Ah19g409600",3.3212929,0.7227435,0.00089601477517818,0.0370146793332227,1,0.7227435,0.0370146793332227,"arahy.Tifrunner.gnm2.ann2.Ah19g409600"
46127,1,"arahy.Tifrunner.gnm2.ann2.Ah02g014500",3.319363,1.8872517,0.000902230566018298,0.0372376648118014,1,1.8872517,0.0372376648118014,"arahy.Tifrunner.gnm2.ann2.Ah02g014500"
46128,1,"arahy.Tifrunner.gnm2.ann2.Ah04g156000",3.314282,1.3808752,0.000918787836562682,0.0377840085561694,1,1.3808752,0.0377840085561694,"arahy.Tifrunner.gnm2.ann2.Ah04g156000"
46129,1,"STRG.6599",3.309521,3.0239983,0.000934557411344426,0.0383632025194262,1,3.0239983,0.0383632025194262,"STRG.6599"
46130,1,"arahy.Tifrunner.gnm2.ann2.Ah16g042600",3.3052828,2.4526556,0.000948806081673589,0.0389130162721698,1,2.4526556,0.0389130162721698,"arahy.Tifrunner.gnm2.ann2.Ah16g042600"
46131,1,"arahy.Tifrunner.gnm2.ann2.Ah19g440700",3.281219,1.0563656,0.00103359478607709,0.0422382127839978,1,1.0563656,0.0422382127839978,"arahy.Tifrunner.gnm2.ann2.Ah19g440700"
46132,1,"arahy.Tifrunner.gnm2.ann2.Ah18g460100",3.2776158,0.7617619,0.00104687767363534,0.0427043541349239,1,0.7617619,0.0427043541349239,"arahy.Tifrunner.gnm2.ann2.Ah18g460100"
46133,1,"arahy.Tifrunner.gnm2.ann2.Ah05g238100",3.2676322,1.741728,0.00108451213237438,0.0441209386185983,1,1.741728,0.0441209386185983,"arahy.Tifrunner.gnm2.ann2.Ah05g238100"
46134,1,"arahy.Tifrunner.gnm2.ann2.Ah06g278900",3.2635796,2.5723107,0.00110014277440984,0.0446769845336606,1,2.5723107,0.0446769845336606,"arahy.Tifrunner.gnm2.ann2.Ah06g278900"
46135,1,"arahy.Tifrunner.gnm2.ann2.Ah18g322700",3.2592852,1.6358777,0.00111693332207122,0.0452780699501071,1,1.6358777,0.0452780699501071,"arahy.Tifrunner.gnm2.ann2.Ah18g322700"
46136,1,"STRG.4807",3.2432215,0.8154973,0.00118186320895875,0.0476978197913457,1,0.8154973,0.0476978197913457,"STRG.4807"
46137,1,"arahy.Tifrunner.gnm2.ann2.Ah05g449000",3.2374637,0.62382215,0.00120597244803882,0.0484988425128263,1,0.62382215,0.0484988425128263,"arahy.Tifrunner.gnm2.ann2.Ah05g449000"
46138,1,"arahy.Tifrunner.gnm2.ann2.Ah14g040200",3.2372048,3.1196342,0.00120706730047163,0.0485000280553136,1,3.1196342,0.0485000280553136,"arahy.Tifrunner.gnm2.ann2.Ah14g040200"
46139,1,"arahy.Tifrunner.gnm2.ann2.Ah04g364600",3.2365282,1.5496672,0.00120993271334644,0.0485294950153156,1,1.5496672,0.0485294950153156,"arahy.Tifrunner.gnm2.ann2.Ah04g364600"
46140,1,"STRG.2280",3.2283008,0.75613725,0.00124527910540508,0.0496845626594748,1,0.75613725,0.0496845626594748,"STRG.2280"
90522,1,"arahy.Tifrunner.gnm2.ann2.Ah14g427500",-3.2261243,-0.9386955,0.00125478814406775,0.0499763564921613,1,-0.9386955,0.0499763564921613,"arahy.Tifrunner.gnm2.ann2.Ah14g427500"
90523,1,"arahy.Tifrunner.gnm2.ann2.Ah08g297100",-3.2270942,-1.5912222,0.00125054298130122,0.0498508920146733,1,-1.5912222,0.0498508920146733,"arahy.Tifrunner.gnm2.ann2.Ah08g297100"
90524,1,"arahy.Tifrunner.gnm2.ann2.Ah07g337300",-3.2284083,-1.0374243,0.00124481125187289,0.0496845626594748,1,-1.0374243,0.0496845626594748,"arahy.Tifrunner.gnm2.ann2.Ah07g337300"
90525,1,"arahy.Tifrunner.gnm2.ann2.Ah11g465600",-3.2310147,-0.55884033,0.00123351537710437,0.0493016277676028,1,-0.55884033,0.0493016277676028,"arahy.Tifrunner.gnm2.ann2.Ah11g465600"
90526,1,"arahy.Tifrunner.gnm2.ann2.Ah09g072400",-3.2313788,-1.1927283,0.00123194553174229,0.0492821514824569,1,-1.1927283,0.0492821514824569,"arahy.Tifrunner.gnm2.ann2.Ah09g072400"
90527,1,"arahy.Tifrunner.gnm2.ann2.Ah04g056900",-3.231804,-1.195715,0.00123011462503066,0.0492521883816147,1,-1.195715,0.0492521883816147,"arahy.Tifrunner.gnm2.ann2.Ah04g056900"
90528,1,"arahy.Tifrunner.gnm2.ann2.Ah06g223900",-3.2359614,-0.4210163,0.00121233745960223,0.0485831430553976,1,-0.4210163,0.0485831430553976,"arahy.Tifrunner.gnm2.ann2.Ah06g223900"
90529,1,"arahy.Tifrunner.gnm2.ann2.Ah15g448300",-3.2365282,-0.94625825,0.00120993271334644,0.0485294950153156,1,-0.94625825,0.0485294950153156,"arahy.Tifrunner.gnm2.ann2.Ah15g448300"
90530,1,"arahy.Tifrunner.gnm2.ann2.Ah11g066900",-3.2377203,-2.8101256,0.00120488882888588,0.0484981070258185,1,-2.8101256,0.0484981070258185,"arahy.Tifrunner.gnm2.ann2.Ah11g066900"
90531,1,"arahy.Tifrunner.gnm2.ann2.Ah07g189200",-3.239799,-0.39636844,0.00119613948329219,0.0481885432189326,1,-0.39636844,0.0481885432189326,"arahy.Tifrunner.gnm2.ann2.Ah07g189200"
90532,1,"arahy.Tifrunner.gnm2.ann2.Ah06g423200",-3.2409887,-0.8032813,0.00119115895701299,0.0480303989008499,1,-0.8032813,0.0480303989008499,"arahy.Tifrunner.gnm2.ann2.Ah06g423200"
90533,1,"arahy.Tifrunner.gnm2.ann2.Ah19g175400",-3.2487957,-1.59894,0.00115894616236395,0.0468144322053738,1,-1.59894,0.0468144322053738,"arahy.Tifrunner.gnm2.ann2.Ah19g175400"
90534,1,"STRG.4825",-3.249922,-1.1714559,0.00115436671169321,0.0466708616191135,1,-1.1714559,0.0466708616191135,"STRG.4825"
90535,1,"arahy.Tifrunner.gnm2.ann2.Ah13g101100",-3.250264,-1.439196,0.00115297930337432,0.0466562042727222,1,-1.439196,0.0466562042727222,"arahy.Tifrunner.gnm2.ann2.Ah13g101100"
90536,1,"arahy.Tifrunner.gnm2.ann2.Ah13g023700",-3.2542653,-1.1926321,0.00113686072896332,0.0460448824068739,1,-1.1926321,0.0460448824068739,"arahy.Tifrunner.gnm2.ann2.Ah13g023700"
90537,1,"arahy.Tifrunner.gnm2.ann2.Ah01g244600",-3.2621017,-0.24937773,0.00110589456945493,0.0448705386629824,1,-0.24937773,0.0448705386629824,"arahy.Tifrunner.gnm2.ann2.Ah01g244600"
90538,1,"STRG.6994",-3.2653334,-0.911982,0.00109335257898317,0.0444408775050265,1,-0.911982,0.0444408775050265,"STRG.6994"
90539,1,"arahy.Tifrunner.gnm2.ann2.Ah0g033100",-3.2702875,-0.10926321,0.00107438237092339,0.0437479275974209,1,-0.10926321,0.0437479275974209,"arahy.Tifrunner.gnm2.ann2.Ah0g033100"
90540,1,"STRG.1350",-3.2734191,-1.2846006,0.0010625479088505,0.0433047726074399,1,-1.2846006,0.0433047726074399,"STRG.1350"
90541,1,"arahy.Tifrunner.gnm2.ann2.Ah19g118800",-3.2779799,-0.9584892,0.00104552874011789,0.0426875788028044,1,-0.9584892,0.0426875788028044,"arahy.Tifrunner.gnm2.ann2.Ah19g118800"
90542,1,"arahy.Tifrunner.gnm2.ann2.Ah20g389300",-3.2844555,-0.8122577,0.00102179585552508,0.0417935620187995,1,-0.8122577,0.0417935620187995,"arahy.Tifrunner.gnm2.ann2.Ah20g389300"
90543,1,"arahy.Tifrunner.gnm2.ann2.Ah01g035600",-3.2856233,-2.8445556,0.00101757002258253,0.0416581454209055,1,-2.8445556,0.0416581454209055,"arahy.Tifrunner.gnm2.ann2.Ah01g035600"
90544,1,"arahy.Tifrunner.gnm2.ann2.Ah10g108100",-3.3030038,-1.8786079,0.000956551281274644,0.0391953560114734,1,-1.8786079,0.0391953560114734,"arahy.Tifrunner.gnm2.ann2.Ah10g108100"
90545,1,"arahy.Tifrunner.gnm2.ann2.Ah02g229700",-3.313283,-0.8025271,0.000922076514440337,0.0378850281979981,1,-0.8025271,0.0378850281979981,"arahy.Tifrunner.gnm2.ann2.Ah02g229700"
90546,1,"STRG.5225",-3.3148756,-1.0322628,0.000916839078260517,0.0377379585883651,1,-1.0322628,0.0377379585883651,"STRG.5225"
90547,1,"arahy.Tifrunner.gnm2.ann2.Ah02g089300",-3.315926,-0.87966394,0.000913400040993053,0.0376304284761699,1,-0.87966394,0.0376304284761699,"arahy.Tifrunner.gnm2.ann2.Ah02g089300"
90548,1,"STRG.4295",-3.317636,-0.775401,0.000907827168250692,0.0374347137748591,1,-0.775401,0.0374347137748591,"STRG.4295"
90549,1,"arahy.Tifrunner.gnm2.ann2.Ah12g147700",-3.3222919,-0.46653634,0.000892812343207198,0.036915884752193,1,-0.46653634,0.036915884752193,"arahy.Tifrunner.gnm2.ann2.Ah12g147700"
90550,1,"arahy.Tifrunner.gnm2.ann2.Ah18g080000",-3.326413,-1.5179236,0.000879715097698787,0.0364405369496265,1,-1.5179236,0.0364405369496265,"arahy.Tifrunner.gnm2.ann2.Ah18g080000"
90551,1,"arahy.Tifrunner.gnm2.ann2.Ah08g274300",-3.3277907,-1.9101456,0.000875376291704257,0.0363269191463488,1,-1.9101456,0.0363269191463488,"arahy.Tifrunner.gnm2.ann2.Ah08g274300"
90552,1,"STRG.5668",-3.329911,-0.9302635,0.000868737586092883,0.0360843155741719,1,-0.9302635,0.0360843155741719,"STRG.5668"
90553,1,"STRG.2669",-3.3325882,-1.0084872,0.000860421757864283,0.0357715434748983,1,-1.0084872,0.0357715434748983,"STRG.2669"
90554,1,"STRG.5117",-3.3351288,-0.83288187,0.000852599136872474,0.0354787231325251,1,-0.83288187,0.0354787231325251,"STRG.5117"
90555,1,"arahy.Tifrunner.gnm2.ann2.Ah14g490200",-3.336096,-0.7284967,0.000849637901014518,0.0354202525694001,1,-0.7284967,0.0354202525694001,"arahy.Tifrunner.gnm2.ann2.Ah14g490200"
90556,1,"arahy.Tifrunner.gnm2.ann2.Ah17g469900",-3.338197,-1.5974069,0.000843239755961885,0.0351857439508789,1,-1.5974069,0.0351857439508789,"arahy.Tifrunner.gnm2.ann2.Ah17g469900"
90557,1,"arahy.Tifrunner.gnm2.ann2.Ah19g098900",-3.3430922,-0.7503394,0.000828503589361647,0.03463434104876,1,-0.7503394,0.03463434104876,"arahy.Tifrunner.gnm2.ann2.Ah19g098900"
90558,1,"arahy.Tifrunner.gnm2.ann2.Ah03g432100",-3.3475478,-0.9936273,0.00081529906269292,0.0341764958840078,1,-0.9936273,0.0341764958840078,"arahy.Tifrunner.gnm2.ann2.Ah03g432100"
90559,1,"STRG.1516",-3.3680208,-2.068073,0.000757098718442223,0.0319131130170035,1,-2.068073,0.0319131130170035,"STRG.1516"
90560,1,"STRG.2849",-3.368192,-0.900366,0.000756629284504511,0.0319131130170035,1,-0.900366,0.0319131130170035,"STRG.2849"
90561,1,"arahy.Tifrunner.gnm2.ann2.Ah15g555700",-3.3695648,-1.121113,0.000752870184742393,0.0318232704644501,1,-1.121113,0.0318232704644501,"arahy.Tifrunner.gnm2.ann2.Ah15g555700"
90562,1,"arahy.Tifrunner.gnm2.ann2.Ah04g347000",-3.3727672,-0.44362518,0.000744168494708721,0.0315433208129607,1,-0.44362518,0.0315433208129607,"arahy.Tifrunner.gnm2.ann2.Ah04g347000"
90563,1,"STRG.4347",-3.3764656,-0.7885091,0.000734235661357965,0.0311803584399813,1,-0.7885091,0.0311803584399813,"STRG.4347"
90564,1,"STRG.1535",-3.3867888,-0.39191914,0.000707158147329496,0.0301711972811884,1,-0.39191914,0.0301711972811884,"STRG.1535"
90565,1,"arahy.Tifrunner.gnm2.ann2.Ah18g067900",-3.3884034,-1.0740547,0.000703007773002254,0.0300222569025841,1,-1.0740547,0.0300222569025841,"arahy.Tifrunner.gnm2.ann2.Ah18g067900"
90566,1,"STRG.4302",-3.4070761,-2.1976995,0.000656628207592448,0.0280943068819911,1,-2.1976995,0.0280943068819911,"STRG.4302"
90567,1,"arahy.Tifrunner.gnm2.ann2.Ah19g198900",-3.4102614,-0.7965315,0.000649006259247098,0.0278204905329236,1,-0.7965315,0.0278204905329236,"arahy.Tifrunner.gnm2.ann2.Ah19g198900"
90568,1,"STRG.1099",-3.4130754,-1.4111104,0.000642341295407102,0.0275607399925664,1,-1.4111104,0.0275607399925664,"STRG.1099"
90569,1,"STRG.2841",-3.415169,-1.5606157,0.000637424428320594,0.0274014255664464,1,-1.5606157,0.0274014255664464,"STRG.2841"
90570,1,"STRG.6029",-3.4216254,-1.6149806,0.00062248033554968,0.0268096450289154,1,-1.6149806,0.0268096450289154,"STRG.6029"
90571,1,"STRG.6231",-3.4216325,-1.4519233,0.000622463559665788,0.0268096450289154,1,-1.4519233,0.0268096450289154,"STRG.6231"
90572,1,"arahy.Tifrunner.gnm2.ann2.Ah11g257300",-3.4235013,-0.20445251,0.000618199412628649,0.0266757441331816,1,-0.20445251,0.0266757441331816,"arahy.Tifrunner.gnm2.ann2.Ah11g257300"
90573,1,"arahy.Tifrunner.gnm2.ann2.Ah01g033600",-3.424029,-2.075623,0.000617000348068017,0.0266492636104823,1,-2.075623,0.0266492636104823,"arahy.Tifrunner.gnm2.ann2.Ah01g033600"
90574,1,"arahy.Tifrunner.gnm2.ann2.Ah13g005700",-3.4270117,-1.2859317,0.000610262895398889,0.0264083726712348,1,-1.2859317,0.0264083726712348,"arahy.Tifrunner.gnm2.ann2.Ah13g005700"
90575,1,"arahy.Tifrunner.gnm2.ann2.Ah10g354100",-3.4319828,-1.0327479,0.000599185750830221,0.0260031764735891,1,-1.0327479,0.0260031764735891,"arahy.Tifrunner.gnm2.ann2.Ah10g354100"
90576,1,"arahy.Tifrunner.gnm2.ann2.Ah0g055400",-3.4335144,-1.530775,0.000595810689196309,0.0258813795944397,1,-1.530775,0.0258813795944397,"arahy.Tifrunner.gnm2.ann2.Ah0g055400"
90577,1,"arahy.Tifrunner.gnm2.ann2.Ah09g359900",-3.4354417,-0.75904197,0.000591588745647923,0.0257280933082951,1,-0.75904197,0.0257280933082951,"arahy.Tifrunner.gnm2.ann2.Ah09g359900"
90578,1,"STRG.6943",-3.4361036,-0.82829326,0.000590145060130064,0.0257088648013024,1,-0.82829326,0.0257088648013024,"STRG.6943"
90579,1,"STRG.464",-3.4425552,-1.4929858,0.000576246495274167,0.0251756674192526,1,-1.4929858,0.0251756674192526,"STRG.464"
90580,1,"arahy.Tifrunner.gnm2.ann2.Ah03g552100",-3.4482272,-1.2524701,0.000564279100671959,0.0247002324797983,1,-1.2524701,0.0247002324797983,"arahy.Tifrunner.gnm2.ann2.Ah03g552100"
90581,1,"STRG.2383",-3.4489136,-1.08831,0.00056284665527351,0.0246612426705209,1,-1.08831,0.0246612426705209,"STRG.2383"
90582,1,"arahy.Tifrunner.gnm2.ann2.Ah17g260200",-3.44917,-0.19343711,0.000562312269573318,0.0246612426705209,1,-0.19343711,0.0246612426705209,"arahy.Tifrunner.gnm2.ann2.Ah17g260200"
90583,1,"arahy.Tifrunner.gnm2.ann2.Ah03g063400",-3.4497857,-0.7342989,0.000561031671185995,0.0246291280608209,1,-0.7342989,0.0246291280608209,"arahy.Tifrunner.gnm2.ann2.Ah03g063400"
90584,1,"arahy.Tifrunner.gnm2.ann2.Ah11g070900",-3.45046,-0.5493277,0.000559632227889675,0.0245914068942564,1,-0.5493277,0.0245914068942564,"arahy.Tifrunner.gnm2.ann2.Ah11g070900"
90585,1,"arahy.Tifrunner.gnm2.ann2.Ah15g276000",-3.459459,-0.8534462,0.000541261366482897,0.0238071327997753,1,-0.8534462,0.0238071327997753,"arahy.Tifrunner.gnm2.ann2.Ah15g276000"
90586,1,"STRG.1894",-3.459662,-1.1980072,0.000540854020219534,0.0238071327997753,1,-1.1980072,0.0238071327997753,"STRG.1894"
90587,1,"STRG.7352",-3.4631453,-1.2669528,0.000533899972520618,0.0235516108033223,1,-1.2669528,0.0235516108033223,"STRG.7352"
90588,1,"arahy.Tifrunner.gnm2.ann2.Ah13g524300",-3.4650726,-0.83524466,0.000530088217652557,0.0234061455096169,1,-0.83524466,0.0234061455096169,"arahy.Tifrunner.gnm2.ann2.Ah13g524300"
90589,1,"STRG.4003",-3.4707203,-1.6262033,0.000519064193290677,0.0229416294518105,1,-1.6262033,0.0229416294518105,"STRG.4003"
90590,1,"arahy.Tifrunner.gnm2.ann2.Ah07g058600",-3.472738,-0.776518,0.000515177760032862,0.0227919847888591,1,-0.776518,0.0227919847888591,"arahy.Tifrunner.gnm2.ann2.Ah07g058600"
90591,1,"arahy.Tifrunner.gnm2.ann2.Ah03g034800",-3.487048,-1.6396621,0.000488383766927884,0.0216697686214669,1,-1.6396621,0.0216697686214669,"arahy.Tifrunner.gnm2.ann2.Ah03g034800"
90592,1,"arahy.Tifrunner.gnm2.ann2.Ah03g577600",-3.487539,-0.5542893,0.000487487893022639,0.0216511208214269,1,-0.5542893,0.0216511208214269,"arahy.Tifrunner.gnm2.ann2.Ah03g577600"
90593,1,"arahy.Tifrunner.gnm2.ann2.Ah03g185300",-3.487886,-1.3441116,0.000486855911144547,0.0216441684560004,1,-1.3441116,0.0216441684560004,"arahy.Tifrunner.gnm2.ann2.Ah03g185300"
90594,1,"arahy.Tifrunner.gnm2.ann2.Ah11g168800",-3.4928129,-1.1817005,0.000477961210631474,0.0212695074807304,1,-1.1817005,0.0212695074807304,"arahy.Tifrunner.gnm2.ann2.Ah11g168800"
90595,1,"arahy.Tifrunner.gnm2.ann2.Ah19g124500",-3.496228,-0.9004708,0.000471885408389404,0.0210402657507534,1,-0.9004708,0.0210402657507534,"arahy.Tifrunner.gnm2.ann2.Ah19g124500"
90596,1,"arahy.Tifrunner.gnm2.ann2.Ah12g306000",-3.4966993,-1.8033993,0.000471052300064904,0.0210237106942693,1,-1.8033993,0.0210237106942693,"arahy.Tifrunner.gnm2.ann2.Ah12g306000"
90597,1,"arahy.Tifrunner.gnm2.ann2.Ah09g437900",-3.497117,-0.7749011,0.000470315304083107,0.0210114169804508,1,-0.7749011,0.0210114169804508,"arahy.Tifrunner.gnm2.ann2.Ah09g437900"
90598,1,"arahy.Tifrunner.gnm2.ann2.Ah18g244700",-3.4972758,-1.2487084,0.000470035441680455,0.0210114169804508,1,-1.2487084,0.0210114169804508,"arahy.Tifrunner.gnm2.ann2.Ah18g244700"
90599,1,"arahy.Tifrunner.gnm2.ann2.Ah10g016600",-3.5051684,-0.9313647,0.000456318318870087,0.0204664385696964,1,-0.9313647,0.0204664385696964,"arahy.Tifrunner.gnm2.ann2.Ah10g016600"
90600,1,"arahy.Tifrunner.gnm2.ann2.Ah02g009700",-3.5061066,-1.0735121,0.000454713127694803,0.0204347092055066,1,-1.0735121,0.0204347092055066,"arahy.Tifrunner.gnm2.ann2.Ah02g009700"
90601,1,"arahy.Tifrunner.gnm2.ann2.Ah14g002200",-3.5152156,-0.9260793,0.000439396930052743,0.019765914865337,1,-0.9260793,0.019765914865337,"arahy.Tifrunner.gnm2.ann2.Ah14g002200"
90602,1,"arahy.Tifrunner.gnm2.ann2.Ah15g156400",-3.5157604,-0.8996121,0.000438496433634046,0.0197449175516877,1,-0.8996121,0.0197449175516877,"arahy.Tifrunner.gnm2.ann2.Ah15g156400"
90603,1,"arahy.Tifrunner.gnm2.ann2.Ah13g228600",-3.5169282,-0.8044023,0.00043657202241331,0.0196972296812126,1,-0.8044023,0.0196972296812126,"arahy.Tifrunner.gnm2.ann2.Ah13g228600"
90604,1,"arahy.Tifrunner.gnm2.ann2.Ah04g063600",-3.5177171,-1.3244668,0.000435276102682627,0.0196582433517102,1,-1.3244668,0.0196582433517102,"arahy.Tifrunner.gnm2.ann2.Ah04g063600"
90605,1,"arahy.Tifrunner.gnm2.ann2.Ah11g412700",-3.520817,-1.1216714,0.000430219393579695,0.019468496693163,1,-1.1216714,0.019468496693163,"arahy.Tifrunner.gnm2.ann2.Ah11g412700"
90606,1,"arahy.Tifrunner.gnm2.ann2.Ah09g009300",-3.5212421,-1.2190362,0.000429530330112082,0.0194566554706691,1,-1.2190362,0.0194566554706691,"arahy.Tifrunner.gnm2.ann2.Ah09g009300"
90607,1,"arahy.Tifrunner.gnm2.ann2.Ah06g301900",-3.5328135,-1.2756908,0.000411162370631017,0.0186431830284925,1,-1.2756908,0.0186431830284925,"arahy.Tifrunner.gnm2.ann2.Ah06g301900"
90608,1,"arahy.Tifrunner.gnm2.ann2.Ah13g213400",-3.5340788,-1.3220441,0.000409198922523866,0.0185726537876137,1,-1.3220441,0.0185726537876137,"arahy.Tifrunner.gnm2.ann2.Ah13g213400"
90609,1,"arahy.Tifrunner.gnm2.ann2.Ah20g449100",-3.5385957,-0.7784771,0.000402261594622456,0.0182760048239448,1,-0.7784771,0.0182760048239448,"arahy.Tifrunner.gnm2.ann2.Ah20g449100"
90610,1,"arahy.Tifrunner.gnm2.ann2.Ah20g078000",-3.5398195,-0.6821857,0.000400400882804165,0.0182096401486282,1,-0.6821857,0.0182096401486282,"arahy.Tifrunner.gnm2.ann2.Ah20g078000"
90611,1,"STRG.3042",-3.5578985,-0.99102175,0.000373833730880681,0.017035442206819,1,-0.99102175,0.017035442206819,"STRG.3042"
90612,1,"STRG.4208",-3.5655737,-1.0992534,0.000363061100353579,0.0165777267126342,1,-1.0992534,0.0165777267126342,"STRG.4208"
90613,1,"STRG.4048",-3.5765321,-0.8908693,0.000348182657011027,0.0159143245760743,1,-0.8908693,0.0159143245760743,"STRG.4048"
90614,1,"arahy.Tifrunner.gnm2.ann2.Ah08g344500",-3.5790505,-1.9055969,0.000344844764796903,0.0157934739161109,1,-1.9055969,0.0157934739161109,"arahy.Tifrunner.gnm2.ann2.Ah08g344500"
90615,1,"arahy.Tifrunner.gnm2.ann2.Ah07g056700",-3.5792656,-1.6297554,0.000344561253148373,0.0157934739161109,1,-1.6297554,0.0157934739161109,"arahy.Tifrunner.gnm2.ann2.Ah07g056700"
90616,1,"arahy.Tifrunner.gnm2.ann2.Ah0g055700",-3.5829713,-1.3769026,0.000339708046889495,0.0156053169794121,1,-1.3769026,0.0156053169794121,"arahy.Tifrunner.gnm2.ann2.Ah0g055700"
90617,1,"arahy.Tifrunner.gnm2.ann2.Ah08g285800",-3.5834255,-0.99136233,0.000339117414458363,0.0155939203795985,1,-0.99136233,0.0155939203795985,"arahy.Tifrunner.gnm2.ann2.Ah08g285800"
90618,1,"arahy.Tifrunner.gnm2.ann2.Ah18g351700",-3.5865083,-1.5110598,0.000335135308401837,0.0154576492195392,1,-1.5110598,0.0154576492195392,"arahy.Tifrunner.gnm2.ann2.Ah18g351700"
90619,1,"arahy.Tifrunner.gnm2.ann2.Ah12g355000",-3.5884676,-1.5779142,0.000332627465715102,0.0153575382852072,1,-1.5779142,0.0153575382852072,"arahy.Tifrunner.gnm2.ann2.Ah12g355000"
90620,1,"arahy.Tifrunner.gnm2.ann2.Ah08g028300",-3.5984828,-1.2785183,0.000320078888757794,0.0148082025729774,1,-1.2785183,0.0148082025729774,"arahy.Tifrunner.gnm2.ann2.Ah08g028300"
90621,1,"arahy.Tifrunner.gnm2.ann2.Ah03g068400",-3.599389,-1.4697984,0.000318965532200723,0.0147717058880018,1,-1.4697984,0.0147717058880018,"arahy.Tifrunner.gnm2.ann2.Ah03g068400"
90622,1,"arahy.Tifrunner.gnm2.ann2.Ah10g405000",-3.600618,-0.8808993,0.000317461837210302,0.0147170393861118,1,-0.8808993,0.0147170393861118,"arahy.Tifrunner.gnm2.ann2.Ah10g405000"
90623,1,"arahy.Tifrunner.gnm2.ann2.Ah01g240700",-3.6009429,-0.14667468,0.000317065350652134,0.0147136422253698,1,-0.14667468,0.0147136422253698,"arahy.Tifrunner.gnm2.ann2.Ah01g240700"
90624,1,"STRG.346",-3.6144001,-0.91383415,0.000301043880995149,0.0140273507046297,1,-0.91383415,0.0140273507046297,"STRG.346"
90625,1,"arahy.Tifrunner.gnm2.ann2.Ah07g277000",-3.6175268,-0.6985459,0.00029743148382912,0.0138874573023968,1,-0.6985459,0.0138874573023968,"arahy.Tifrunner.gnm2.ann2.Ah07g277000"
90626,1,"STRG.6432",-3.6284778,-0.98699445,0.000285097201972996,0.013380170126411,1,-0.98699445,0.013380170126411,"STRG.6432"
90627,1,"arahy.Tifrunner.gnm2.ann2.Ah16g251500",-3.631165,-1.4145529,0.00028214481291496,0.0132552739557695,1,-1.4145529,0.0132552739557695,"arahy.Tifrunner.gnm2.ann2.Ah16g251500"
90628,1,"arahy.Tifrunner.gnm2.ann2.Ah04g262600",-3.6334124,-1.372491,0.000279697567128261,0.0131538760805237,1,-1.372491,0.0131538760805237,"arahy.Tifrunner.gnm2.ann2.Ah04g262600"
90629,1,"arahy.Tifrunner.gnm2.ann2.Ah06g431500",-3.6345677,-0.83701557,0.000278447119444842,0.013108610822758,1,-0.83701557,0.013108610822758,"arahy.Tifrunner.gnm2.ann2.Ah06g431500"
90630,1,"arahy.Tifrunner.gnm2.ann2.Ah13g645700",-3.6371667,-0.8618636,0.000275653394258375,0.0129905228987766,1,-0.8618636,0.0129905228987766,"arahy.Tifrunner.gnm2.ann2.Ah13g645700"
90631,1,"STRG.3762",-3.6423357,-1.4128973,0.000270175346082612,0.0127455569482537,1,-1.4128973,0.0127455569482537,"STRG.3762"
90632,1,"arahy.Tifrunner.gnm2.ann2.Ah15g488600",-3.653934,-1.2211615,0.000258252568060113,0.0122084007355852,1,-1.2211615,0.0122084007355852,"arahy.Tifrunner.gnm2.ann2.Ah15g488600"
90633,1,"arahy.Tifrunner.gnm2.ann2.Ah10g190400",-3.6574712,-0.4062309,0.000254715807659314,0.0120537239375079,1,-0.4062309,0.0120537239375079,"arahy.Tifrunner.gnm2.ann2.Ah10g190400"
90634,1,"arahy.Tifrunner.gnm2.ann2.Ah03g433900",-3.6622982,-0.842296,0.000249962641316001,0.0118534367534059,1,-0.842296,0.0118534367534059,"arahy.Tifrunner.gnm2.ann2.Ah03g433900"
90635,1,"arahy.Tifrunner.gnm2.ann2.Ah03g476900",-3.6660602,-1.1992784,0.000246316068322218,0.0116926931118881,1,-1.1992784,0.0116926931118881,"arahy.Tifrunner.gnm2.ann2.Ah03g476900"
90636,1,"arahy.Tifrunner.gnm2.ann2.Ah18g394500",-3.6675184,-1.3614228,0.000244915898293547,0.0116383625823752,1,-1.3614228,0.0116383625823752,"arahy.Tifrunner.gnm2.ann2.Ah18g394500"
90637,1,"arahy.Tifrunner.gnm2.ann2.Ah18g418300",-3.67076,-1.001431,0.00024183032525982,0.0115197410513521,1,-1.001431,0.0115197410513521,"arahy.Tifrunner.gnm2.ann2.Ah18g418300"
90638,1,"arahy.Tifrunner.gnm2.ann2.Ah09g010800",-3.6717713,-1.2254988,0.000240875170668836,0.0114943409533838,1,-1.2254988,0.0114943409533838,"arahy.Tifrunner.gnm2.ann2.Ah09g010800"
90639,1,"STRG.6237",-3.676906,-0.72078604,0.000236079933842554,0.0113129504297352,1,-0.72078604,0.0113129504297352,"STRG.6237"
90640,1,"arahy.Tifrunner.gnm2.ann2.Ah16g012400",-3.6805727,-0.999544,0.000232710720095848,0.0111632484948824,1,-0.999544,0.0111632484948824,"arahy.Tifrunner.gnm2.ann2.Ah16g012400"
90641,1,"arahy.Tifrunner.gnm2.ann2.Ah16g274500",-3.6816792,-0.5748332,0.000231702793049653,0.0111266223109625,1,-0.5748332,0.0111266223109625,"arahy.Tifrunner.gnm2.ann2.Ah16g274500"
90642,1,"arahy.Tifrunner.gnm2.ann2.Ah17g098300",-3.6831522,-0.64888626,0.000230367470802125,0.011074180296511,1,-0.64888626,0.011074180296511,"arahy.Tifrunner.gnm2.ann2.Ah17g098300"
90643,1,"arahy.Tifrunner.gnm2.ann2.Ah10g201700",-3.6871169,-0.113638565,0.000226809186102676,0.0109262025271304,1,-0.113638565,0.0109262025271304,"arahy.Tifrunner.gnm2.ann2.Ah10g201700"
90644,1,"STRG.4468",-3.7029974,-0.86404645,0.000213067036364599,0.0102859636940212,1,-0.86404645,0.0102859636940212,"STRG.4468"
90645,1,"arahy.Tifrunner.gnm2.ann2.Ah20g008500",-3.7068741,-0.83972365,0.000209833160697057,0.0101405995834106,1,-0.83972365,0.0101405995834106,"arahy.Tifrunner.gnm2.ann2.Ah20g008500"
90646,1,"STRG.2833",-3.7080224,-2.8119462,0.000208884311529301,0.0101162227638935,1,-2.8119462,0.0101162227638935,"STRG.2833"
90647,1,"arahy.Tifrunner.gnm2.ann2.Ah18g036100",-3.7229085,-1.4888649,0.000196940852100719,0.00955814003308434,1,-1.4888649,0.00955814003308434,"arahy.Tifrunner.gnm2.ann2.Ah18g036100"
90648,1,"arahy.Tifrunner.gnm2.ann2.Ah06g404300",-3.7270808,-0.92707646,0.000193710335281427,0.00942144156340989,1,-0.92707646,0.00942144156340989,"arahy.Tifrunner.gnm2.ann2.Ah06g404300"
90649,1,"arahy.Tifrunner.gnm2.ann2.Ah16g425600",-3.734722,-1.3067822,0.000187922749429099,0.00916934109861771,1,-1.3067822,0.00916934109861771,"arahy.Tifrunner.gnm2.ann2.Ah16g425600"
90650,1,"arahy.Tifrunner.gnm2.ann2.Ah11g441000",-3.7408776,-1.585134,0.000183378746837408,0.00896684647800878,1,-1.585134,0.00896684647800878,"arahy.Tifrunner.gnm2.ann2.Ah11g441000"
90651,1,"arahy.Tifrunner.gnm2.ann2.Ah13g638000",-3.749828,-0.9813345,0.000176955862184067,0.00867140868683256,1,-0.9813345,0.00867140868683256,"arahy.Tifrunner.gnm2.ann2.Ah13g638000"
90652,1,"arahy.Tifrunner.gnm2.ann2.Ah04g419400",-3.7498696,-1.3799062,0.000176926560858764,0.00867140868683256,1,-1.3799062,0.00867140868683256,"arahy.Tifrunner.gnm2.ann2.Ah04g419400"
90653,1,"arahy.Tifrunner.gnm2.ann2.Ah11g403300",-3.7544084,-0.98179734,0.000173751454667415,0.00853275212759376,1,-0.98179734,0.00853275212759376,"arahy.Tifrunner.gnm2.ann2.Ah11g403300"
90654,1,"arahy.Tifrunner.gnm2.ann2.Ah09g146600",-3.758009,-0.9218385,0.000171270762042779,0.00842911369863292,1,-0.9218385,0.00842911369863292,"arahy.Tifrunner.gnm2.ann2.Ah09g146600"
90655,1,"arahy.Tifrunner.gnm2.ann2.Ah03g378500",-3.7610698,-1.5946249,0.000169188238824066,0.00833563353271296,1,-1.5946249,0.00833563353271296,"arahy.Tifrunner.gnm2.ann2.Ah03g378500"
90656,1,"STRG.4412",-3.7696953,-1.2841343,0.000163447018304157,0.00808778484921571,1,-1.2841343,0.00808778484921571,"STRG.4412"
90657,1,"arahy.Tifrunner.gnm2.ann2.Ah19g570000",-3.77408,-2.6307945,0.00016059920911764,0.00796418125911924,1,-2.6307945,0.00796418125911924,"arahy.Tifrunner.gnm2.ann2.Ah19g570000"
90658,1,"arahy.Tifrunner.gnm2.ann2.Ah12g099400",-3.775812,-1.4389814,0.000159487280737568,0.0079176651780775,1,-1.4389814,0.0079176651780775,"arahy.Tifrunner.gnm2.ann2.Ah12g099400"
90659,1,"arahy.Tifrunner.gnm2.ann2.Ah13g349900",-3.7800672,-1.6339744,0.000156785982476212,0.00779205793258414,1,-1.6339744,0.00779205793258414,"arahy.Tifrunner.gnm2.ann2.Ah13g349900"
90660,1,"arahy.Tifrunner.gnm2.ann2.Ah17g379300",-3.7821388,-1.288221,0.000155486637625448,0.00773592753143265,1,-1.288221,0.00773592753143265,"arahy.Tifrunner.gnm2.ann2.Ah17g379300"
90661,1,"arahy.Tifrunner.gnm2.ann2.Ah13g506900",-3.7834237,-1.5364916,0.000154685776350629,0.00770450249735889,1,-1.5364916,0.00770450249735889,"arahy.Tifrunner.gnm2.ann2.Ah13g506900"
90662,1,"arahy.Tifrunner.gnm2.ann2.Ah06g124400",-3.783922,-1.9380873,0.000154376222348606,0.00769750618422554,1,-1.9380873,0.00769750618422554,"arahy.Tifrunner.gnm2.ann2.Ah06g124400"
90663,1,"arahy.Tifrunner.gnm2.ann2.Ah17g011000",-3.7842348,-2.5157502,0.000154182290194849,0.00769626598555957,1,-2.5157502,0.00769626598555957,"arahy.Tifrunner.gnm2.ann2.Ah17g011000"
90664,1,"arahy.Tifrunner.gnm2.ann2.Ah11g258100",-3.7894378,-0.25969696,0.000150988606039902,0.00755341241907746,1,-0.25969696,0.00755341241907746,"arahy.Tifrunner.gnm2.ann2.Ah11g258100"
90665,1,"STRG.4709",-3.7990062,-1.0985503,0.000145277462044422,0.00728371275562807,1,-1.0985503,0.00728371275562807,"STRG.4709"
90666,1,"arahy.Tifrunner.gnm2.ann2.Ah01g324900",-3.809427,-0.6180334,0.000139289160063569,0.00699889594120742,1,-0.6180334,0.00699889594120742,"arahy.Tifrunner.gnm2.ann2.Ah01g324900"
90667,1,"arahy.Tifrunner.gnm2.ann2.Ah03g031100",-3.8166578,-1.7956893,0.000135271599258421,0.00680453512114956,1,-1.7956893,0.00680453512114956,"arahy.Tifrunner.gnm2.ann2.Ah03g031100"
90668,1,"arahy.Tifrunner.gnm2.ann2.Ah11g069400",-3.824135,-1.6964035,0.000131231935912629,0.00660863125053819,1,-1.6964035,0.00660863125053819,"arahy.Tifrunner.gnm2.ann2.Ah11g069400"
90669,1,"STRG.4211",-3.8256838,-1.2043852,0.000130409569099023,0.0065744908346223,1,-1.2043852,0.0065744908346223,"STRG.4211"
90670,1,"arahy.Tifrunner.gnm2.ann2.Ah03g026400",-3.8316956,-1.6737729,0.000127263170611042,0.00643725397655228,1,-1.6737729,0.00643725397655228,"arahy.Tifrunner.gnm2.ann2.Ah03g026400"
90671,1,"arahy.Tifrunner.gnm2.ann2.Ah0g069000",-3.8360338,-0.8650183,0.000125037145572889,0.00633169189661871,1,-0.8650183,0.00633169189661871,"arahy.Tifrunner.gnm2.ann2.Ah0g069000"
90672,1,"arahy.Tifrunner.gnm2.ann2.Ah02g246000",-3.8369427,-0.4183384,0.000124575556214837,0.00631534256249917,1,-0.4183384,0.00631534256249917,"arahy.Tifrunner.gnm2.ann2.Ah02g246000"
90673,1,"arahy.Tifrunner.gnm2.ann2.Ah18g475000",-3.8482504,-1.3663467,0.000118964477942289,0.00604435144402316,1,-1.3663467,0.00604435144402316,"arahy.Tifrunner.gnm2.ann2.Ah18g475000"
90674,1,"arahy.Tifrunner.gnm2.ann2.Ah10g010600",-3.853363,-1.4735281,0.000116506448400052,0.00593270643955703,1,-1.4735281,0.00593270643955703,"arahy.Tifrunner.gnm2.ann2.Ah10g010600"
90675,1,"arahy.Tifrunner.gnm2.ann2.Ah01g348000",-3.854091,-1.1810365,0.000116160395949771,0.00592170869565214,1,-1.1810365,0.00592170869565214,"arahy.Tifrunner.gnm2.ann2.Ah01g348000"
90676,1,"arahy.Tifrunner.gnm2.ann2.Ah14g442700",-3.8578138,-0.6582315,0.000114405754459174,0.00583879771973032,1,-0.6582315,0.00583879771973032,"arahy.Tifrunner.gnm2.ann2.Ah14g442700"
90677,1,"arahy.Tifrunner.gnm2.ann2.Ah06g147500",-3.8617344,-0.2432247,0.000112584897925528,0.00575231750074268,1,-0.2432247,0.00575231750074268,"arahy.Tifrunner.gnm2.ann2.Ah06g147500"
90678,1,"arahy.Tifrunner.gnm2.ann2.Ah16g199700",-3.8625627,-0.59767747,0.000112203818642315,0.0057392883594076,1,-0.59767747,0.0057392883594076,"arahy.Tifrunner.gnm2.ann2.Ah16g199700"
90679,1,"STRG.1293",-3.8629436,-0.8128379,0.000112028863810535,0.00573678514748119,1,-0.8128379,0.00573678514748119,"STRG.1293"
90680,1,"arahy.Tifrunner.gnm2.ann2.Ah17g112500",-3.8810887,-1.5826705,0.000103989928912753,0.00534315747609952,1,-1.5826705,0.00534315747609952,"arahy.Tifrunner.gnm2.ann2.Ah17g112500"
90681,1,"arahy.Tifrunner.gnm2.ann2.Ah17g101700",-3.8822734,-1.0912745,0.000103484438808762,0.00532319275969501,1,-1.0912745,0.00532319275969501,"arahy.Tifrunner.gnm2.ann2.Ah17g101700"
90682,1,"arahy.Tifrunner.gnm2.ann2.Ah02g073700",-3.8865898,-1.2738588,0.000101662334148623,0.00523538020337322,1,-1.2738588,0.00523538020337322,"arahy.Tifrunner.gnm2.ann2.Ah02g073700"
90683,1,"arahy.Tifrunner.gnm2.ann2.Ah09g199400",-3.9026535,-1.4997525,9.51438456518752e-05,0.00491080320799996,1,-1.4997525,0.00491080320799996,"arahy.Tifrunner.gnm2.ann2.Ah09g199400"
90684,1,"arahy.Tifrunner.gnm2.ann2.Ah05g302500",-3.9029589,-1.7151852,9.50238484871319e-05,0.00491017670661543,1,-1.7151852,0.00491017670661543,"arahy.Tifrunner.gnm2.ann2.Ah05g302500"
90685,1,"STRG.4363",-3.907732,-1.4517461,9.31665316499763e-05,0.00482515720913939,1,-1.4517461,0.00482515720913939,"STRG.4363"
90686,1,"STRG.3582",-3.9170978,-1.3206539,8.96214250620426e-05,0.00464684026711211,1,-1.3206539,0.00464684026711211,"STRG.3582"
90687,1,"arahy.Tifrunner.gnm2.ann2.Ah13g151900",-3.9187393,-1.3120519,8.90133369699821e-05,0.00462057371975081,1,-1.3120519,0.00462057371975081,"arahy.Tifrunner.gnm2.ann2.Ah13g151900"
90688,1,"arahy.Tifrunner.gnm2.ann2.Ah04g420000",-3.9317226,-0.8987989,8.43393259592479e-05,0.00439297880431213,1,-0.8987989,0.00439297880431213,"arahy.Tifrunner.gnm2.ann2.Ah04g420000"
90689,1,"arahy.Tifrunner.gnm2.ann2.Ah10g348200",-3.939625,-0.9020734,8.16090445531261e-05,0.00425563590405099,1,-0.9020734,0.00425563590405099,"arahy.Tifrunner.gnm2.ann2.Ah10g348200"
90690,1,"arahy.Tifrunner.gnm2.ann2.Ah01g239800",-3.9467874,-0.098594174,7.92068546330381e-05,0.00413985401873069,1,-0.098594174,0.00413985401873069,"arahy.Tifrunner.gnm2.ann2.Ah01g239800"
90691,1,"arahy.Tifrunner.gnm2.ann2.Ah16g119900",-3.9515238,-0.9722566,7.76551198611144e-05,0.00406341572018089,1,-0.9722566,0.00406341572018089,"arahy.Tifrunner.gnm2.ann2.Ah16g119900"
90692,1,"arahy.Tifrunner.gnm2.ann2.Ah05g321300",-3.9655504,-1.1745548,7.32267910709061e-05,0.00384495552100568,1,-1.1745548,0.00384495552100568,"arahy.Tifrunner.gnm2.ann2.Ah05g321300"
90693,1,"arahy.Tifrunner.gnm2.ann2.Ah06g156000",-3.9663198,-1.1703336,7.29909035899196e-05,0.003836995259847,1,-1.1703336,0.003836995259847,"arahy.Tifrunner.gnm2.ann2.Ah06g156000"
90694,1,"arahy.Tifrunner.gnm2.ann2.Ah12g048000",-3.9685917,-1.5029901,7.22986600843173e-05,0.00380940301120192,1,-1.5029901,0.00380940301120192,"arahy.Tifrunner.gnm2.ann2.Ah12g048000"
90695,1,"arahy.Tifrunner.gnm2.ann2.Ah03g019900",-3.974127,-0.7943051,7.06378754083076e-05,0.00373053206506705,1,-0.7943051,0.00373053206506705,"arahy.Tifrunner.gnm2.ann2.Ah03g019900"
90696,1,"arahy.Tifrunner.gnm2.ann2.Ah04g020800",-3.9785874,-1.2069796,6.9325899754769e-05,0.00366975844236756,1,-1.2069796,0.00366975844236756,"arahy.Tifrunner.gnm2.ann2.Ah04g020800"
90697,1,"arahy.Tifrunner.gnm2.ann2.Ah17g301600",-3.97891,-0.45307213,6.92319571698217e-05,0.0036690519420244,1,-0.45307213,0.0036690519420244,"arahy.Tifrunner.gnm2.ann2.Ah17g301600"
90698,1,"arahy.Tifrunner.gnm2.ann2.Ah10g190500",-3.9877431,-0.120585084,6.67048524254438e-05,0.00353924440771084,1,-0.120585084,0.00353924440771084,"arahy.Tifrunner.gnm2.ann2.Ah10g190500"
90699,1,"arahy.Tifrunner.gnm2.ann2.Ah20g441800",-3.9990213,-1.0415065,6.36049331163882e-05,0.00338205483340438,1,-1.0415065,0.00338205483340438,"arahy.Tifrunner.gnm2.ann2.Ah20g441800"
90700,1,"arahy.Tifrunner.gnm2.ann2.Ah15g541200",-4.0024414,-1.3503873,6.26922290362438e-05,0.00334192158623649,1,-1.3503873,0.00334192158623649,"arahy.Tifrunner.gnm2.ann2.Ah15g541200"
90701,1,"arahy.Tifrunner.gnm2.ann2.Ah06g034200",-4.0103316,-1.3976388,6.06335639612862e-05,0.00323976803494553,1,-1.3976388,0.00323976803494553,"arahy.Tifrunner.gnm2.ann2.Ah06g034200"
90702,1,"STRG.368",-4.024385,-1.1993375,5.71244440083518e-05,0.00306305440404736,1,-1.1993375,0.00306305440404736,"STRG.368"
90703,1,"arahy.Tifrunner.gnm2.ann2.Ah14g013200",-4.030807,-0.96348464,5.55856977025065e-05,0.0029946547955135,1,-0.96348464,0.0029946547955135,"arahy.Tifrunner.gnm2.ann2.Ah14g013200"
90704,1,"arahy.Tifrunner.gnm2.ann2.Ah07g011600",-4.0327783,-2.47854,5.51212945675559e-05,0.00297315380793058,1,-2.47854,0.00297315380793058,"arahy.Tifrunner.gnm2.ann2.Ah07g011600"
90705,1,"STRG.25",-4.0387483,-1.1551377,5.3737169114406e-05,0.0029053811006701,1,-1.1551377,0.0029053811006701,"STRG.25"
90706,1,"STRG.7247",-4.051456,-0.7628691,5.08999521468349e-05,0.00275853502563394,1,-0.7628691,0.00275853502563394,"STRG.7247"
90707,1,"arahy.Tifrunner.gnm2.ann2.Ah17g340400",-4.058242,-1.4333993,4.94435573868375e-05,0.00268600060438949,1,-1.4333993,0.00268600060438949,"arahy.Tifrunner.gnm2.ann2.Ah17g340400"
90708,1,"arahy.Tifrunner.gnm2.ann2.Ah0g018500",-4.0665326,-1.3380544,4.77178084639219e-05,0.00259534708782746,1,-1.3380544,0.00259534708782746,"arahy.Tifrunner.gnm2.ann2.Ah0g018500"
90709,1,"arahy.Tifrunner.gnm2.ann2.Ah05g413600",-4.067004,-2.3392031,4.76214099852799e-05,0.00259320223465297,1,-2.3392031,0.00259320223465297,"arahy.Tifrunner.gnm2.ann2.Ah05g413600"
90710,1,"arahy.Tifrunner.gnm2.ann2.Ah05g445200",-4.0711665,-0.6732774,4.67782812001967e-05,0.002550340686656,1,-0.6732774,0.002550340686656,"arahy.Tifrunner.gnm2.ann2.Ah05g445200"
90711,1,"arahy.Tifrunner.gnm2.ann2.Ah05g365700",-4.0724664,-1.2442247,4.65179634951855e-05,0.00253918917284751,1,-1.2442247,0.00253918917284751,"arahy.Tifrunner.gnm2.ann2.Ah05g365700"
90712,1,"STRG.1479",-4.0754585,-0.8258452,4.59237612034244e-05,0.00250976387157826,1,-0.8258452,0.00250976387157826,"STRG.1479"
90713,1,"arahy.Tifrunner.gnm2.ann2.Ah05g349800",-4.078241,-1.3882581,4.53777378922086e-05,0.00248290401418859,1,-1.3882581,0.00248290401418859,"arahy.Tifrunner.gnm2.ann2.Ah05g349800"
90714,1,"arahy.Tifrunner.gnm2.ann2.Ah09g186300",-4.07945,-1.339794,4.51423650079376e-05,0.00247299762288971,1,-1.339794,0.00247299762288971,"arahy.Tifrunner.gnm2.ann2.Ah09g186300"
90715,1,"arahy.Tifrunner.gnm2.ann2.Ah05g266900",-4.0809746,-0.69267666,4.48473021180891e-05,0.00245979347183601,1,-0.69267666,0.00245979347183601,"arahy.Tifrunner.gnm2.ann2.Ah05g266900"
90716,1,"arahy.Tifrunner.gnm2.ann2.Ah04g317600",-4.0833535,-1.3708228,4.43903923014124e-05,0.00243766974563269,1,-1.3708228,0.00243766974563269,"arahy.Tifrunner.gnm2.ann2.Ah04g317600"
90717,1,"arahy.Tifrunner.gnm2.ann2.Ah13g400400",-4.099901,-0.13775802,4.13326810981583e-05,0.00227524664366694,1,-0.13775802,0.00227524664366694,"arahy.Tifrunner.gnm2.ann2.Ah13g400400"
90718,1,"arahy.Tifrunner.gnm2.ann2.Ah15g290900",-4.153215,-1.8135598,3.27836697180658e-05,0.00181341893103916,1,-1.8135598,0.00181341893103916,"arahy.Tifrunner.gnm2.ann2.Ah15g290900"
90719,1,"arahy.Tifrunner.gnm2.ann2.Ah04g152500",-4.200412,-0.1790083,2.66429866554375e-05,0.00149555527065615,1,-0.1790083,0.00149555527065615,"arahy.Tifrunner.gnm2.ann2.Ah04g152500"
90720,1,"STRG.2228",-4.2020974,-0.9453237,2.64453311114481e-05,0.00148629290557724,1,-0.9453237,0.00148629290557724,"STRG.2228"
90721,1,"arahy.Tifrunner.gnm2.ann2.Ah03g385000",-4.232212,-0.96512336,2.31404094015706e-05,0.00130700247840831,1,-0.96512336,0.00130700247840831,"arahy.Tifrunner.gnm2.ann2.Ah03g385000"
90722,1,"STRG.6888",-4.236802,-1.4150387,2.26725876004144e-05,0.00128536348433532,1,-1.4150387,0.00128536348433532,"STRG.6888"
90723,1,"arahy.Tifrunner.gnm2.ann2.Ah16g475600",-4.256105,-1.1915792,2.08019127208501e-05,0.00118225502459923,1,-1.1915792,0.00118225502459923,"arahy.Tifrunner.gnm2.ann2.Ah16g475600"
90724,1,"arahy.Tifrunner.gnm2.ann2.Ah06g423100",-4.2615867,-1.5326846,2.02980742071816e-05,0.00115506191275967,1,-1.5326846,0.00115506191275967,"arahy.Tifrunner.gnm2.ann2.Ah06g423100"
90725,1,"arahy.Tifrunner.gnm2.ann2.Ah04g426200",-4.262305,-0.7979948,2.02329307124637e-05,0.00115279591708911,1,-0.7979948,0.00115279591708911,"arahy.Tifrunner.gnm2.ann2.Ah04g426200"
90726,1,"arahy.Tifrunner.gnm2.ann2.Ah11g257800",-4.26998,-0.19323136,1.95490562140998e-05,0.00111522711164245,1,-0.19323136,0.00111522711164245,"arahy.Tifrunner.gnm2.ann2.Ah11g257800"
90727,1,"STRG.3703",-4.3127213,-1.0444973,1.61257322362035e-05,0.000922246023016243,1,-1.0444973,0.000922246023016243,"STRG.3703"
90728,1,"arahy.Tifrunner.gnm2.ann2.Ah06g075800",-4.339814,-1.5349168,1.42603205869171e-05,0.000818646701637846,1,-1.5349168,0.000818646701637846,"arahy.Tifrunner.gnm2.ann2.Ah06g075800"
90729,1,"arahy.Tifrunner.gnm2.ann2.Ah19g550700",-4.3562565,-0.97024906,1.32305646594664e-05,0.000763381781441759,1,-0.97024906,0.000763381781441759,"arahy.Tifrunner.gnm2.ann2.Ah19g550700"
90730,1,"arahy.Tifrunner.gnm2.ann2.Ah13g221500",-4.3908687,-0.9724097,1.12898835569983e-05,0.000656579275672314,1,-0.9724097,0.000656579275672314,"arahy.Tifrunner.gnm2.ann2.Ah13g221500"
90731,1,"arahy.Tifrunner.gnm2.ann2.Ah04g006000",-4.3930497,-1.0568255,1.11771485351093e-05,0.000651508975559945,1,-1.0568255,0.000651508975559945,"arahy.Tifrunner.gnm2.ann2.Ah04g006000"
90732,1,"arahy.Tifrunner.gnm2.ann2.Ah06g441300",-4.409424,-1.0217788,1.03646002821883e-05,0.000607256194654233,1,-1.0217788,0.000607256194654233,"arahy.Tifrunner.gnm2.ann2.Ah06g441300"
90733,1,"arahy.Tifrunner.gnm2.ann2.Ah06g050400",-4.410594,-1.1448432,1.03087477437256e-05,0.000604762155006911,1,-1.1448432,0.000604762155006911,"arahy.Tifrunner.gnm2.ann2.Ah06g050400"
90734,1,"arahy.Tifrunner.gnm2.ann2.Ah03g045200",-4.412013,-1.6886266,1.02413874815209e-05,0.0006015857080113,1,-1.6886266,0.0006015857080113,"arahy.Tifrunner.gnm2.ann2.Ah03g045200"
90735,1,"arahy.Tifrunner.gnm2.ann2.Ah19g200400",-4.414038,-1.3697973,1.01460018645685e-05,0.000596752698814752,1,-1.3697973,0.000596752698814752,"arahy.Tifrunner.gnm2.ann2.Ah19g200400"
90736,1,"arahy.Tifrunner.gnm2.ann2.Ah17g301000",-4.415709,-0.25858513,1.00679395254406e-05,0.000592927398390891,1,-0.25858513,0.000592927398390891,"arahy.Tifrunner.gnm2.ann2.Ah17g301000"
90737,1,"arahy.Tifrunner.gnm2.ann2.Ah07g194500",-4.4279304,-0.8853663,9.51416033560593e-06,0.000562496928724837,1,-0.8853663,0.000562496928724837,"arahy.Tifrunner.gnm2.ann2.Ah07g194500"
90738,1,"arahy.Tifrunner.gnm2.ann2.Ah11g257500",-4.4419594,-0.255045,8.91434323414962e-06,0.000528406980978421,1,-0.255045,0.000528406980978421,"arahy.Tifrunner.gnm2.ann2.Ah11g257500"
90739,1,"arahy.Tifrunner.gnm2.ann2.Ah06g213200",-4.4604855,-1.4224164,8.17742459446781e-06,0.000486626244756278,1,-1.4224164,0.000486626244756278,"arahy.Tifrunner.gnm2.ann2.Ah06g213200"
90740,1,"arahy.Tifrunner.gnm2.ann2.Ah05g064300",-4.4680142,-1.0968214,7.89491328856126e-06,0.000470429361974428,1,-1.0968214,0.000470429361974428,"arahy.Tifrunner.gnm2.ann2.Ah05g064300"
90741,1,"STRG.1128",-4.4800153,-0.87855744,7.46376469662421e-06,0.000445906068305932,1,-0.87855744,0.000445906068305932,"STRG.1128"
90742,1,"STRG.3376",-4.4831667,-0.6415623,7.35434631818919e-06,0.000439946467528574,1,-0.6415623,0.000439946467528574,"STRG.3376"
90743,1,"arahy.Tifrunner.gnm2.ann2.Ah02g033200",-4.5043283,-0.9773721,6.65831579232875e-06,0.000400413696340785,1,-0.9773721,0.000400413696340785,"arahy.Tifrunner.gnm2.ann2.Ah02g033200"
90744,1,"STRG.2661",-4.512668,-0.6939373,6.40171539509255e-06,0.000385491655616658,1,-0.6939373,0.000385491655616658,"STRG.2661"
90745,1,"arahy.Tifrunner.gnm2.ann2.Ah01g241500",-4.512822,-0.20021777,6.3970703400831e-06,0.000385491655616658,1,-0.20021777,0.000385491655616658,"arahy.Tifrunner.gnm2.ann2.Ah01g241500"
90746,1,"arahy.Tifrunner.gnm2.ann2.Ah01g093300",-4.5227323,-1.1146969,6.10464027161734e-06,0.000369365633603882,1,-1.1146969,0.000369365633603882,"arahy.Tifrunner.gnm2.ann2.Ah01g093300"
90747,1,"arahy.Tifrunner.gnm2.ann2.Ah04g425300",-4.5229692,-1.3079457,6.09780754685967e-06,0.000369365633603882,1,-1.3079457,0.000369365633603882,"arahy.Tifrunner.gnm2.ann2.Ah04g425300"
90748,1,"arahy.Tifrunner.gnm2.ann2.Ah13g054700",-4.5262084,-1.3886415,6.00513421198638e-06,0.000364990293546686,1,-1.3886415,0.000364990293546686,"arahy.Tifrunner.gnm2.ann2.Ah13g054700"
90749,1,"arahy.Tifrunner.gnm2.ann2.Ah04g393300",-4.5292645,-1.2718619,5.91893940140327e-06,0.000360232349344228,1,-1.2718619,0.000360232349344228,"arahy.Tifrunner.gnm2.ann2.Ah04g393300"
90750,1,"arahy.Tifrunner.gnm2.ann2.Ah14g462100",-4.5359306,-1.2196158,5.73499955085755e-06,0.000350443113494281,1,-1.2196158,0.000350443113494281,"arahy.Tifrunner.gnm2.ann2.Ah14g462100"
90751,1,"arahy.Tifrunner.gnm2.ann2.Ah18g363000",-4.5369835,-0.83675975,5.70645432706128e-06,0.000349167509119809,1,-0.83675975,0.000349167509119809,"arahy.Tifrunner.gnm2.ann2.Ah18g363000"
90752,1,"arahy.Tifrunner.gnm2.ann2.Ah03g502500",-4.5551653,-1.0345442,5.23444142445352e-06,0.000321582606486939,1,-1.0345442,0.000321582606486939,"arahy.Tifrunner.gnm2.ann2.Ah03g502500"
90753,1,"arahy.Tifrunner.gnm2.ann2.Ah05g378200",-4.5584335,-1.2427411,5.15365314877976e-06,0.000317047170196013,1,-1.2427411,0.000317047170196013,"arahy.Tifrunner.gnm2.ann2.Ah05g378200"
90754,1,"arahy.Tifrunner.gnm2.ann2.Ah14g496300",-4.6051297,-1.0137854,4.12208363710842e-06,0.000255311204756086,1,-1.0137854,0.000255311204756086,"arahy.Tifrunner.gnm2.ann2.Ah14g496300"
90755,1,"STRG.5896",-4.607431,-1.2300681,4.07674306897161e-06,0.000253075683632894,1,-1.2300681,0.000253075683632894,"STRG.5896"
90756,1,"arahy.Tifrunner.gnm2.ann2.Ah10g201100",-4.6223955,-0.15637678,3.79333813283257e-06,0.000236883299257984,1,-0.15637678,0.000236883299257984,"arahy.Tifrunner.gnm2.ann2.Ah10g201100"
90757,1,"arahy.Tifrunner.gnm2.ann2.Ah06g363700",-4.6248064,-1.4351196,3.74948114597445e-06,0.000235112093236007,1,-1.4351196,0.000235112093236007,"arahy.Tifrunner.gnm2.ann2.Ah06g363700"
90758,1,"arahy.Tifrunner.gnm2.ann2.Ah10g357100",-4.6367836,-1.2128814,3.53872626949686e-06,0.000222509633553281,1,-1.2128814,0.000222509633553281,"arahy.Tifrunner.gnm2.ann2.Ah10g357100"
90759,1,"arahy.Tifrunner.gnm2.ann2.Ah14g038000",-4.646354,-1.9243138,3.37852415327606e-06,0.00021302483871709,1,-1.9243138,0.00021302483871709,"arahy.Tifrunner.gnm2.ann2.Ah14g038000"
90760,1,"arahy.Tifrunner.gnm2.ann2.Ah01g094100",-4.659863,-0.6027523,3.16419940370436e-06,0.000200065296741996,1,-0.6027523,0.000200065296741996,"arahy.Tifrunner.gnm2.ann2.Ah01g094100"
90761,1,"arahy.Tifrunner.gnm2.ann2.Ah19g485200",-4.660948,-0.9758752,3.14756888681589e-06,0.000199290578586101,1,-0.9758752,0.000199290578586101,"arahy.Tifrunner.gnm2.ann2.Ah19g485200"
90762,1,"arahy.Tifrunner.gnm2.ann2.Ah18g444800",-4.663024,-0.79381496,3.11596478435124e-06,0.000197564318722571,1,-0.79381496,0.000197564318722571,"arahy.Tifrunner.gnm2.ann2.Ah18g444800"
90763,1,"arahy.Tifrunner.gnm2.ann2.Ah07g188000",-4.6653714,-0.25229245,3.08060017613447e-06,0.000195594480360315,1,-0.25229245,0.000195594480360315,"arahy.Tifrunner.gnm2.ann2.Ah07g188000"
90764,1,"arahy.Tifrunner.gnm2.ann2.Ah17g435400",-4.676039,-1.1325084,2.92468863171631e-06,0.000186214720657697,1,-1.1325084,0.000186214720657697,"arahy.Tifrunner.gnm2.ann2.Ah17g435400"
90765,1,"arahy.Tifrunner.gnm2.ann2.Ah14g468800",-4.6785746,-0.9839749,2.88875911341249e-06,0.000184184691707269,1,-0.9839749,0.000184184691707269,"arahy.Tifrunner.gnm2.ann2.Ah14g468800"
90766,1,"arahy.Tifrunner.gnm2.ann2.Ah08g328400",-4.68337,-0.9540195,2.82196594155622e-06,0.000180431429105907,1,-0.9540195,0.000180431429105907,"arahy.Tifrunner.gnm2.ann2.Ah08g328400"
90767,1,"arahy.Tifrunner.gnm2.ann2.Ah01g242700",-4.6922765,-0.2957674,2.7018190500402e-06,0.000173536362250977,1,-0.2957674,0.000173536362250977,"arahy.Tifrunner.gnm2.ann2.Ah01g242700"
90768,1,"STRG.4937",-4.692516,-1.2958614,2.69865839287337e-06,0.000173536362250977,1,-1.2958614,0.000173536362250977,"STRG.4937"
90769,1,"arahy.Tifrunner.gnm2.ann2.Ah17g457100",-4.7016225,-1.2873759,2.58102491240194e-06,0.000167138802435542,1,-1.2873759,0.000167138802435542,"arahy.Tifrunner.gnm2.ann2.Ah17g457100"
90770,1,"arahy.Tifrunner.gnm2.ann2.Ah01g244900",-4.7043414,-0.30137926,2.54687006667551e-06,0.00016516198420988,1,-0.30137926,0.00016516198420988,"arahy.Tifrunner.gnm2.ann2.Ah01g244900"
90771,1,"STRG.4252",-4.706764,-0.82418877,2.5167943803997e-06,0.000163444432772205,1,-0.82418877,0.000163444432772205,"STRG.4252"
90772,1,"arahy.Tifrunner.gnm2.ann2.Ah08g216200",-4.7147326,-1.6796913,2.42028135044563e-06,0.000157626449495976,1,-1.6796913,0.000157626449495976,"arahy.Tifrunner.gnm2.ann2.Ah08g216200"
90773,1,"STRG.2549",-4.7224274,-2.540455,2.33046085698343e-06,0.000152212195198442,1,-2.540455,0.000152212195198442,"STRG.2549"
90774,1,"arahy.Tifrunner.gnm2.ann2.Ah05g188700",-4.743985,-0.8516027,2.09554215059845e-06,0.000137262533617042,1,-0.8516027,0.000137262533617042,"arahy.Tifrunner.gnm2.ann2.Ah05g188700"
90775,1,"arahy.Tifrunner.gnm2.ann2.Ah19g419700",-4.745839,-1.032527,2.07643597697272e-06,0.000136207019330989,1,-1.032527,0.000136207019330989,"arahy.Tifrunner.gnm2.ann2.Ah19g419700"
90776,1,"STRG.2365",-4.748038,-0.8042143,2.05399723245541e-06,0.000134929538254401,1,-0.8042143,0.000134929538254401,"STRG.2365"
90777,1,"arahy.Tifrunner.gnm2.ann2.Ah10g067500",-4.7574277,-1.9014238,1.96075355887588e-06,0.000128990382968592,1,-1.9014238,0.000128990382968592,"arahy.Tifrunner.gnm2.ann2.Ah10g067500"
90778,1,"arahy.Tifrunner.gnm2.ann2.Ah12g282700",-4.7596703,-0.7677751,1.93909479944074e-06,0.000127750147105268,1,-0.7677751,0.000127750147105268,"arahy.Tifrunner.gnm2.ann2.Ah12g282700"
90779,1,"arahy.Tifrunner.gnm2.ann2.Ah14g099200",-4.765311,-1.6494747,1.88562893935551e-06,0.000124588348091757,1,-1.6494747,0.000124588348091757,"arahy.Tifrunner.gnm2.ann2.Ah14g099200"
90780,1,"arahy.Tifrunner.gnm2.ann2.Ah14g089100",-4.775722,-0.6835778,1.79063795407191e-06,0.000118484014856351,1,-0.6835778,0.000118484014856351,"arahy.Tifrunner.gnm2.ann2.Ah14g089100"
90781,1,"arahy.Tifrunner.gnm2.ann2.Ah19g563700",-4.786739,-0.17380226,1.69513244399724e-06,0.000112820481550483,1,-0.17380226,0.000112820481550483,"arahy.Tifrunner.gnm2.ann2.Ah19g563700"
90782,1,"arahy.Tifrunner.gnm2.ann2.Ah09g148200",-4.7877674,-1.3443965,1.68647135226621e-06,0.000112573199179717,1,-1.3443965,0.000112573199179717,"arahy.Tifrunner.gnm2.ann2.Ah09g148200"
90783,1,"arahy.Tifrunner.gnm2.ann2.Ah01g250000",-4.7888446,-1.2300397,1.67744442390161e-06,0.000112135066011302,1,-1.2300397,0.000112135066011302,"arahy.Tifrunner.gnm2.ann2.Ah01g250000"
90784,1,"arahy.Tifrunner.gnm2.ann2.Ah16g214200",-4.7908134,-0.98663723,1.66106608951567e-06,0.000111203489204575,1,-0.98663723,0.000111203489204575,"arahy.Tifrunner.gnm2.ann2.Ah16g214200"
90785,1,"arahy.Tifrunner.gnm2.ann2.Ah10g204900",-4.791827,-0.54536176,1.65269313105644e-06,0.000110805894106353,1,-0.54536176,0.000110805894106353,"arahy.Tifrunner.gnm2.ann2.Ah10g204900"
90786,1,"arahy.Tifrunner.gnm2.ann2.Ah19g563500",-4.8081303,-0.32746804,1.52348511144589e-06,0.000102293711229296,1,-0.32746804,0.000102293711229296,"arahy.Tifrunner.gnm2.ann2.Ah19g563500"
90787,1,"arahy.Tifrunner.gnm2.ann2.Ah04g399900",-4.8154755,-1.1471877,1.4684964706265e-06,9.90397530797051e-05,1,-1.1471877,9.90397530797051e-05,"arahy.Tifrunner.gnm2.ann2.Ah04g399900"
90788,1,"arahy.Tifrunner.gnm2.ann2.Ah03g600700",-4.8403897,-0.8990877,1.29584802223643e-06,8.75254975731326e-05,1,-0.8990877,8.75254975731326e-05,"arahy.Tifrunner.gnm2.ann2.Ah03g600700"
90789,1,"STRG.4273",-4.843475,-1.0871354,1.27587859410183e-06,8.63047505466447e-05,1,-1.0871354,8.63047505466447e-05,"STRG.4273"
90790,1,"arahy.Tifrunner.gnm2.ann2.Ah16g155200",-4.8506885,-1.6929826,1.23033691712087e-06,8.33480027009084e-05,1,-1.6929826,8.33480027009084e-05,"arahy.Tifrunner.gnm2.ann2.Ah16g155200"
90791,1,"STRG.1172",-4.8694077,-1.1980923,1.11933377428047e-06,7.59412082568469e-05,1,-1.1980923,7.59412082568469e-05,"STRG.1172"
90792,1,"arahy.Tifrunner.gnm2.ann2.Ah12g362900",-4.8779864,-1.1240317,1.07174237967981e-06,7.31375577000923e-05,1,-1.1240317,7.31375577000923e-05,"arahy.Tifrunner.gnm2.ann2.Ah12g362900"
90793,1,"arahy.Tifrunner.gnm2.ann2.Ah15g235200",-4.902605,-0.21154262,9.45740726610284e-07,6.47427080273783e-05,1,-0.21154262,6.47427080273783e-05,"arahy.Tifrunner.gnm2.ann2.Ah15g235200"
90794,1,"arahy.Tifrunner.gnm2.ann2.Ah19g068300",-4.9209013,-0.8858062,8.61465359852441e-07,5.92407085225416e-05,1,-0.8858062,5.92407085225416e-05,"arahy.Tifrunner.gnm2.ann2.Ah19g068300"
90795,1,"arahy.Tifrunner.gnm2.ann2.Ah06g037000",-4.923173,-1.0279771,8.51520392489991e-07,5.86454074851957e-05,1,-1.0279771,5.86454074851957e-05,"arahy.Tifrunner.gnm2.ann2.Ah06g037000"
90796,1,"STRG.2708",-4.9449797,-0.94169545,7.6151720823547e-07,5.26059323030524e-05,1,-0.94169545,5.26059323030524e-05,"STRG.2708"
90797,1,"arahy.Tifrunner.gnm2.ann2.Ah02g092400",-4.9574847,-1.1669123,7.14117319294723e-07,4.94816999141141e-05,1,-1.1669123,4.94816999141141e-05,"arahy.Tifrunner.gnm2.ann2.Ah02g092400"
90798,1,"STRG.1223",-4.972329,-1.1256377,6.6153206582203e-07,4.59779935335605e-05,1,-1.1256377,4.59779935335605e-05,"STRG.1223"
90799,1,"arahy.Tifrunner.gnm2.ann2.Ah14g469900",-4.982836,-1.2042502,6.26591420143781e-07,4.36829216089211e-05,1,-1.2042502,4.36829216089211e-05,"arahy.Tifrunner.gnm2.ann2.Ah14g469900"
90800,1,"arahy.Tifrunner.gnm2.ann2.Ah16g382700",-4.9987283,-1.783337,5.77095949788797e-07,4.03559385840019e-05,1,-1.783337,4.03559385840019e-05,"arahy.Tifrunner.gnm2.ann2.Ah16g382700"
90801,1,"arahy.Tifrunner.gnm2.ann2.Ah17g302400",-5.0319114,-0.2675922,4.85614018680073e-07,3.41686129619655e-05,1,-0.2675922,3.41686129619655e-05,"arahy.Tifrunner.gnm2.ann2.Ah17g302400"
90802,1,"STRG.4870",-5.0479407,-1.8437617,4.46597420864482e-07,3.14719829526853e-05,1,-1.8437617,3.14719829526853e-05,"STRG.4870"
90803,1,"STRG.358",-5.0491548,-1.0639907,4.43768836690423e-07,3.132113569224e-05,1,-1.0639907,3.132113569224e-05,"STRG.358"
90804,1,"arahy.Tifrunner.gnm2.ann2.Ah17g299500",-5.0493746,-0.21644494,4.43258469772835e-07,3.132113569224e-05,1,-0.21644494,3.132113569224e-05,"arahy.Tifrunner.gnm2.ann2.Ah17g299500"
90805,1,"arahy.Tifrunner.gnm2.ann2.Ah0g055900",-5.050914,-1.2160668,4.3970172253544e-07,3.1130608424111e-05,1,-1.2160668,3.1130608424111e-05,"arahy.Tifrunner.gnm2.ann2.Ah0g055900"
90806,1,"arahy.Tifrunner.gnm2.ann2.Ah06g093200",-5.054287,-0.8618635,4.32001172987317e-07,3.06330551387455e-05,1,-0.8618635,3.06330551387455e-05,"arahy.Tifrunner.gnm2.ann2.Ah06g093200"
90807,1,"arahy.Tifrunner.gnm2.ann2.Ah04g088300",-5.063355,-1.7415333,4.11942172644808e-07,2.92562487792234e-05,1,-1.7415333,2.92562487792234e-05,"arahy.Tifrunner.gnm2.ann2.Ah04g088300"
90808,1,"STRG.5893",-5.066599,-0.7519142,4.04986568927465e-07,2.88975055859779e-05,1,-0.7519142,2.88975055859779e-05,"STRG.5893"
90809,1,"arahy.Tifrunner.gnm2.ann2.Ah01g106500",-5.069904,-0.3656324,3.98016623083733e-07,2.84447547084205e-05,1,-0.3656324,2.84447547084205e-05,"arahy.Tifrunner.gnm2.ann2.Ah01g106500"
90810,1,"arahy.Tifrunner.gnm2.ann2.Ah14g078400",-5.0836053,-1.3292371,3.70336767519216e-07,2.65499385898343e-05,1,-1.3292371,2.65499385898343e-05,"arahy.Tifrunner.gnm2.ann2.Ah14g078400"
90811,1,"arahy.Tifrunner.gnm2.ann2.Ah09g332400",-5.0845656,-1.1327059,3.68468614128977e-07,2.64576738006429e-05,1,-1.1327059,2.64576738006429e-05,"arahy.Tifrunner.gnm2.ann2.Ah09g332400"
90812,1,"arahy.Tifrunner.gnm2.ann2.Ah16g450800",-5.1002846,-1.3853836,3.39142765331343e-07,2.45065638872128e-05,1,-1.3853836,2.45065638872128e-05,"arahy.Tifrunner.gnm2.ann2.Ah16g450800"
90813,1,"arahy.Tifrunner.gnm2.ann2.Ah03g025800",-5.115645,-0.9466444,3.12670578111707e-07,2.27017789441106e-05,1,-0.9466444,2.27017789441106e-05,"arahy.Tifrunner.gnm2.ann2.Ah03g025800"
90814,1,"arahy.Tifrunner.gnm2.ann2.Ah05g442900",-5.1208506,-1.3973603,3.04160533608819e-07,2.21545666112126e-05,1,-1.3973603,2.21545666112126e-05,"arahy.Tifrunner.gnm2.ann2.Ah05g442900"
90815,1,"arahy.Tifrunner.gnm2.ann2.Ah03g466900",-5.135461,-1.2585893,2.81453384885103e-07,2.05664267953603e-05,1,-1.2585893,2.05664267953603e-05,"arahy.Tifrunner.gnm2.ann2.Ah03g466900"
90816,1,"arahy.Tifrunner.gnm2.ann2.Ah16g137400",-5.1495047,-0.80464417,2.61175544660337e-07,1.92080056463929e-05,1,-0.80464417,1.92080056463929e-05,"arahy.Tifrunner.gnm2.ann2.Ah16g137400"
90817,1,"arahy.Tifrunner.gnm2.ann2.Ah19g504900",-5.152331,-1.1533202,2.57268737223555e-07,1.89512977238918e-05,1,-1.1533202,1.89512977238918e-05,"arahy.Tifrunner.gnm2.ann2.Ah19g504900"
90818,1,"arahy.Tifrunner.gnm2.ann2.Ah07g335300",-5.1914105,-2.7269163,2.08706972183693e-07,1.54742283415153e-05,1,-2.7269163,1.54742283415153e-05,"arahy.Tifrunner.gnm2.ann2.Ah07g335300"
90819,1,"arahy.Tifrunner.gnm2.ann2.Ah07g230400",-5.2281013,-1.2273802,1.7125989318396e-07,1.27601233671139e-05,1,-1.2273802,1.27601233671139e-05,"arahy.Tifrunner.gnm2.ann2.Ah07g230400"
90820,1,"arahy.Tifrunner.gnm2.ann2.Ah16g368900",-5.2313843,-0.2160559,1.68245447576603e-07,1.25560750089791e-05,1,-0.2160559,1.25560750089791e-05,"arahy.Tifrunner.gnm2.ann2.Ah16g368900"
90821,1,"arahy.Tifrunner.gnm2.ann2.Ah18g301600",-5.2341127,-0.9208652,1.65779233424452e-07,1.23923379678403e-05,1,-0.9208652,1.23923379678403e-05,"arahy.Tifrunner.gnm2.ann2.Ah18g301600"
90822,1,"arahy.Tifrunner.gnm2.ann2.Ah17g261000",-5.2502203,-0.32454145,1.51917268594264e-07,1.1431209480141e-05,1,-0.32454145,1.1431209480141e-05,"arahy.Tifrunner.gnm2.ann2.Ah17g261000"
90823,1,"arahy.Tifrunner.gnm2.ann2.Ah01g247000",-5.254696,-0.21574607,1.48269446348079e-07,1.11751958204469e-05,1,-0.21574607,1.11751958204469e-05,"arahy.Tifrunner.gnm2.ann2.Ah01g247000"
90824,1,"arahy.Tifrunner.gnm2.ann2.Ah09g432400",-5.265627,-1.1952919,1.39711604943849e-07,1.05651679459531e-05,1,-1.1952919,1.05651679459531e-05,"arahy.Tifrunner.gnm2.ann2.Ah09g432400"
90825,1,"arahy.Tifrunner.gnm2.ann2.Ah13g606100",-5.3012185,-0.90054697,1.15032320356129e-07,8.7424563470658e-06,1,-0.90054697,8.7424563470658e-06,"arahy.Tifrunner.gnm2.ann2.Ah13g606100"
90826,1,"arahy.Tifrunner.gnm2.ann2.Ah18g105700",-5.3141284,-0.56731707,1.07168914435787e-07,8.17212338488239e-06,1,-0.56731707,8.17212338488239e-06,"arahy.Tifrunner.gnm2.ann2.Ah18g105700"
90827,1,"arahy.Tifrunner.gnm2.ann2.Ah20g236500",-5.332203,-0.2022354,9.70285066153692e-08,7.41128479053367e-06,1,-0.2022354,7.41128479053367e-06,"arahy.Tifrunner.gnm2.ann2.Ah20g236500"
90828,1,"STRG.6607",-5.336983,-0.8411077,9.45057424351682e-08,7.24289464413906e-06,1,-0.8411077,7.24289464413906e-06,"STRG.6607"
90829,1,"STRG.5033",-5.349969,-0.7504398,8.7969231981841e-08,6.76471506206305e-06,1,-0.7504398,6.76471506206305e-06,"STRG.5033"
90830,1,"arahy.Tifrunner.gnm2.ann2.Ah0g024000",-5.3761215,-1.5547829,7.61074061653928e-08,5.8923699970635e-06,1,-1.5547829,5.8923699970635e-06,"arahy.Tifrunner.gnm2.ann2.Ah0g024000"
90831,1,"STRG.100",-5.3821282,-0.67750883,7.36102271840864e-08,5.70874272969054e-06,1,-0.67750883,5.70874272969054e-06,"STRG.100"
90832,1,"STRG.1426",-5.383968,-0.88148475,7.28615383208353e-08,5.6603219633408e-06,1,-0.88148475,5.6603219633408e-06,"STRG.1426"
90833,1,"arahy.Tifrunner.gnm2.ann2.Ah20g103500",-5.3988395,-1.7828671,6.7073349855613e-08,5.21956782705457e-06,1,-1.7828671,5.21956782705457e-06,"arahy.Tifrunner.gnm2.ann2.Ah20g103500"
90834,1,"arahy.Tifrunner.gnm2.ann2.Ah15g472300",-5.3996115,-1.126629,6.67854009706824e-08,5.20605923594066e-06,1,-1.126629,5.20605923594066e-06,"arahy.Tifrunner.gnm2.ann2.Ah15g472300"
90835,1,"STRG.3967",-5.418355,-2.4375048,6.0149929701815e-08,4.71302134207475e-06,1,-2.4375048,4.71302134207475e-06,"STRG.3967"
90836,1,"STRG.1982",-5.422723,-0.9521228,5.86980516951108e-08,4.62313167018724e-06,1,-0.9521228,4.62313167018724e-06,"STRG.1982"
90837,1,"arahy.Tifrunner.gnm2.ann2.Ah06g089900",-5.4341745,-0.95456654,5.50507306056383e-08,4.36607919876494e-06,1,-0.95456654,4.36607919876494e-06,"arahy.Tifrunner.gnm2.ann2.Ah06g089900"
90838,1,"STRG.1550",-5.4417276,-1.1492105,5.27663640157423e-08,4.19220934633971e-06,1,-1.1492105,4.19220934633971e-06,"STRG.1550"
90839,1,"arahy.Tifrunner.gnm2.ann2.Ah08g109000",-5.4475145,-0.77611494,5.10785788294302e-08,4.06521192767654e-06,1,-0.77611494,4.06521192767654e-06,"arahy.Tifrunner.gnm2.ann2.Ah08g109000"
90840,1,"STRG.986",-5.458299,-0.56987524,4.80716829607126e-08,3.83932507912891e-06,1,-0.56987524,3.83932507912891e-06,"STRG.986"
90841,1,"arahy.Tifrunner.gnm2.ann2.Ah20g520900",-5.469343,-0.16019455,4.51706511671752e-08,3.62671732581038e-06,1,-0.16019455,3.62671732581038e-06,"arahy.Tifrunner.gnm2.ann2.Ah20g520900"
90842,1,"arahy.Tifrunner.gnm2.ann2.Ah16g521300",-5.4721327,-1.2130153,4.44651442138306e-08,3.57638025652018e-06,1,-1.2130153,3.57638025652018e-06,"arahy.Tifrunner.gnm2.ann2.Ah16g521300"
90843,1,"arahy.Tifrunner.gnm2.ann2.Ah01g380500",-5.4758825,-2.1073105,4.35336586909151e-08,3.50765712963756e-06,1,-2.1073105,3.50765712963756e-06,"arahy.Tifrunner.gnm2.ann2.Ah01g380500"
90844,1,"STRG.5138",-5.479903,-0.9553562,4.25558387805842e-08,3.43495036284985e-06,1,-0.9553562,3.43495036284985e-06,"STRG.5138"
90845,1,"arahy.Tifrunner.gnm2.ann2.Ah10g199200",-5.485822,-0.15268593,4.11550789493637e-08,3.32778652591622e-06,1,-0.15268593,3.32778652591622e-06,"arahy.Tifrunner.gnm2.ann2.Ah10g199200"
90846,1,"arahy.Tifrunner.gnm2.ann2.Ah11g395700",-5.491228,-1.8224087,3.99148593830437e-08,3.23900901702973e-06,1,-1.8224087,3.23900901702973e-06,"arahy.Tifrunner.gnm2.ann2.Ah11g395700"
90847,1,"arahy.Tifrunner.gnm2.ann2.Ah19g483800",-5.501825,-1.1654466,3.7588030313555e-08,3.05563837856121e-06,1,-1.1654466,3.05563837856121e-06,"arahy.Tifrunner.gnm2.ann2.Ah19g483800"
90848,1,"arahy.Tifrunner.gnm2.ann2.Ah11g007600",-5.507111,-0.8304112,3.64770234822772e-08,2.97062614849228e-06,1,-0.8304112,2.97062614849228e-06,"arahy.Tifrunner.gnm2.ann2.Ah11g007600"
90849,1,"STRG.2499",-5.535562,-1.5276356,3.10231731526819e-08,2.53100167491522e-06,1,-1.5276356,2.53100167491522e-06,"STRG.2499"
90850,1,"arahy.Tifrunner.gnm2.ann2.Ah10g202100",-5.577319,-0.2475345,2.4425358798808e-08,2.0071119746515e-06,1,-0.2475345,2.0071119746515e-06,"arahy.Tifrunner.gnm2.ann2.Ah10g202100"
90851,1,"arahy.Tifrunner.gnm2.ann2.Ah11g185400",-5.579801,-0.748117,2.40793970697005e-08,1.98226125171979e-06,1,-0.748117,1.98226125171979e-06,"arahy.Tifrunner.gnm2.ann2.Ah11g185400"
90852,1,"STRG.3792",-5.6189175,-1.2408785,1.92157838081411e-08,1.59631266803251e-06,1,-1.2408785,1.59631266803251e-06,"STRG.3792"
90853,1,"arahy.Tifrunner.gnm2.ann2.Ah07g188300",-5.6193423,-0.21166006,1.91685739131152e-08,1.59530193568676e-06,1,-0.21166006,1.59530193568676e-06,"arahy.Tifrunner.gnm2.ann2.Ah07g188300"
90854,1,"arahy.Tifrunner.gnm2.ann2.Ah16g119600",-5.6259036,-1.1052004,1.84539356208219e-08,1.53863913040713e-06,1,-1.1052004,1.53863913040713e-06,"arahy.Tifrunner.gnm2.ann2.Ah16g119600"
90855,1,"arahy.Tifrunner.gnm2.ann2.Ah16g130000",-5.633525,-1.0865003,1.76562788647622e-08,1.47754492470484e-06,1,-1.0865003,1.47754492470484e-06,"arahy.Tifrunner.gnm2.ann2.Ah16g130000"
90856,1,"STRG.564",-5.645776,-0.64971733,1.6443813833132e-08,1.37861543451105e-06,1,-0.64971733,1.37861543451105e-06,"STRG.564"
90857,1,"arahy.Tifrunner.gnm2.ann2.Ah13g066000",-5.646174,-1.1641917,1.64057945822532e-08,1.37796566893449e-06,1,-1.1641917,1.37796566893449e-06,"arahy.Tifrunner.gnm2.ann2.Ah13g066000"
90858,1,"STRG.3819",-5.648038,-1.3926637,1.6228959343924e-08,1.36563243100332e-06,1,-1.3926637,1.36563243100332e-06,"STRG.3819"
90859,1,"STRG.6448",-5.6510277,-0.967723,1.59491414599017e-08,1.34457169596401e-06,1,-0.967723,1.34457169596401e-06,"STRG.6448"
90860,1,"STRG.373",-5.6542764,-1.1750293,1.56504032575921e-08,1.32183480129614e-06,1,-1.1750293,1.32183480129614e-06,"STRG.373"
90861,1,"arahy.Tifrunner.gnm2.ann2.Ah07g102400",-5.662958,-1.076198,1.48785389567892e-08,1.26132329137593e-06,1,-1.076198,1.26132329137593e-06,"arahy.Tifrunner.gnm2.ann2.Ah07g102400"
90862,1,"arahy.Tifrunner.gnm2.ann2.Ah09g449700",-5.6800137,-1.3630731,1.34683915639443e-08,1.14604683655514e-06,1,-1.3630731,1.14604683655514e-06,"arahy.Tifrunner.gnm2.ann2.Ah09g449700"
90863,1,"arahy.Tifrunner.gnm2.ann2.Ah03g069100",-5.694824,-1.6831497,1.234989966781e-08,1.05481582078309e-06,1,-1.6831497,1.05481582078309e-06,"arahy.Tifrunner.gnm2.ann2.Ah03g069100"
90864,1,"arahy.Tifrunner.gnm2.ann2.Ah19g415300",-5.6953225,-1.9329298,1.23138806554293e-08,1.05371635894316e-06,1,-1.9329298,1.05371635894316e-06,"arahy.Tifrunner.gnm2.ann2.Ah19g415300"
90865,1,"STRG.954",-5.7101164,-1.0647041,1.12899075653834e-08,9.6973915472927e-07,1,-1.0647041,9.6973915472927e-07,"STRG.954"
90866,1,"STRG.5687",-5.719909,-0.9372605,1.06580929165851e-08,9.18937541542837e-07,1,-0.9372605,9.18937541542837e-07,"STRG.5687"
90867,1,"arahy.Tifrunner.gnm2.ann2.Ah15g371200",-5.721453,-1.1730727,1.05616787178641e-08,9.14087190022902e-07,1,-1.1730727,9.14087190022902e-07,"arahy.Tifrunner.gnm2.ann2.Ah15g371200"
90868,1,"STRG.4226",-5.735243,-0.7345457,9.73728317576141e-09,8.44343008177833e-07,1,-0.7345457,8.44343008177833e-07,"STRG.4226"
90869,1,"STRG.84",-5.736227,-1.3313689,9.68088322456856e-09,8.41054442586372e-07,1,-1.3313689,8.41054442586372e-07,"STRG.84"
90870,1,"arahy.Tifrunner.gnm2.ann2.Ah10g408400",-5.7365327,-0.9288447,9.66345405614166e-09,8.41054442586372e-07,1,-0.9288447,8.41054442586372e-07,"arahy.Tifrunner.gnm2.ann2.Ah10g408400"
90871,1,"STRG.5826",-5.752332,-1.6454003,8.8020523968173e-09,7.69106781790232e-07,1,-1.6454003,7.69106781790232e-07,"STRG.5826"
90872,1,"STRG.3675",-5.753434,-1.3811028,8.74485582285169e-09,7.65578493229808e-07,1,-1.3811028,7.65578493229808e-07,"STRG.3675"
90873,1,"arahy.Tifrunner.gnm2.ann2.Ah03g083700",-5.7676854,-0.51584166,8.03677068425211e-09,7.07671080522037e-07,1,-0.51584166,7.07671080522037e-07,"arahy.Tifrunner.gnm2.ann2.Ah03g083700"
90874,1,"arahy.Tifrunner.gnm2.ann2.Ah03g009400",-5.7773857,-2.103157,7.58702824250689e-09,6.6936409634086e-07,1,-2.103157,6.6936409634086e-07,"arahy.Tifrunner.gnm2.ann2.Ah03g009400"
90875,1,"arahy.Tifrunner.gnm2.ann2.Ah0g055600",-5.793322,-1.4710565,6.90074927814733e-09,6.09999437161901e-07,1,-1.4710565,6.09999437161901e-07,"arahy.Tifrunner.gnm2.ann2.Ah0g055600"
90876,1,"arahy.Tifrunner.gnm2.ann2.Ah0g022700",-5.8065205,-1.4225961,6.3784401266905e-09,5.66027501612979e-07,1,-1.4225961,5.66027501612979e-07,"arahy.Tifrunner.gnm2.ann2.Ah0g022700"
90877,1,"arahy.Tifrunner.gnm2.ann2.Ah20g511800",-5.840761,-2.616062,5.19628502872291e-09,4.64745932509984e-07,1,-2.616062,4.64745932509984e-07,"arahy.Tifrunner.gnm2.ann2.Ah20g511800"
90878,1,"arahy.Tifrunner.gnm2.ann2.Ah17g299400",-5.885142,-0.23300537,3.97713125350508e-09,3.6052477403789e-07,1,-0.23300537,3.6052477403789e-07,"arahy.Tifrunner.gnm2.ann2.Ah17g299400"
90879,1,"arahy.Tifrunner.gnm2.ann2.Ah20g394100",-5.8899074,-1.8482735,3.86411700943504e-09,3.5111788969565e-07,1,-1.8482735,3.5111788969565e-07,"arahy.Tifrunner.gnm2.ann2.Ah20g394100"
90880,1,"arahy.Tifrunner.gnm2.ann2.Ah06g025200",-5.9053483,-1.8633947,3.51902256294057e-09,3.21686713163266e-07,1,-1.8633947,3.21686713163266e-07,"arahy.Tifrunner.gnm2.ann2.Ah06g025200"
90881,1,"STRG.1034",-5.918505,-0.17563398,3.24880659011878e-09,2.97582839453858e-07,1,-0.17563398,2.97582839453858e-07,"STRG.1034"
90882,1,"STRG.5776",-5.918947,-1.2507639,3.24008593375164e-09,2.97382403322802e-07,1,-1.2507639,2.97382403322802e-07,"STRG.5776"
90883,1,"STRG.3243",-5.935663,-1.191563,2.92659759344654e-09,2.70244277574159e-07,1,-1.191563,2.70244277574159e-07,"STRG.3243"
90884,1,"arahy.Tifrunner.gnm2.ann2.Ah03g043100",-5.9379573,-1.7228959,2.8859547479538e-09,2.67032934849286e-07,1,-1.7228959,2.67032934849286e-07,"arahy.Tifrunner.gnm2.ann2.Ah03g043100"
90885,1,"arahy.Tifrunner.gnm2.ann2.Ah13g517400",-5.94297,-1.4035705,2.79904145395471e-09,2.59518458553634e-07,1,-1.4035705,2.59518458553634e-07,"arahy.Tifrunner.gnm2.ann2.Ah13g517400"
90886,1,"STRG.635",-5.9864635,-1.0577703,2.14452682011215e-09,1.99647114435144e-07,1,-1.0577703,1.99647114435144e-07,"STRG.635"
90887,1,"arahy.Tifrunner.gnm2.ann2.Ah20g200900",-6.006971,-0.871213,1.89021683876662e-09,1.76694520262857e-07,1,-0.871213,1.76694520262857e-07,"arahy.Tifrunner.gnm2.ann2.Ah20g200900"
90888,1,"arahy.Tifrunner.gnm2.ann2.Ah04g080000",-6.0297914,-1.5440135,1.64171678720978e-09,1.54097969115336e-07,1,-1.5440135,1.54097969115336e-07,"arahy.Tifrunner.gnm2.ann2.Ah04g080000"
90889,1,"arahy.Tifrunner.gnm2.ann2.Ah17g302000",-6.0366116,-0.20314091,1.57384089720264e-09,1.48646334033719e-07,1,-0.20314091,1.48646334033719e-07,"arahy.Tifrunner.gnm2.ann2.Ah17g302000"
90890,1,"STRG.3261",-6.0441155,-0.97889847,1.50231716842507e-09,1.42186043192064e-07,1,-0.97889847,1.42186043192064e-07,"STRG.3261"
90891,1,"STRG.4426",-6.0527434,-1.0799608,1.42399448302728e-09,1.35619089634589e-07,1,-1.0799608,1.35619089634589e-07,"STRG.4426"
90892,1,"arahy.Tifrunner.gnm2.ann2.Ah16g227000",-6.086019,-0.2564922,1.15752578571802e-09,1.10522674445482e-07,1,-0.2564922,1.10522674445482e-07,"arahy.Tifrunner.gnm2.ann2.Ah16g227000"
90893,1,"arahy.Tifrunner.gnm2.ann2.Ah15g419600",-6.1054173,-1.3884321,1.02532411818243e-09,9.84743779665339e-08,1,-1.3884321,9.84743779665339e-08,"arahy.Tifrunner.gnm2.ann2.Ah15g419600"
90894,1,"arahy.Tifrunner.gnm2.ann2.Ah20g452500",-6.1219697,-1.253503,9.24256356386292e-10,8.93330071510182e-08,1,-1.253503,8.93330071510182e-08,"arahy.Tifrunner.gnm2.ann2.Ah20g452500"
90895,1,"STRG.2671",-6.1601725,-0.75912744,7.26658150599313e-10,7.0684584717699e-08,1,-0.75912744,7.0684584717699e-08,"STRG.2671"
90896,1,"arahy.Tifrunner.gnm2.ann2.Ah19g463600",-6.162825,-0.7037243,7.14583702486644e-10,6.96589046509678e-08,1,-0.7037243,6.96589046509678e-08,"arahy.Tifrunner.gnm2.ann2.Ah19g463600"
90897,1,"arahy.Tifrunner.gnm2.ann2.Ah13g068900",-6.219288,-1.8697433,4.99416740795089e-10,4.87885143947546e-08,1,-1.8697433,4.87885143947546e-08,"arahy.Tifrunner.gnm2.ann2.Ah13g068900"
90898,1,"STRG.993",-6.2620997,-0.7568575,3.79827285059404e-10,3.72656407867335e-08,1,-0.7568575,3.72656407867335e-08,"STRG.993"
90899,1,"arahy.Tifrunner.gnm2.ann2.Ah20g315700",-6.284366,-1.355647,3.29194429969464e-10,3.25787983259346e-08,1,-1.355647,3.25787983259346e-08,"arahy.Tifrunner.gnm2.ann2.Ah20g315700"
90900,1,"arahy.Tifrunner.gnm2.ann2.Ah10g200200",-6.2903533,-0.19153322,3.16744420095005e-10,3.14149738135186e-08,1,-0.19153322,3.14149738135186e-08,"arahy.Tifrunner.gnm2.ann2.Ah10g200200"
90901,1,"STRG.355",-6.2911153,-0.74833703,3.15192965538718e-10,3.1329354941451e-08,1,-0.74833703,3.1329354941451e-08,"STRG.355"
90902,1,"arahy.Tifrunner.gnm2.ann2.Ah14g489600",-6.3028116,-1.232647,2.92294448664295e-10,2.91168763260249e-08,1,-1.232647,2.91168763260249e-08,"arahy.Tifrunner.gnm2.ann2.Ah14g489600"
90903,1,"STRG.1328",-6.306263,-0.9907883,2.85853006616708e-10,2.85376584939014e-08,1,-0.9907883,2.85376584939014e-08,"STRG.1328"
90904,1,"arahy.Tifrunner.gnm2.ann2.Ah13g030000",-6.314495,-1.875352,2.71044633126837e-10,2.71187601724531e-08,1,-1.875352,2.71187601724531e-08,"arahy.Tifrunner.gnm2.ann2.Ah13g030000"
90905,1,"arahy.Tifrunner.gnm2.ann2.Ah01g036700",-6.3194222,-0.9654339,2.62542820605813e-10,2.63259897913195e-08,1,-0.9654339,2.63259897913195e-08,"arahy.Tifrunner.gnm2.ann2.Ah01g036700"
90906,1,"arahy.Tifrunner.gnm2.ann2.Ah19g547300",-6.3897576,-0.82693803,1.66149087020762e-10,1.68083800834071e-08,1,-0.82693803,1.68083800834071e-08,"arahy.Tifrunner.gnm2.ann2.Ah19g547300"
90907,1,"STRG.2437",-6.395183,-0.2133035,1.60355323337878e-10,1.6258386947959e-08,1,-0.2133035,1.6258386947959e-08,"STRG.2437"
90908,1,"arahy.Tifrunner.gnm2.ann2.Ah09g058100",-6.418751,-1.0643218,1.37397054269681e-10,1.39617488807432e-08,1,-1.0643218,1.39617488807432e-08,"arahy.Tifrunner.gnm2.ann2.Ah09g058100"
90909,1,"arahy.Tifrunner.gnm2.ann2.Ah14g401100",-6.4453626,-1.3587328,1.15324400784241e-10,1.17713632764614e-08,1,-1.3587328,1.17713632764614e-08,"arahy.Tifrunner.gnm2.ann2.Ah14g401100"
90910,1,"arahy.Tifrunner.gnm2.ann2.Ah16g500400",-6.4676776,-0.9153151,9.95206834272877e-11,1.02270419691735e-08,1,-0.9153151,1.02270419691735e-08,"arahy.Tifrunner.gnm2.ann2.Ah16g500400"
90911,1,"arahy.Tifrunner.gnm2.ann2.Ah06g001000",-6.5217094,-1.0040522,6.95106204646575e-11,7.19182155916606e-09,1,-1.0040522,7.19182155916606e-09,"arahy.Tifrunner.gnm2.ann2.Ah06g001000"
90912,1,"arahy.Tifrunner.gnm2.ann2.Ah19g053800",-6.527882,-0.8432417,6.67061021489962e-11,6.93317030646325e-09,1,-0.8432417,6.93317030646325e-09,"arahy.Tifrunner.gnm2.ann2.Ah19g053800"
90913,1,"STRG.1582",-6.5370307,-1.0589571,6.27522636204049e-11,6.53714885367348e-09,1,-1.0589571,6.53714885367348e-09,"STRG.1582"
90914,1,"STRG.3593",-6.559299,-0.8660331,5.40613431766062e-11,5.67071102942816e-09,1,-0.8660331,5.67071102942816e-09,"STRG.3593"
90915,1,"arahy.Tifrunner.gnm2.ann2.Ah13g107700",-6.6109247,-0.91763437,3.8192670583492e-11,4.06234377486656e-09,1,-0.91763437,4.06234377486656e-09,"arahy.Tifrunner.gnm2.ann2.Ah13g107700"
90916,1,"arahy.Tifrunner.gnm2.ann2.Ah07g061600",-6.6209183,-0.64297813,3.56974620768733e-11,3.80583434095452e-09,1,-0.64297813,3.80583434095452e-09,"arahy.Tifrunner.gnm2.ann2.Ah07g061600"
90917,1,"arahy.Tifrunner.gnm2.ann2.Ah15g534600",-6.6279483,-2.6642962,3.40384228826628e-11,3.64603567837727e-09,1,-2.6642962,3.64603567837727e-09,"arahy.Tifrunner.gnm2.ann2.Ah15g534600"
90918,1,"STRG.3901",-6.637241,-1.1917864,3.19609234912304e-11,3.43157802126125e-09,1,-1.1917864,3.43157802126125e-09,"STRG.3901"
90919,1,"arahy.Tifrunner.gnm2.ann2.Ah03g061200",-6.664395,-1.0131637,2.65758146080333e-11,2.86691323273959e-09,1,-1.0131637,2.86691323273959e-09,"arahy.Tifrunner.gnm2.ann2.Ah03g061200"
90920,1,"arahy.Tifrunner.gnm2.ann2.Ah16g199600",-6.6735845,-1.1253027,2.49629611216831e-11,2.69932029003207e-09,1,-1.1253027,2.69932029003207e-09,"arahy.Tifrunner.gnm2.ann2.Ah16g199600"
90921,1,"STRG.5230",-6.69394,-1.3570555,2.17240075716576e-11,2.36029527611489e-09,1,-1.3570555,2.36029527611489e-09,"STRG.5230"
90922,1,"STRG.5121",-6.69694,-1.1830734,2.12828897236407e-11,2.31790017172014e-09,1,-1.1830734,2.31790017172014e-09,"STRG.5121"
90923,1,"STRG.2847",-6.7254915,-1.1433705,1.7500094593535e-11,1.91048994310812e-09,1,-1.1433705,1.91048994310812e-09,"STRG.2847"
90924,1,"arahy.Tifrunner.gnm2.ann2.Ah15g513400",-6.7399697,-0.77482903,1.58419679581898e-11,1.7336292051169e-09,1,-0.77482903,1.7336292051169e-09,"arahy.Tifrunner.gnm2.ann2.Ah15g513400"
90925,1,"arahy.Tifrunner.gnm2.ann2.Ah13g497600",-6.812103,-1.2420075,9.61824210490259e-12,1.05763491203765e-09,1,-1.2420075,1.05763491203765e-09,"arahy.Tifrunner.gnm2.ann2.Ah13g497600"
90926,1,"STRG.1959",-6.845207,-1.6842135,7.63652152966576e-12,8.52071093422804e-10,1,-1.6842135,8.52071093422804e-10,"STRG.1959"
90927,1,"STRG.4979",-6.869828,-1.518854,6.42793101407901e-12,7.20751555381608e-10,1,-1.518854,7.20751555381608e-10,"STRG.4979"
90928,1,"arahy.Tifrunner.gnm2.ann2.Ah06g389500",-6.897864,-2.0616715,5.27902672312322e-12,5.94857456790746e-10,1,-2.0616715,5.94857456790746e-10,"arahy.Tifrunner.gnm2.ann2.Ah06g389500"
90929,1,"arahy.Tifrunner.gnm2.ann2.Ah10g217500",-6.90465,-0.9210819,5.03273538654504e-12,5.68511776022522e-10,1,-0.9210819,5.68511776022522e-10,"arahy.Tifrunner.gnm2.ann2.Ah10g217500"
90930,1,"arahy.Tifrunner.gnm2.ann2.Ah18g353800",-7.0053954,-0.17580678,2.46289423795248e-12,2.82494070590456e-10,1,-0.17580678,2.82494070590456e-10,"arahy.Tifrunner.gnm2.ann2.Ah18g353800"
90931,1,"arahy.Tifrunner.gnm2.ann2.Ah03g273500",-7.032127,-0.58926463,2.03408947024496e-12,2.36224206743447e-10,1,-0.58926463,2.36224206743447e-10,"arahy.Tifrunner.gnm2.ann2.Ah03g273500"
90932,1,"STRG.400",-7.0374546,-0.94650865,1.95783545960243e-12,2.27950131618775e-10,1,-0.94650865,2.27950131618775e-10,"STRG.400"
90933,1,"arahy.Tifrunner.gnm2.ann2.Ah13g425600",-7.045418,-0.9663971,1.84905711340888e-12,2.15837118027759e-10,1,-0.9663971,2.15837118027759e-10,"arahy.Tifrunner.gnm2.ann2.Ah13g425600"
90934,1,"arahy.Tifrunner.gnm2.ann2.Ah02g344400",-7.0505037,-1.1247432,1.7827117570591e-12,2.08627686448223e-10,1,-1.1247432,2.08627686448223e-10,"arahy.Tifrunner.gnm2.ann2.Ah02g344400"
90935,1,"arahy.Tifrunner.gnm2.ann2.Ah11g065500",-7.0673246,-1.0144154,1.57948978357943e-12,1.85800240071499e-10,1,-1.0144154,1.85800240071499e-10,"arahy.Tifrunner.gnm2.ann2.Ah11g065500"
90936,1,"arahy.Tifrunner.gnm2.ann2.Ah16g217900",-7.0805206,-1.4435344,1.43613797278345e-12,1.69814922267516e-10,1,-1.4435344,1.69814922267516e-10,"arahy.Tifrunner.gnm2.ann2.Ah16g217900"
90937,1,"STRG.3356",-7.081417,-1.0266005,1.42687601160793e-12,1.69159123834478e-10,1,-1.0266005,1.69159123834478e-10,"STRG.3356"
90938,1,"STRG.5655",-7.0849276,-1.1479067,1.39117118498724e-12,1.65356859074045e-10,1,-1.1479067,1.65356859074045e-10,"STRG.5655"
90939,1,"arahy.Tifrunner.gnm2.ann2.Ah07g188600",-7.1440454,-0.1887529,9.06234993056286e-13,1.09141380486493e-10,1,-0.1887529,1.09141380486493e-10,"arahy.Tifrunner.gnm2.ann2.Ah07g188600"
90940,1,"arahy.Tifrunner.gnm2.ann2.Ah11g360400",-7.1630135,-0.31825992,7.8922549071561e-13,9.60660460944851e-11,1,-0.31825992,9.60660460944851e-11,"arahy.Tifrunner.gnm2.ann2.Ah11g360400"
90941,1,"arahy.Tifrunner.gnm2.ann2.Ah20g505400",-7.173664,-0.99914646,7.30166437797523e-13,8.93550992319742e-11,1,-0.99914646,8.93550992319742e-11,"arahy.Tifrunner.gnm2.ann2.Ah20g505400"
90942,1,"arahy.Tifrunner.gnm2.ann2.Ah17g301300",-7.247397,-0.24984497,4.24857023750231e-13,5.22734895924473e-11,1,-0.24984497,5.22734895924473e-11,"arahy.Tifrunner.gnm2.ann2.Ah17g301300"
90943,1,"arahy.Tifrunner.gnm2.ann2.Ah13g228200",-7.2479053,-0.9093433,4.2326671503003e-13,5.22189537534609e-11,1,-0.9093433,5.22189537534609e-11,"arahy.Tifrunner.gnm2.ann2.Ah13g228200"
90944,1,"STRG.857",-7.2519526,-0.8351259,4.10804805562458e-13,5.08192336098515e-11,1,-0.8351259,5.08192336098515e-11,"STRG.857"
90945,1,"arahy.Tifrunner.gnm2.ann2.Ah01g240300",-7.2566624,-0.43446016,3.96757804381379e-13,4.92152650862613e-11,1,-0.43446016,4.92152650862613e-11,"arahy.Tifrunner.gnm2.ann2.Ah01g240300"
90946,1,"STRG.6382",-7.25954,-1.4946507,3.88408431076133e-13,4.83112169844532e-11,1,-1.4946507,4.83112169844532e-11,"STRG.6382"
90947,1,"arahy.Tifrunner.gnm2.ann2.Ah17g300100",-7.3151283,-0.25646803,2.57135830357868e-13,3.2247524906919e-11,1,-0.25646803,3.2247524906919e-11,"arahy.Tifrunner.gnm2.ann2.Ah17g300100"
90948,1,"arahy.Tifrunner.gnm2.ann2.Ah12g289100",-7.3677483,-1.4547229,1.73534160638101e-13,2.20054850386878e-11,1,-1.4547229,2.20054850386878e-11,"arahy.Tifrunner.gnm2.ann2.Ah12g289100"
90949,1,"arahy.Tifrunner.gnm2.ann2.Ah10g203800",-7.3792515,-0.6173878,1.5918216538528e-13,2.02986243613431e-11,1,-0.6173878,2.02986243613431e-11,"arahy.Tifrunner.gnm2.ann2.Ah10g203800"
90950,1,"arahy.Tifrunner.gnm2.ann2.Ah09g327600",-7.3853483,-1.4569355,1.52054633502783e-13,1.94441998190469e-11,1,-1.4569355,1.94441998190469e-11,"arahy.Tifrunner.gnm2.ann2.Ah09g327600"
90951,1,"STRG.7287",-7.3996973,-0.46653438,1.36495204323825e-13,1.75036836102473e-11,1,-0.46653438,1.75036836102473e-11,"STRG.7287"
90952,1,"STRG.2714",-7.4102063,-0.909386,1.26103160905258e-13,1.62167240029688e-11,1,-0.909386,1.62167240029688e-11,"STRG.2714"
90953,1,"STRG.3572",-7.411533,-1.3283304,1.24848038211468e-13,1.61007991261725e-11,1,-1.3283304,1.61007991261725e-11,"STRG.3572"
90954,1,"arahy.Tifrunner.gnm2.ann2.Ah08g070300",-7.4384694,-0.9965507,1.01858679473529e-13,1.32108675907492e-11,1,-0.9965507,1.32108675907492e-11,"arahy.Tifrunner.gnm2.ann2.Ah08g070300"
90955,1,"arahy.Tifrunner.gnm2.ann2.Ah18g018400",-7.4614825,-2.1365628,8.55541836897403e-14,1.12891845167876e-11,1,-2.1365628,1.12891845167876e-11,"arahy.Tifrunner.gnm2.ann2.Ah18g018400"
90956,1,"arahy.Tifrunner.gnm2.ann2.Ah20g317100",-7.50279,-0.43549076,6.24734989800941e-14,8.29167220865832e-12,1,-0.43549076,8.29167220865832e-12,"arahy.Tifrunner.gnm2.ann2.Ah20g317100"
90957,1,"STRG.2561",-7.533589,-1.0431383,4.93644019888106e-14,6.59022004732731e-12,1,-1.0431383,6.59022004732731e-12,"STRG.2561"
90958,1,"arahy.Tifrunner.gnm2.ann2.Ah03g532700",-7.6251225,-1.303977,2.43802925169226e-14,3.33299830792909e-12,1,-1.303977,3.33299830792909e-12,"arahy.Tifrunner.gnm2.ann2.Ah03g532700"
90959,1,"arahy.Tifrunner.gnm2.ann2.Ah13g355600",-7.6268444,-0.8561156,2.40569341875393e-14,3.29869840949861e-12,1,-0.8561156,3.29869840949861e-12,"arahy.Tifrunner.gnm2.ann2.Ah13g355600"
90960,1,"STRG.36",-7.696662,-1.1416106,1.39666920930108e-14,1.92672633588553e-12,1,-1.1416106,1.92672633588553e-12,"STRG.36"
90961,1,"STRG.851",-7.7701797,-0.8416521,7.83747717233567e-15,1.08778448412625e-12,1,-0.8416521,1.08778448412625e-12,"STRG.851"
90962,1,"arahy.Tifrunner.gnm2.ann2.Ah20g291000",-7.9312935,-0.9932535,2.16874657301393e-15,3.066149658071e-13,1,-0.9932535,3.066149658071e-13,"arahy.Tifrunner.gnm2.ann2.Ah20g291000"
90963,1,"arahy.Tifrunner.gnm2.ann2.Ah11g258300",-8.110101,-0.24297833,5.05778595762975e-16,7.26342737965731e-14,1,-0.24297833,7.26342737965731e-14,"arahy.Tifrunner.gnm2.ann2.Ah11g258300"
90964,1,"arahy.Tifrunner.gnm2.ann2.Ah20g158000",-8.126182,-1.0450093,4.43025598523372e-16,6.38237257822088e-14,1,-1.0450093,6.38237257822088e-14,"arahy.Tifrunner.gnm2.ann2.Ah20g158000"
90965,1,"STRG.3129",-8.159977,-1.0476271,3.3508728858008e-16,4.85812539022916e-14,1,-1.0476271,4.85812539022916e-14,"STRG.3129"
90966,1,"arahy.Tifrunner.gnm2.ann2.Ah08g267500",-8.182229,-1.8466145,2.78641521185768e-16,4.06566558027593e-14,1,-1.8466145,4.06566558027593e-14,"arahy.Tifrunner.gnm2.ann2.Ah08g267500"
90967,1,"STRG.885",-8.184283,-0.64534694,2.73929424704912e-16,4.00976306439435e-14,1,-0.64534694,4.00976306439435e-14,"STRG.885"
90968,1,"arahy.Tifrunner.gnm2.ann2.Ah15g173600",-8.186736,-1.1845115,2.68406816477175e-16,3.94159739138933e-14,1,-1.1845115,3.94159739138933e-14,"arahy.Tifrunner.gnm2.ann2.Ah15g173600"
90969,1,"arahy.Tifrunner.gnm2.ann2.Ah19g489100",-8.288204,-1.1940256,1.14971227922215e-16,1.71044123527154e-14,1,-1.1940256,1.71044123527154e-14,"arahy.Tifrunner.gnm2.ann2.Ah19g489100"
90970,1,"arahy.Tifrunner.gnm2.ann2.Ah01g244400",-8.371991,-0.22231719,5.665250914284e-17,8.51171229775131e-15,1,-0.22231719,8.51171229775131e-15,"arahy.Tifrunner.gnm2.ann2.Ah01g244400"
90971,1,"arahy.Tifrunner.gnm2.ann2.Ah13g088900",-8.377571,-1.3254132,5.40312325939817e-17,8.14476103512722e-15,1,-1.3254132,8.14476103512722e-15,"arahy.Tifrunner.gnm2.ann2.Ah13g088900"
90972,1,"STRG.3365",-8.405551,-1.0637811,4.25859180696866e-17,6.44080177476549e-15,1,-1.0637811,6.44080177476549e-15,"STRG.3365"
90973,1,"arahy.Tifrunner.gnm2.ann2.Ah07g188100",-8.427113,-0.18316951,3.54297745475302e-17,5.37635018833921e-15,1,-0.18316951,5.37635018833921e-15,"arahy.Tifrunner.gnm2.ann2.Ah07g188100"
90974,1,"arahy.Tifrunner.gnm2.ann2.Ah09g033900",-8.446017,-1.2923877,3.01408044912665e-17,4.58906349050307e-15,1,-1.2923877,4.58906349050307e-15,"arahy.Tifrunner.gnm2.ann2.Ah09g033900"
90975,1,"STRG.2534",-8.454172,-0.9129914,2.81075447613671e-17,4.29385190508885e-15,1,-0.9129914,4.29385190508885e-15,"STRG.2534"
90976,1,"STRG.409",-8.476379,-0.9929295,2.32311000209708e-17,3.56085049614369e-15,1,-0.9929295,3.56085049614369e-15,"STRG.409"
90977,1,"arahy.Tifrunner.gnm2.ann2.Ah10g200900",-8.561876,-0.22698824,1.11045103472088e-17,1.73123879810388e-15,1,-0.22698824,1.73123879810388e-15,"arahy.Tifrunner.gnm2.ann2.Ah10g200900"
90978,1,"arahy.Tifrunner.gnm2.ann2.Ah13g010100",-8.806844,-0.7386228,1.28718837579434e-18,2.07794197232842e-16,1,-0.7386228,2.07794197232842e-16,"arahy.Tifrunner.gnm2.ann2.Ah13g010100"
90979,1,"STRG.6031",-8.819661,-0.94123346,1.14806646607505e-18,1.85994938795732e-16,1,-0.94123346,1.85994938795732e-16,"STRG.6031"
90980,1,"arahy.Tifrunner.gnm2.ann2.Ah18g113300",-8.838488,-1.1094681,9.70229569352371e-19,1.57745467554276e-16,1,-1.1094681,1.57745467554276e-16,"arahy.Tifrunner.gnm2.ann2.Ah18g113300"
90981,1,"arahy.Tifrunner.gnm2.ann2.Ah05g172300",-8.879685,-1.3897672,6.70498344684408e-19,1.10995515066956e-16,1,-1.3897672,1.10995515066956e-16,"arahy.Tifrunner.gnm2.ann2.Ah05g172300"
90982,1,"arahy.Tifrunner.gnm2.ann2.Ah13g517000",-9.140049,-1.4657042,6.24238095315721e-20,1.09721293633795e-17,1,-1.4657042,1.09721293633795e-17,"arahy.Tifrunner.gnm2.ann2.Ah13g517000"
90983,1,"arahy.Tifrunner.gnm2.ann2.Ah03g031500",-9.2265,-1.5176481,2.79620578698639e-20,4.99194008810857e-18,1,-1.5176481,4.99194008810857e-18,"arahy.Tifrunner.gnm2.ann2.Ah03g031500"
90984,1,"arahy.Tifrunner.gnm2.ann2.Ah17g259000",-9.234026,-0.2797853,2.60647091075109e-20,4.67153471421387e-18,1,-0.2797853,4.67153471421387e-18,"arahy.Tifrunner.gnm2.ann2.Ah17g259000"
90985,1,"arahy.Tifrunner.gnm2.ann2.Ah20g256900",-9.427807,-0.7171703,4.18752339193673e-21,7.65593634114568e-19,1,-0.7171703,7.65593634114568e-19,"arahy.Tifrunner.gnm2.ann2.Ah20g256900"
90986,1,"STRG.3194",-9.441423,-2.3410509,3.67750503413074e-21,6.77792466290559e-19,1,-2.3410509,6.77792466290559e-19,"STRG.3194"
90987,1,"arahy.Tifrunner.gnm2.ann2.Ah17g482000",-9.470885,-1.123467,2.77481398863806e-21,5.17707508273602e-19,1,-1.123467,5.17707508273602e-19,"arahy.Tifrunner.gnm2.ann2.Ah17g482000"
90988,1,"arahy.Tifrunner.gnm2.ann2.Ah15g092900",-9.535487,-0.8675303,1.49183202630302e-21,2.79482144713656e-19,1,-0.8675303,2.79482144713656e-19,"arahy.Tifrunner.gnm2.ann2.Ah15g092900"
90989,1,"arahy.Tifrunner.gnm2.ann2.Ah18g476200",-9.694798,-0.73451716,3.17263544066561e-22,6.06853175633871e-20,1,-0.73451716,6.06853175633871e-20,"arahy.Tifrunner.gnm2.ann2.Ah18g476200"
90990,1,"STRG.345",-9.989191,-0.99118066,1.69963869320592e-23,3.37879265805704e-21,1,-0.99118066,3.37879265805704e-21,"STRG.345"
90991,1,"arahy.Tifrunner.gnm2.ann2.Ah17g409000",-10.020283,-1.6822071,1.24147764475046e-23,2.47881703068508e-21,1,-1.6822071,2.47881703068508e-21,"arahy.Tifrunner.gnm2.ann2.Ah17g409000"
90992,1,"arahy.Tifrunner.gnm2.ann2.Ah08g220800",-10.086604,-1.090964,6.33224340587959e-24,1.28119577248561e-21,1,-1.090964,1.28119577248561e-21,"arahy.Tifrunner.gnm2.ann2.Ah08g220800"
90993,1,"arahy.Tifrunner.gnm2.ann2.Ah04g152300",-10.094716,-0.4335366,5.82993200661982e-24,1.1901427115218e-21,1,-0.4335366,1.1901427115218e-21,"arahy.Tifrunner.gnm2.ann2.Ah04g152300"
90994,1,"arahy.Tifrunner.gnm2.ann2.Ah17g300600",-10.138782,-0.26736373,3.71705761010026e-24,7.65680229150245e-22,1,-0.26736373,7.65680229150245e-22,"arahy.Tifrunner.gnm2.ann2.Ah17g300600"
90995,1,"STRG.5429",-10.242063,-1.2459357,1.2846770484984e-24,2.65834717981097e-22,1,-1.2459357,2.65834717981097e-22,"STRG.5429"
90996,1,"arahy.Tifrunner.gnm2.ann2.Ah09g320700",-10.298379,-1.4085149,7.16588172511832e-25,1.4964201819004e-22,1,-1.4085149,1.4964201819004e-22,"arahy.Tifrunner.gnm2.ann2.Ah09g320700"
90997,1,"arahy.Tifrunner.gnm2.ann2.Ah0g018000",-10.415906,-1.3099294,2.09790548247655e-25,4.48380512602172e-23,1,-1.3099294,4.48380512602172e-23,"arahy.Tifrunner.gnm2.ann2.Ah0g018000"
90998,1,"STRG.1658",-10.496936,-1.5512028,8.92299177034455e-26,1.94358984379505e-23,1,-1.5512028,1.94358984379505e-23,"STRG.1658"
90999,1,"STRG.4258",-10.4970255,-0.3380541,8.91445468326682e-26,1.94358984379505e-23,1,-0.3380541,1.94358984379505e-23,"STRG.4258"
91000,1,"arahy.Tifrunner.gnm2.ann2.Ah17g302200",-10.528985,-0.24181706,6.35157112415909e-26,1.40673477425072e-23,1,-0.24181706,1.40673477425072e-23,"arahy.Tifrunner.gnm2.ann2.Ah17g302200"
91001,1,"arahy.Tifrunner.gnm2.ann2.Ah16g037700",-10.598323,-1.8283907,3.03370225407445e-26,6.87095827932763e-24,1,-1.8283907,6.87095827932763e-24,"arahy.Tifrunner.gnm2.ann2.Ah16g037700"
91002,1,"arahy.Tifrunner.gnm2.ann2.Ah0g051700",-10.614771,-1.3958014,2.5441860261784e-26,5.79107623278728e-24,1,-1.3958014,5.79107623278728e-24,"arahy.Tifrunner.gnm2.ann2.Ah0g051700"
91003,1,"arahy.Tifrunner.gnm2.ann2.Ah0g045300",-10.661565,-0.33237562,1.5398490412863e-26,3.54040847250089e-24,1,-0.33237562,3.54040847250089e-24,"arahy.Tifrunner.gnm2.ann2.Ah0g045300"
91004,1,"arahy.Tifrunner.gnm2.ann2.Ah03g486200",-10.831737,-1.5940357,2.43493888641905e-27,5.62681004392594e-25,1,-1.5940357,5.62681004392594e-25,"arahy.Tifrunner.gnm2.ann2.Ah03g486200"
91005,1,"STRG.1171",-10.872661,-1.0048074,1.55596679748351e-27,3.61397104533873e-25,1,-1.0048074,3.61397104533873e-25,"STRG.1171"
91006,1,"STRG.5244",-11.15624,-1.4614724,6.67550842843287e-29,1.59107772615695e-26,1,-1.4614724,1.59107772615695e-26,"STRG.5244"
91007,1,"arahy.Tifrunner.gnm2.ann2.Ah17g262200",-11.198627,-0.58429873,4.14097583270568e-29,1.00273289259624e-26,1,-0.58429873,1.00273289259624e-26,"arahy.Tifrunner.gnm2.ann2.Ah17g262200"
91008,1,"STRG.3892",-11.228769,-1.3994176,2.94552420202406e-29,7.17069752796489e-27,1,-1.3994176,7.17069752796489e-27,"STRG.3892"
91009,1,"arahy.Tifrunner.gnm2.ann2.Ah12g106400",-11.424082,-0.33774903,3.16986856695749e-30,7.84266829577026e-28,1,-0.33774903,7.84266829577026e-28,"arahy.Tifrunner.gnm2.ann2.Ah12g106400"
91010,1,"STRG.6440",-11.4462385,-1.393418,2.45572763864811e-30,6.10899153124681e-28,1,-1.393418,6.10899153124681e-28,"STRG.6440"
91011,1,"arahy.Tifrunner.gnm2.ann2.Ah10g172800",-11.682817,-1.0968432,1.56037064838133e-31,3.94635074427287e-29,1,-1.0968432,3.94635074427287e-29,"arahy.Tifrunner.gnm2.ann2.Ah10g172800"
91012,1,"arahy.Tifrunner.gnm2.ann2.Ah03g031700",-11.927418,-1.4884735,8.51745774306113e-33,2.19067088302325e-30,1,-1.4884735,2.19067088302325e-30,"arahy.Tifrunner.gnm2.ann2.Ah03g031700"
91013,1,"arahy.Tifrunner.gnm2.ann2.Ah13g051400",-12.037683,-1.7422726,2.25192536241391e-33,5.92581793055092e-31,1,-1.7422726,5.92581793055092e-31,"arahy.Tifrunner.gnm2.ann2.Ah13g051400"
91014,1,"arahy.Tifrunner.gnm2.ann2.Ah12g166200",-12.052796,-1.061565,1.87479955271876e-33,4.96211481616098e-31,1,-1.061565,4.96211481616098e-31,"arahy.Tifrunner.gnm2.ann2.Ah12g166200"
91015,1,"arahy.Tifrunner.gnm2.ann2.Ah13g051300",-12.235307,-1.2795461,2.0134341543587e-34,5.36020914871494e-32,1,-1.2795461,5.36020914871494e-32,"arahy.Tifrunner.gnm2.ann2.Ah13g051300"
91016,1,"STRG.6388",-12.298718,-0.7227951,9.20222502446736e-35,2.46424760008148e-32,1,-0.7227951,2.46424760008148e-32,"STRG.6388"
91017,1,"arahy.Tifrunner.gnm2.ann2.Ah02g197000",-12.531743,-0.36479318,5.00502874640699e-36,1.34821851273037e-33,1,-0.36479318,1.34821851273037e-33,"arahy.Tifrunner.gnm2.ann2.Ah02g197000"
91018,1,"arahy.Tifrunner.gnm2.ann2.Ah01g246600",-12.767902,-0.35474527,2.47742667468198e-37,6.83529526898318e-35,1,-0.35474527,6.83529526898318e-35,"arahy.Tifrunner.gnm2.ann2.Ah01g246600"
91019,1,"arahy.Tifrunner.gnm2.ann2.Ah03g031400",-13.031024,-1.5189376,8.1506405501031e-39,2.27637889817726e-36,1,-1.5189376,2.27637889817726e-36,"arahy.Tifrunner.gnm2.ann2.Ah03g031400"
91020,1,"STRG.330",-13.088139,-1.2862157,3.84924997019815e-39,1.09520784777063e-36,1,-1.2862157,1.09520784777063e-36,"STRG.330"
91021,1,"arahy.Tifrunner.gnm2.ann2.Ah16g226800",-13.701969,-0.35995463,9.88080946685523e-43,2.95930243532314e-40,1,-0.35995463,2.95930243532314e-40,"arahy.Tifrunner.gnm2.ann2.Ah16g226800"
91022,1,"arahy.Tifrunner.gnm2.ann2.Ah07g120100",-14.262009,-0.8391601,3.77430210328887e-46,1.18497468241464e-43,1,-0.8391601,1.18497468241464e-43,"arahy.Tifrunner.gnm2.ann2.Ah07g120100"
91023,1,"arahy.Tifrunner.gnm2.ann2.Ah07g015900",-14.310706,-1.2021217,1.87599282991853e-46,5.93074288813967e-44,1,-1.2021217,5.93074288813967e-44,"arahy.Tifrunner.gnm2.ann2.Ah07g015900"
91024,1,"STRG.231",-14.369912,-1.3426481,7.99330818470678e-47,2.56258705493374e-44,1,-1.3426481,2.56258705493374e-44,"STRG.231"
91025,1,"arahy.Tifrunner.gnm2.ann2.Ah19g291900",-14.790271,-1.6560171,1.69271031470119e-49,5.66609885047476e-47,1,-1.6560171,5.66609885047476e-47,"arahy.Tifrunner.gnm2.ann2.Ah19g291900"
91026,1,"arahy.Tifrunner.gnm2.ann2.Ah19g300100",-14.862804,-0.29192236,5.74681219259067e-50,1.93791020929998e-47,1,-0.29192236,1.93791020929998e-47,"arahy.Tifrunner.gnm2.ann2.Ah19g300100"
91027,1,"arahy.Tifrunner.gnm2.ann2.Ah09g220200",-14.926163,-1.6066182,2.2271813550222e-50,7.56643313477841e-48,1,-1.6066182,7.56643313477841e-48,"arahy.Tifrunner.gnm2.ann2.Ah09g220200"
91028,1,"arahy.Tifrunner.gnm2.ann2.Ah17g130900",-14.991612,-1.1246079,8.33057749343602e-51,2.85143766775324e-48,1,-1.1246079,2.85143766775324e-48,"arahy.Tifrunner.gnm2.ann2.Ah17g130900"
91029,1,"arahy.Tifrunner.gnm2.ann2.Ah13g051500",-15.004962,-1.3841819,6.81295563183204e-51,2.3496438801782e-48,1,-1.3841819,2.3496438801782e-48,"arahy.Tifrunner.gnm2.ann2.Ah13g051500"
91030,1,"arahy.Tifrunner.gnm2.ann2.Ah20g236100",-15.189495,-1.2252849,4.15103927302068e-52,1.45363009126918e-49,1,-1.2252849,1.45363009126918e-49,"arahy.Tifrunner.gnm2.ann2.Ah20g236100"
91031,1,"STRG.4510",-15.226946,-1.2297643,2.3428408196422e-52,8.26786709096058e-50,1,-1.2297643,8.26786709096058e-50,"STRG.4510"
91032,1,"STRG.6963",-15.438625,-1.3758686,8.99984541597512e-54,3.25165843426073e-51,1,-1.3758686,3.25165843426073e-51,"STRG.6963"
91033,1,"arahy.Tifrunner.gnm2.ann2.Ah17g260500",-16.23892,-0.32514244,2.67592485313905e-59,1.03236273740934e-56,1,-0.32514244,1.03236273740934e-56,"arahy.Tifrunner.gnm2.ann2.Ah17g260500"
91034,1,"STRG.2766",-16.914892,-1.4846985,3.49453643137628e-64,1.44622978638158e-61,1,-1.4846985,1.44622978638158e-61,"STRG.2766"
91035,1,"arahy.Tifrunner.gnm2.ann2.Ah17g299000",-17.805536,-0.35637727,6.40157477233337e-71,2.85711068564416e-68,1,-0.35637727,2.85711068564416e-68,"arahy.Tifrunner.gnm2.ann2.Ah17g299000"
91036,1,"STRG.6379",-18.695326,-0.86572003,5.40394433302105e-78,2.56259543558802e-75,1,-0.86572003,2.56259543558802e-75,"STRG.6379"
91037,1,"STRG.4813",-19.467903,-1.2930864,2.05515110063871e-84,1.03954109672752e-81,1,-1.2930864,1.03954109672752e-81,"STRG.4813"
91038,1,"arahy.Tifrunner.gnm2.ann2.Ah0g033200",-20.30244,-0.39058805,1.22353559054071e-91,6.79271149070433e-89,1,-0.39058805,6.79271149070433e-89,"arahy.Tifrunner.gnm2.ann2.Ah0g033200"
91039,1,"arahy.Tifrunner.gnm2.ann2.Ah12g145900",-20.38433,-0.60777634,2.30346542297576e-92,1.32737923943732e-89,1,-0.60777634,1.32737923943732e-89,"arahy.Tifrunner.gnm2.ann2.Ah12g145900"
91040,1,"arahy.Tifrunner.gnm2.ann2.Ah0g018100",-21.814518,-0.9674775,1.68943846063299e-105,1.03932427678184e-102,1,-0.9674775,1.03932427678184e-102,"arahy.Tifrunner.gnm2.ann2.Ah0g018100"
91041,1,"STRG.6380",-22.54675,-0.438109,1.44518989894443e-112,9.26631337458398e-110,1,-0.438109,9.26631337458398e-110,"STRG.6380"
91042,1,"arahy.Tifrunner.gnm2.ann2.Ah02g197100",-23.899334,-0.49330384,3.11199118691582e-126,2.17954287374086e-123,1,-0.49330384,2.17954287374086e-123,"arahy.Tifrunner.gnm2.ann2.Ah02g197100"
91043,1,"STRG.6383",-24.511879,-0.9772461,1.10353785048464e-132,7.97419954054961e-130,1,-0.9772461,7.97419954054961e-130,"STRG.6383"
91044,1,"STRG.6974",-24.984316,-1.298112,9.05291995136741e-138,6.86875213110083e-135,1,-1.298112,6.86875213110083e-135,"STRG.6974"
91045,1,"STRG.1847",-25.348022,-1.3577032,9.44919350124373e-142,7.41663939570034e-139,1,-1.3577032,7.41663939570034e-139,"STRG.1847"
91046,1,"STRG.6975",-30.54353,-1.317597,6.89190192887079e-205,7.47016531928366e-202,1,-1.317597,7.47016531928366e-202,"STRG.6975"
91047,1,"STRG.7087",-33.706398,-0.78084165,4.65859294101209e-249,5.89104958462873e-246,1,-0.78084165,5.89104958462873e-246,"STRG.7087"
91048,2,"arahy.Tifrunner.gnm2.ann2.Ah07g120100",56.841175,2.5296512,0,0,2,2.5296512,0,"arahy.Tifrunner.gnm2.ann2.Ah07g120100"
91049,2,"arahy.Tifrunner.gnm2.ann2.Ah17g130900",48.784187,2.5957508,0,0,2,2.5957508,0,"arahy.Tifrunner.gnm2.ann2.Ah17g130900"
91050,2,"arahy.Tifrunner.gnm2.ann2.Ah08g165700",48.354828,2.1938403,0,0,2,2.1938403,0,"arahy.Tifrunner.gnm2.ann2.Ah08g165700"
91051,2,"STRG.2766",43.301785,2.6886797,0,0,2,2.6886797,0,"STRG.2766"
91052,2,"arahy.Tifrunner.gnm2.ann2.Ah18g045800",41.662388,2.031115,0,0,2,2.031115,0,"arahy.Tifrunner.gnm2.ann2.Ah18g045800"
91053,2,"arahy.Tifrunner.gnm2.ann2.Ah13g051500",38.968643,2.4413972,0,0,2,2.4413972,0,"arahy.Tifrunner.gnm2.ann2.Ah13g051500"
91054,2,"STRG.192",36.6489,1.5537698,4.76459191524966e-294,3.09861831928322e-290,2,1.5537698,3.09861831928322e-290,"STRG.192"
91055,2,"STRG.231",35.814392,2.3236375,6.59399170797869e-281,3.75231098142527e-277,2,2.3236375,3.75231098142527e-277,"STRG.231"
91056,2,"STRG.330",35.305557,2.4408295,4.82539682604396e-273,2.44079294565361e-269,2,2.4408295,2.44079294565361e-269,"STRG.330"
91057,2,"arahy.Tifrunner.gnm2.ann2.Ah12g166200",35.22375,2.09281,8.65806549599466e-272,3.94149773639661e-268,2,2.09281,3.94149773639661e-268,"arahy.Tifrunner.gnm2.ann2.Ah12g166200"
91058,2,"arahy.Tifrunner.gnm2.ann2.Ah13g051300",34.2812,2.4299462,1.49595960320101e-257,6.19109681601115e-254,2,2.4299462,6.19109681601115e-254,"arahy.Tifrunner.gnm2.ann2.Ah13g051300"
91059,2,"arahy.Tifrunner.gnm2.ann2.Ah03g031400",33.433407,2.5219555,4.48502640610779e-245,1.70146951759709e-241,2,2.5219555,1.70146951759709e-241,"arahy.Tifrunner.gnm2.ann2.Ah03g031400"
91060,2,"arahy.Tifrunner.gnm2.ann2.Ah09g220200",32.953968,2.3581057,3.71166109514286e-238,1.29976661304064e-234,2,2.3581057,1.29976661304064e-234,"arahy.Tifrunner.gnm2.ann2.Ah09g220200"
91061,2,"arahy.Tifrunner.gnm2.ann2.Ah06g147500",32.622124,1.461113,1.99207383598018e-233,6.47765495065442e-230,2,1.461113,6.47765495065442e-230,"arahy.Tifrunner.gnm2.ann2.Ah06g147500"
91062,2,"arahy.Tifrunner.gnm2.ann2.Ah03g031700",31.387743,2.5032823,2.97408526372448e-216,9.02615050305288e-213,2,2.5032823,9.02615050305288e-213,"arahy.Tifrunner.gnm2.ann2.Ah03g031700"
91063,2,"arahy.Tifrunner.gnm2.ann2.Ah03g486200",30.865942,2.785093,3.42338475782271e-209,9.74038548219505e-206,2,2.785093,9.74038548219505e-206,"arahy.Tifrunner.gnm2.ann2.Ah03g486200"
91064,2,"arahy.Tifrunner.gnm2.ann2.Ah16g037700",29.426256,2.8746648,2.53462485255978e-190,6.78742716399596e-187,2,2.8746648,6.78742716399596e-187,"arahy.Tifrunner.gnm2.ann2.Ah16g037700"
91065,2,"arahy.Tifrunner.gnm2.ann2.Ah19g291900",29.405243,2.1805713,4.70615297736831e-190,1.19023837856508e-186,2,2.1805713,1.19023837856508e-186,"arahy.Tifrunner.gnm2.ann2.Ah19g291900"
91066,2,"arahy.Tifrunner.gnm2.ann2.Ah13g051400",28.784195,2.5854595,3.38282847381239e-182,8.10525702325448e-179,2,2.5854595,8.10525702325448e-179,"arahy.Tifrunner.gnm2.ann2.Ah13g051400"
91067,2,"STRG.409",28.619417,2.2559214,3.85238459390058e-180,8.7687978126365e-177,2,2.2559214,8.7687978126365e-177,"STRG.409"
91068,2,"arahy.Tifrunner.gnm2.ann2.Ah13g517000",26.145872,2.5602536,1.09799475170609e-150,2.38024347984133e-147,2,2.5602536,2.38024347984133e-147,"arahy.Tifrunner.gnm2.ann2.Ah13g517000"
91069,2,"arahy.Tifrunner.gnm2.ann2.Ah03g031500",25.745464,2.6524389,3.62341440714009e-146,6.87301322794357e-143,2,2.6524389,6.87301322794357e-143,"arahy.Tifrunner.gnm2.ann2.Ah03g031500"
91070,2,"arahy.Tifrunner.gnm2.ann2.Ah13g228200",25.300245,2.050677,3.17440372545805e-141,5.55813673837508e-138,2,2.050677,5.55813673837508e-138,"arahy.Tifrunner.gnm2.ann2.Ah13g228200"
91071,2,"STRG.2911",22.995184,0.940529,5.20841263567066e-117,8.78176951208412e-114,2,0.940529,8.78176951208412e-114,"STRG.2911"
91072,2,"STRG.2561",22.862064,2.0896325,1.1086326924815e-115,1.80247838187599e-112,2,2.0896325,1.80247838187599e-112,"STRG.2561"
91073,2,"arahy.Tifrunner.gnm2.ann2.Ah02g092500",21.851744,0.9187685,7.48204436302609e-106,1.17452616407724e-102,2,0.9187685,1.17452616407724e-102,"arahy.Tifrunner.gnm2.ann2.Ah02g092500"
91074,2,"STRG.3572",20.598646,2.2744217,2.82221929763595e-94,4.14447455824449e-91,2,2.2744217,4.14447455824449e-91,"STRG.3572"
91075,2,"arahy.Tifrunner.gnm2.ann2.Ah01g106500",19.691051,1.0920422,2.5729152512604e-86,3.66029355932433e-83,2,1.0920422,3.66029355932433e-83,"arahy.Tifrunner.gnm2.ann2.Ah01g106500"
91076,2,"arahy.Tifrunner.gnm2.ann2.Ah03g532700",19.404722,2.2153273,7.03988904010599e-84,9.42599731358191e-81,2,2.2153273,9.42599731358191e-81,"arahy.Tifrunner.gnm2.ann2.Ah03g532700"
91077,2,"STRG.100",18.686707,1.6666349,6.35141801673269e-78,8.26119867982112e-75,2,1.6666349,8.26119867982112e-75,"STRG.100"
91078,2,"arahy.Tifrunner.gnm2.ann2.Ah09g327600",17.448101,2.1799536,3.55866474625512e-68,4.26328036601364e-65,2,2.1799536,4.26328036601364e-65,"arahy.Tifrunner.gnm2.ann2.Ah09g327600"
91079,2,"arahy.Tifrunner.gnm2.ann2.Ah16g130000",17.322172,2.192758,3.2005017848512e-67,3.64249108133915e-64,2,2.192758,3.64249108133915e-64,"arahy.Tifrunner.gnm2.ann2.Ah16g130000"
91080,2,"arahy.Tifrunner.gnm2.ann2.Ah03g009400",14.728709,2.9158297,4.21684643382513e-49,3.91770851129501e-46,2,2.9158297,3.91770851129501e-46,"arahy.Tifrunner.gnm2.ann2.Ah03g009400"
91081,2,"arahy.Tifrunner.gnm2.ann2.Ah13g068900",13.821871,2.3571851,1.88117122302776e-43,1.64689305302146e-40,2,2.3571851,1.64689305302146e-40,"arahy.Tifrunner.gnm2.ann2.Ah13g068900"
91082,2,"arahy.Tifrunner.gnm2.ann2.Ah19g415300",13.741176,2.5879693,5.7533707550704e-43,4.9418198161099e-40,2,2.5879693,4.9418198161099e-40,"arahy.Tifrunner.gnm2.ann2.Ah19g415300"
91083,2,"arahy.Tifrunner.gnm2.ann2.Ah20g394100",13.685901,2.4503667,1.23270874330117e-42,1.03921912648227e-39,2,2.4503667,1.03921912648227e-39,"arahy.Tifrunner.gnm2.ann2.Ah20g394100"
91084,2,"STRG.6975",13.489015,0.51070327,1.81510574865142e-41,1.47555132324299e-38,2,0.51070327,1.47555132324299e-38,"STRG.6975"
91085,2,"STRG.2287",12.773973,1.4449797,2.29150945136413e-37,1.79859786661898e-34,2,1.4449797,1.79859786661898e-34,"STRG.2287"
91086,2,"arahy.Tifrunner.gnm2.ann2.Ah13g517400",12.764959,1.9173398,2.57284776180743e-37,1.98519188997494e-34,2,1.9173398,1.98519188997494e-34,"arahy.Tifrunner.gnm2.ann2.Ah13g517400"
91087,2,"arahy.Tifrunner.gnm2.ann2.Ah03g043100",12.648103,2.257558,1.14608520472622e-36,8.6957304766594e-34,2,2.257558,8.6957304766594e-34,"arahy.Tifrunner.gnm2.ann2.Ah03g043100"
91088,2,"arahy.Tifrunner.gnm2.ann2.Ah13g228600",12.027808,1.868775,2.53809543947976e-33,1.75067055737692e-30,2,1.868775,1.75067055737692e-30,"arahy.Tifrunner.gnm2.ann2.Ah13g228600"
91089,2,"STRG.5826",11.995606,2.1099079,3.74662837869509e-33,2.54569418375695e-30,2,2.1099079,2.54569418375695e-30,"STRG.5826"
91090,2,"STRG.4813",11.391191,0.6417758,4.62624708957698e-30,2.8080703000787e-27,2,0.6417758,2.8080703000787e-27,"STRG.4813"
91091,2,"arahy.Tifrunner.gnm2.ann2.Ah01g348000",11.022964,2.0244946,2.96146576896671e-28,1.66441688477087e-25,2,2.0244946,1.66441688477087e-25,"arahy.Tifrunner.gnm2.ann2.Ah01g348000"
91092,2,"arahy.Tifrunner.gnm2.ann2.Ah17g482000",10.757717,0.9691668,5.45036821575603e-27,2.95384003159616e-24,2,0.9691668,2.95384003159616e-24,"arahy.Tifrunner.gnm2.ann2.Ah17g482000"
91093,2,"arahy.Tifrunner.gnm2.ann2.Ah06g124400",10.469155,2.8500824,1.19706365687662e-25,6.19262794496038e-23,2,2.8500824,6.19262794496038e-23,"arahy.Tifrunner.gnm2.ann2.Ah06g124400"
91094,2,"arahy.Tifrunner.gnm2.ann2.Ah18g036100",10.271292,2.4558315,9.49251058508489e-25,4.85547249298207e-22,2,2.4558315,4.85547249298207e-22,"arahy.Tifrunner.gnm2.ann2.Ah18g036100"
91095,2,"arahy.Tifrunner.gnm2.ann2.Ah17g409000",10.11619,1.1132412,4.68290241323003e-24,2.31722227673787e-21,2,1.1132412,2.31722227673787e-21,"arahy.Tifrunner.gnm2.ann2.Ah17g409000"
91096,2,"arahy.Tifrunner.gnm2.ann2.Ah16g011500",9.746971,0.73776466,1.90054899169742e-22,9.01256169771181e-20,2,0.73776466,9.01256169771181e-20,"arahy.Tifrunner.gnm2.ann2.Ah16g011500"
91097,2,"arahy.Tifrunner.gnm2.ann2.Ah14g469900",9.448932,1.4676366,3.42306836056668e-21,1.49838234660036e-18,2,1.4676366,1.49838234660036e-18,"arahy.Tifrunner.gnm2.ann2.Ah14g469900"
91098,2,"STRG.2499",9.297878,1.6528517,1.43276447661189e-20,6.15331792766789e-18,2,1.6528517,6.15331792766789e-18,"STRG.2499"
91099,2,"arahy.Tifrunner.gnm2.ann2.Ah06g157000",9.233977,0.67491555,2.60763898468307e-20,1.10757528226059e-17,2,0.67491555,1.10757528226059e-17,"arahy.Tifrunner.gnm2.ann2.Ah06g157000"
91100,2,"arahy.Tifrunner.gnm2.ann2.Ah20g236100",9.040802,0.5843708,1.55526969212075e-19,6.32161584500938e-17,2,0.5843708,6.32161584500938e-17,"arahy.Tifrunner.gnm2.ann2.Ah20g236100"
91101,2,"arahy.Tifrunner.gnm2.ann2.Ah19g489100",8.767031,0.87690824,1.83440357744568e-18,7.07706681861331e-16,2,0.87690824,7.07706681861331e-16,"arahy.Tifrunner.gnm2.ann2.Ah19g489100"
91102,2,"arahy.Tifrunner.gnm2.ann2.Ah03g466900",8.711732,1.3949238,2.99266565291854e-18,1.14485807717196e-15,2,1.3949238,1.14485807717196e-15,"arahy.Tifrunner.gnm2.ann2.Ah03g466900"
91103,2,"arahy.Tifrunner.gnm2.ann2.Ah20g256900",8.665814,0.5843829,4.48296630500459e-18,1.70068798390857e-15,2,0.5843829,1.70068798390857e-15,"arahy.Tifrunner.gnm2.ann2.Ah20g256900"
91104,2,"arahy.Tifrunner.gnm2.ann2.Ah02g344400",8.6408615,1.0210764,5.57907055022118e-18,2.0990215514733e-15,2,1.0210764,2.0990215514733e-15,"arahy.Tifrunner.gnm2.ann2.Ah02g344400"
91105,2,"arahy.Tifrunner.gnm2.ann2.Ah09g148200",8.468479,1.5049574,2.48616967967385e-17,9.12745068528002e-15,2,1.5049574,9.12745068528002e-15,"arahy.Tifrunner.gnm2.ann2.Ah09g148200"
91106,2,"arahy.Tifrunner.gnm2.ann2.Ah13g010100",8.424611,0.6274056,3.61949161836798e-17,1.31818989147667e-14,2,0.6274056,1.31818989147667e-14,"arahy.Tifrunner.gnm2.ann2.Ah13g010100"
91107,2,"arahy.Tifrunner.gnm2.ann2.Ah13g088900",8.275087,1.0248182,1.28361480275999e-16,4.60120317172015e-14,2,1.0248182,4.60120317172015e-14,"arahy.Tifrunner.gnm2.ann2.Ah13g088900"
91108,2,"arahy.Tifrunner.gnm2.ann2.Ah0g018100",8.260158,0.33797923,1.4548015966017e-16,5.13398355687563e-14,2,0.33797923,5.13398355687563e-14,"arahy.Tifrunner.gnm2.ann2.Ah0g018100"
91109,2,"arahy.Tifrunner.gnm2.ann2.Ah03g031100",8.189057,2.121632,2.63280935835497e-16,8.94447859923521e-14,2,2.121632,8.94447859923521e-14,"arahy.Tifrunner.gnm2.ann2.Ah03g031100"
91110,2,"STRG.6974",8.073256,0.3683717,6.84482609721996e-16,2.29120487683707e-13,2,0.3683717,2.29120487683707e-13,"STRG.6974"
91111,2,"arahy.Tifrunner.gnm2.ann2.Ah02g089300",7.940824,1.5061386,2.00842298799945e-15,6.53081772183477e-13,2,1.5061386,6.53081772183477e-13,"arahy.Tifrunner.gnm2.ann2.Ah02g089300"
91112,2,"arahy.Tifrunner.gnm2.ann2.Ah03g476900",7.9173126,1.7675194,2.42699335450237e-15,7.72632485806755e-13,2,1.7675194,7.72632485806755e-13,"arahy.Tifrunner.gnm2.ann2.Ah03g476900"
91113,2,"arahy.Tifrunner.gnm2.ann2.Ah11g441000",7.8748317,1.9531593,3.41201936886846e-15,1.07867201214144e-12,2,1.9531593,1.07867201214144e-12,"arahy.Tifrunner.gnm2.ann2.Ah11g441000"
91114,2,"STRG.6963",7.8185754,0.52979517,5.34245109059445e-15,1.67215064009873e-12,2,0.52979517,1.67215064009873e-12,"STRG.6963"
91115,2,"arahy.Tifrunner.gnm2.ann2.Ah08g220800",7.749817,0.6885677,9.20250993001833e-15,2.83064231117672e-12,2,0.6885677,2.83064231117672e-12,"arahy.Tifrunner.gnm2.ann2.Ah08g220800"
91116,2,"STRG.7287",7.7005963,0.45091665,1.35432806114727e-14,4.08307487785883e-12,2,0.45091665,4.08307487785883e-12,"STRG.7287"
91117,2,"STRG.5341",7.681346,1.9506792,1.5742601414944e-14,4.71490912377574e-12,2,1.9506792,4.71490912377574e-12,"STRG.5341"
91118,2,"STRG.6383",7.6328244,0.28612792,2.2966586154087e-14,6.83353508548142e-12,2,0.28612792,6.83353508548142e-12,"STRG.6383"
91119,2,"STRG.6231",7.625061,1.9948714,2.43919119825409e-14,7.21050260450124e-12,2,1.9948714,7.21050260450124e-12,"STRG.6231"
91120,2,"arahy.Tifrunner.gnm2.ann2.Ah09g320700",7.609875,0.75690186,2.74360225229201e-14,8.05804831828008e-12,2,0.75690186,8.05804831828008e-12,"arahy.Tifrunner.gnm2.ann2.Ah09g320700"
91121,2,"arahy.Tifrunner.gnm2.ann2.Ah14g401100",7.575687,1.0589694,3.57232948151019e-14,1.04247902125814e-11,2,1.0589694,1.04247902125814e-11,"arahy.Tifrunner.gnm2.ann2.Ah14g401100"
91122,2,"STRG.851",7.402597,0.66818357,1.33546711660617e-13,3.79973781352371e-11,2,0.66818357,3.79973781352371e-11,"STRG.851"
91123,2,"STRG.2665",7.312968,1.9162594,2.61305939530273e-13,7.25347048242449e-11,2,1.9162594,7.25347048242449e-11,"STRG.2665"
91124,2,"STRG.2714",7.2182274,0.73200977,5.26696176150254e-13,1.44441667006411e-10,2,0.73200977,1.44441667006411e-10,"STRG.2714"
91125,2,"STRG.1171",7.188027,0.53349894,6.57343321762081e-13,1.79191002274832e-10,2,0.53349894,1.79191002274832e-10,"STRG.1171"
91126,2,"arahy.Tifrunner.gnm2.ann2.Ah18g394500",7.1795645,1.798655,6.99339532108641e-13,1.89504362260201e-10,2,1.798655,1.89504362260201e-10,"arahy.Tifrunner.gnm2.ann2.Ah18g394500"
91127,2,"STRG.5655",7.168597,0.802007,7.57701013309246e-13,2.04104029170947e-10,2,0.802007,2.04104029170947e-10,"STRG.5655"
91128,2,"arahy.Tifrunner.gnm2.ann2.Ah10g172800",7.1180944,0.5455584,1.09429359907062e-12,2.91325273708134e-10,2,0.5455584,2.91325273708134e-10,"arahy.Tifrunner.gnm2.ann2.Ah10g172800"
91129,2,"arahy.Tifrunner.gnm2.ann2.Ah06g075800",7.1136003,1.5297676,1.13054322982864e-12,2.99225872062321e-10,2,1.5297676,2.99225872062321e-10,"arahy.Tifrunner.gnm2.ann2.Ah06g075800"
91130,2,"STRG.345",7.053293,0.5445875,1.74732258973981e-12,4.54543506144658e-10,2,0.5445875,4.54543506144658e-10,"STRG.345"
91131,2,"arahy.Tifrunner.gnm2.ann2.Ah05g442900",7.014167,1.2870799,2.31323533284719e-12,5.94958899957828e-10,2,1.2870799,5.94958899957828e-10,"arahy.Tifrunner.gnm2.ann2.Ah05g442900"
91132,2,"arahy.Tifrunner.gnm2.ann2.Ah08g109000",6.9585385,0.7784425,3.43820653427044e-12,8.74418515453226e-10,2,0.7784425,8.74418515453226e-10,"arahy.Tifrunner.gnm2.ann2.Ah08g109000"
91133,2,"arahy.Tifrunner.gnm2.ann2.Ah19g550700",6.91925,1.1094373,4.54040697981777e-12,1.14831937416236e-09,2,1.1094373,1.14831937416236e-09,"arahy.Tifrunner.gnm2.ann2.Ah19g550700"
91134,2,"arahy.Tifrunner.gnm2.ann2.Ah10g203800",6.892842,0.5128004,5.4688708669806e-12,1.36793888652981e-09,2,0.5128004,1.36793888652981e-09,"arahy.Tifrunner.gnm2.ann2.Ah10g203800"
91135,2,"arahy.Tifrunner.gnm2.ann2.Ah18g351700",6.8566375,1.7098362,7.0500193086129e-12,1.75379824593057e-09,2,1.7098362,1.75379824593057e-09,"arahy.Tifrunner.gnm2.ann2.Ah18g351700"
91136,2,"STRG.6031",6.8212266,0.61704093,9.02664962429771e-12,2.2333108559594e-09,2,0.61704093,2.2333108559594e-09,"STRG.6031"
91137,2,"STRG.3000",6.813878,1.0602795,9.50021474111782e-12,2.33777176148458e-09,2,1.0602795,2.33777176148458e-09,"STRG.3000"
91138,2,"arahy.Tifrunner.gnm2.ann2.Ah14g078400",6.792803,1.1441836,1.09975750597735e-11,2.69168605925337e-09,2,1.1441836,2.69168605925337e-09,"arahy.Tifrunner.gnm2.ann2.Ah14g078400"
91139,2,"arahy.Tifrunner.gnm2.ann2.Ah20g331800",6.778814,2.6547163,1.21166452122781e-11,2.9497227628008e-09,2,2.6547163,2.9497227628008e-09,"arahy.Tifrunner.gnm2.ann2.Ah20g331800"
91140,2,"arahy.Tifrunner.gnm2.ann2.Ah03g061200",6.663831,0.80598426,2.66780231117495e-11,6.39205433757518e-09,2,0.80598426,6.39205433757518e-09,"arahy.Tifrunner.gnm2.ann2.Ah03g061200"
91141,2,"arahy.Tifrunner.gnm2.ann2.Ah13g506900",6.580763,1.5754172,4.68041219018214e-11,1.10399525671426e-08,2,1.5754172,1.10399525671426e-08,"arahy.Tifrunner.gnm2.ann2.Ah13g506900"
91142,2,"arahy.Tifrunner.gnm2.ann2.Ah13g517300",6.5208764,1.9586049,6.98978405730068e-11,1.61524329657135e-08,2,1.9586049,1.61524329657135e-08,"arahy.Tifrunner.gnm2.ann2.Ah13g517300"
91143,2,"arahy.Tifrunner.gnm2.ann2.Ah13g561800",6.441259,2.611618,1.18486559072709e-10,2.71054377649549e-08,2,2.611618,2.71054377649549e-08,"arahy.Tifrunner.gnm2.ann2.Ah13g561800"
91144,2,"arahy.Tifrunner.gnm2.ann2.Ah07g061600",6.402124,0.51831025,1.53230204197958e-10,3.47047354025266e-08,2,0.51831025,3.47047354025266e-08,"arahy.Tifrunner.gnm2.ann2.Ah07g061600"
91145,2,"STRG.4226",6.399327,0.61007416,1.56063547824548e-10,3.51714700552709e-08,2,0.61007416,3.51714700552709e-08,"STRG.4226"
91146,2,"STRG.5033",6.2947197,0.7165959,3.07956144692379e-10,6.80553181115333e-08,2,0.7165959,6.80553181115333e-08,"STRG.5033"
91147,2,"arahy.Tifrunner.gnm2.ann2.Ah19g200400",6.2773767,1.2025701,3.44333699525375e-10,7.57267987304019e-08,2,1.2025701,7.57267987304019e-08,"arahy.Tifrunner.gnm2.ann2.Ah19g200400"
91148,2,"arahy.Tifrunner.gnm2.ann2.Ah15g541200",6.2734733,1.4502898,3.53081126697378e-10,7.7277236595055e-08,2,1.4502898,7.7277236595055e-08,"arahy.Tifrunner.gnm2.ann2.Ah15g541200"
91149,2,"arahy.Tifrunner.gnm2.ann2.Ah20g008500",6.2240934,1.0649589,4.8434806371836e-10,1.0549981460629e-07,2,1.0649589,1.0549981460629e-07,"arahy.Tifrunner.gnm2.ann2.Ah20g008500"
91150,2,"arahy.Tifrunner.gnm2.ann2.Ah18g113300",6.2189054,0.6009659,5.00634129669668e-10,1.08013592981431e-07,2,0.6009659,1.08013592981431e-07,"arahy.Tifrunner.gnm2.ann2.Ah18g113300"
91151,2,"arahy.Tifrunner.gnm2.ann2.Ah06g037000",6.2009654,1.0237976,5.6117772819471e-10,1.20155404073147e-07,2,1.0237976,1.20155404073147e-07,"arahy.Tifrunner.gnm2.ann2.Ah06g037000"
91152,2,"arahy.Tifrunner.gnm2.ann2.Ah13g355600",6.2000217,0.56255764,5.64553203296638e-10,1.20155404073147e-07,2,0.56255764,1.20155404073147e-07,"arahy.Tifrunner.gnm2.ann2.Ah13g355600"
91153,2,"STRG.5121",6.199945,0.78376323,5.64828584299567e-10,1.20155404073147e-07,2,0.78376323,1.20155404073147e-07,"STRG.5121"
91154,2,"STRG.993",6.1646476,0.64483714,7.06402173600401e-10,1.48880798847151e-07,2,0.64483714,1.48880798847151e-07,"STRG.993"
91155,2,"arahy.Tifrunner.gnm2.ann2.Ah11g482900",6.1462216,2.2798543,7.93504123155924e-10,1.66467657615439e-07,2,2.2798543,1.66467657615439e-07,"arahy.Tifrunner.gnm2.ann2.Ah11g482900"
91156,2,"arahy.Tifrunner.gnm2.ann2.Ah20g200900",6.114065,0.6933034,9.71244917212881e-10,2.01894765347942e-07,2,0.6933034,2.01894765347942e-07,"arahy.Tifrunner.gnm2.ann2.Ah20g200900"
91157,2,"arahy.Tifrunner.gnm2.ann2.Ah20g505400",6.107837,0.6682351,1.00990357113145e-09,2.08976591691764e-07,2,0.6682351,2.08976591691764e-07,"arahy.Tifrunner.gnm2.ann2.Ah20g505400"
91158,2,"arahy.Tifrunner.gnm2.ann2.Ah08g070300",6.065078,0.6344821,1.31889851312991e-09,2.70457368971738e-07,2,0.6344821,2.70457368971738e-07,"arahy.Tifrunner.gnm2.ann2.Ah08g070300"
91159,2,"STRG.3819",6.055154,1.0820646,1.40283404392719e-09,2.86379448501082e-07,2,1.0820646,2.86379448501082e-07,"STRG.3819"
91160,2,"arahy.Tifrunner.gnm2.ann2.Ah16g500400",6.015408,0.7010047,1.79434350834819e-09,3.64668276223406e-07,2,0.7010047,3.64668276223406e-07,"arahy.Tifrunner.gnm2.ann2.Ah16g500400"
91161,2,"arahy.Tifrunner.gnm2.ann2.Ah12g164000",6.0133357,2.1433547,1.81744292984282e-09,3.67721208614065e-07,2,2.1433547,3.67721208614065e-07,"arahy.Tifrunner.gnm2.ann2.Ah12g164000"
91162,2,"STRG.6888",6.000336,1.3806882,1.96909586752446e-09,3.93162808215716e-07,2,1.3806882,3.93162808215716e-07,"STRG.6888"
91163,2,"arahy.Tifrunner.gnm2.ann2.Ah03g486400",5.96783,2.2388203,2.40429415795302e-09,4.75882988028928e-07,2,2.2388203,4.75882988028928e-07,"arahy.Tifrunner.gnm2.ann2.Ah03g486400"
91164,2,"arahy.Tifrunner.gnm2.ann2.Ah15g513400",5.961036,0.5935009,2.50643416742325e-09,4.93951987176519e-07,2,0.5935009,4.93951987176519e-07,"arahy.Tifrunner.gnm2.ann2.Ah15g513400"
91165,2,"STRG.3290",5.894808,0.71012026,3.75117723846285e-09,7.26674862143757e-07,2,0.71012026,7.26674862143757e-07,"STRG.3290"
91166,2,"arahy.Tifrunner.gnm2.ann2.Ah14g089100",5.838651,0.7049143,5.26251833716938e-09,1.0023886392523e-06,2,0.7049143,1.0023886392523e-06,"arahy.Tifrunner.gnm2.ann2.Ah14g089100"
91167,2,"arahy.Tifrunner.gnm2.ann2.Ah16g425600",5.8335514,1.2355738,5.42599362802627e-09,1.02922055800945e-06,2,1.2355738,1.02922055800945e-06,"arahy.Tifrunner.gnm2.ann2.Ah16g425600"
91168,2,"STRG.1582",5.8079047,0.73486674,6.32594993676903e-09,1.19494831917624e-06,2,0.73486674,1.19494831917624e-06,"STRG.1582"
91169,2,"arahy.Tifrunner.gnm2.ann2.Ah08g274300",5.7664447,1.684808,8.09613775410579e-09,1.51674310748112e-06,2,1.684808,1.51674310748112e-06,"arahy.Tifrunner.gnm2.ann2.Ah08g274300"
91170,2,"STRG.4510",5.7620726,0.39001155,8.30873237113812e-09,1.54714478381708e-06,2,0.39001155,1.54714478381708e-06,"STRG.4510"
91171,2,"arahy.Tifrunner.gnm2.ann2.Ah08g181900",5.7617145,2.54938,8.32638766442281e-09,1.54714478381708e-06,2,2.54938,1.54714478381708e-06,"arahy.Tifrunner.gnm2.ann2.Ah08g181900"
91172,2,"arahy.Tifrunner.gnm2.ann2.Ah10g252700",5.7159986,2.768266,1.09061682162136e-08,1.97324074949337e-06,2,2.768266,1.97324074949337e-06,"arahy.Tifrunner.gnm2.ann2.Ah10g252700"
91173,2,"arahy.Tifrunner.gnm2.ann2.Ah19g547300",5.7020326,0.6207367,1.18387237329293e-08,2.12183487881053e-06,2,0.6207367,2.12183487881053e-06,"arahy.Tifrunner.gnm2.ann2.Ah19g547300"
91174,2,"arahy.Tifrunner.gnm2.ann2.Ah13g066000",5.6905994,0.91601557,1.26594251438392e-08,2.26003007940446e-06,2,0.91601557,2.26003007940446e-06,"arahy.Tifrunner.gnm2.ann2.Ah13g066000"
91175,2,"arahy.Tifrunner.gnm2.ann2.Ah06g429400",5.6756244,1.7144364,1.38183870564671e-08,2.44108518662103e-06,2,1.7144364,2.44108518662103e-06,"arahy.Tifrunner.gnm2.ann2.Ah06g429400"
91176,2,"STRG.2847",5.675425,0.7570937,1.38344604636725e-08,2.44108518662103e-06,2,0.7570937,2.44108518662103e-06,"STRG.2847"
91177,2,"arahy.Tifrunner.gnm2.ann2.Ah03g068400",5.6531444,1.4473803,1.57538872475356e-08,2.76903460639695e-06,2,1.4473803,2.76903460639695e-06,"arahy.Tifrunner.gnm2.ann2.Ah03g068400"
91178,2,"STRG.3365",5.625855,0.6026364,1.84591579516835e-08,3.21967320533501e-06,2,0.6026364,3.21967320533501e-06,"STRG.3365"
91179,2,"arahy.Tifrunner.gnm2.ann2.Ah13g425600",5.5968823,0.59917706,2.18240689497663e-08,3.79205692698152e-06,2,0.59917706,3.79205692698152e-06,"arahy.Tifrunner.gnm2.ann2.Ah13g425600"
91180,2,"STRG.635",5.5776715,0.76995957,2.43759239016239e-08,4.21935193801341e-06,2,0.76995957,4.21935193801341e-06,"STRG.635"
91181,2,"arahy.Tifrunner.gnm2.ann2.Ah12g048000",5.5402193,1.2890617,3.02092713478404e-08,5.17010101067326e-06,2,1.2890617,5.17010101067326e-06,"arahy.Tifrunner.gnm2.ann2.Ah12g048000"
91182,2,"STRG.805",5.5171113,1.8385059,3.44616796101732e-08,5.83917149249193e-06,2,1.8385059,5.83917149249193e-06,"STRG.805"
91183,2,"arahy.Tifrunner.gnm2.ann2.Ah18g476200",5.516898,0.36539915,3.45034955513648e-08,5.83917149249193e-06,2,0.36539915,5.83917149249193e-06,"arahy.Tifrunner.gnm2.ann2.Ah18g476200"
91184,2,"arahy.Tifrunner.gnm2.ann2.Ah05g172300",5.515966,0.62370825,3.46869495778944e-08,5.84847663920025e-06,2,0.62370825,5.84847663920025e-06,"arahy.Tifrunner.gnm2.ann2.Ah05g172300"
91185,2,"arahy.Tifrunner.gnm2.ann2.Ah09g449700",5.505559,0.8346752,3.67998861037741e-08,6.18183769368343e-06,2,0.8346752,6.18183769368343e-06,"arahy.Tifrunner.gnm2.ann2.Ah09g449700"
91186,2,"arahy.Tifrunner.gnm2.ann2.Ah07g015900",5.502165,0.3822321,3.7515608067879e-08,6.27889905030192e-06,2,0.3822321,6.27889905030192e-06,"arahy.Tifrunner.gnm2.ann2.Ah07g015900"
91187,2,"STRG.4412",5.500701,1.2322282,3.78284659935322e-08,6.30331450666533e-06,2,1.2322282,6.30331450666533e-06,"STRG.4412"
91188,2,"arahy.Tifrunner.gnm2.ann2.Ah07g071600",5.5001893,0.6912726,3.79384099557662e-08,6.30331450666533e-06,2,0.6912726,6.30331450666533e-06,"arahy.Tifrunner.gnm2.ann2.Ah07g071600"
91189,2,"arahy.Tifrunner.gnm2.ann2.Ah03g600700",5.4885855,0.7631608,4.05165448840961e-08,6.7071825065585e-06,2,0.7631608,6.7071825065585e-06,"arahy.Tifrunner.gnm2.ann2.Ah03g600700"
91190,2,"STRG.4937",5.487593,0.9514621,4.07446877282138e-08,6.72051146427249e-06,2,0.9514621,6.72051146427249e-06,"STRG.4937"
91191,2,"arahy.Tifrunner.gnm2.ann2.Ah13g107700",5.435365,0.64843225,5.4684374513629e-08,8.89089809056588e-06,2,0.64843225,8.89089809056588e-06,"arahy.Tifrunner.gnm2.ann2.Ah13g107700"
91192,2,"arahy.Tifrunner.gnm2.ann2.Ah08g297100",5.4335146,1.840752,5.52548140819219e-08,8.95167315396944e-06,2,1.840752,8.95167315396944e-06,"arahy.Tifrunner.gnm2.ann2.Ah08g297100"
91193,2,"arahy.Tifrunner.gnm2.ann2.Ah15g419600",5.4318514,0.88128984,5.57723371781946e-08,9.00347474361749e-06,2,0.88128984,9.00347474361749e-06,"arahy.Tifrunner.gnm2.ann2.Ah15g419600"
91194,2,"arahy.Tifrunner.gnm2.ann2.Ah13g101100",5.3384957,1.4426597,9.3721020715625e-08,1.50230836164018e-05,2,1.4426597,1.50230836164018e-05,"arahy.Tifrunner.gnm2.ann2.Ah13g101100"
91195,2,"arahy.Tifrunner.gnm2.ann2.Ah14g038300",5.3329353,2.2511415,9.66377666361675e-08,1.54362725906838e-05,2,2.2511415,1.54362725906838e-05,"arahy.Tifrunner.gnm2.ann2.Ah14g038300"
91196,2,"arahy.Tifrunner.gnm2.ann2.Ah15g173600",5.3318834,0.5843207,9.71992995597096e-08,1.54716815145322e-05,2,0.5843207,1.54716815145322e-05,"arahy.Tifrunner.gnm2.ann2.Ah15g173600"
91197,2,"arahy.Tifrunner.gnm2.ann2.Ah12g315900",5.326565,1.1832547,1.00087550845561e-07,1.58207835579629e-05,2,1.1832547,1.58207835579629e-05,"arahy.Tifrunner.gnm2.ann2.Ah12g315900"
91198,2,"arahy.Tifrunner.gnm2.ann2.Ah16g512200",5.3219852,1.8247631,1.02640852761562e-07,1.61682428412364e-05,2,1.8247631,1.61682428412364e-05,"arahy.Tifrunner.gnm2.ann2.Ah16g512200"
91199,2,"arahy.Tifrunner.gnm2.ann2.Ah13g497600",5.317855,0.7722222,1.04997725697783e-07,1.6417968820754e-05,2,0.7722222,1.6417968820754e-05,"arahy.Tifrunner.gnm2.ann2.Ah13g497600"
91200,2,"arahy.Tifrunner.gnm2.ann2.Ah12g282700",5.3173175,0.6278042,1.05308120895795e-07,1.6417968820754e-05,2,0.6278042,1.6417968820754e-05,"arahy.Tifrunner.gnm2.ann2.Ah12g282700"
91201,2,"STRG.464",5.230179,1.3898652,1.69346322065375e-07,2.60450066408924e-05,2,1.3898652,2.60450066408924e-05,"STRG.464"
91202,2,"STRG.1535",5.211906,0.5028134,1.86910269439492e-07,2.8553366127394e-05,2,0.5028134,2.8553366127394e-05,"STRG.1535"
91203,2,"arahy.Tifrunner.gnm2.ann2.Ah04g024100",5.208401,2.3297493,1.90474951863174e-07,2.90006077211343e-05,2,2.3297493,2.90006077211343e-05,"arahy.Tifrunner.gnm2.ann2.Ah04g024100"
91204,2,"arahy.Tifrunner.gnm2.ann2.Ah01g347700",5.1650105,1.7528306,2.40425361089637e-07,3.62421329080948e-05,2,1.7528306,3.62421329080948e-05,"arahy.Tifrunner.gnm2.ann2.Ah01g347700"
91205,2,"STRG.2671",5.151235,0.5651237,2.58776686950802e-07,3.87518088708827e-05,2,0.5651237,3.87518088708827e-05,"STRG.2671"
91206,2,"arahy.Tifrunner.gnm2.ann2.Ah09g432400",5.110716,0.92487806,3.20940716477953e-07,4.75912220747308e-05,2,0.92487806,4.75912220747308e-05,"arahy.Tifrunner.gnm2.ann2.Ah09g432400"
91207,2,"arahy.Tifrunner.gnm2.ann2.Ah09g348700",5.1057067,1.6154779,3.29560203646609e-07,4.87107101000266e-05,2,1.6154779,4.87107101000266e-05,"arahy.Tifrunner.gnm2.ann2.Ah09g348700"
91208,2,"arahy.Tifrunner.gnm2.ann2.Ah13g221500",5.102776,0.87477154,3.34706918419964e-07,4.93113195927199e-05,2,0.87477154,4.93113195927199e-05,"arahy.Tifrunner.gnm2.ann2.Ah13g221500"
91209,2,"arahy.Tifrunner.gnm2.ann2.Ah16g137400",5.0984664,0.6790496,3.42415903625922e-07,5.02843277311822e-05,2,0.6790496,5.02843277311822e-05,"arahy.Tifrunner.gnm2.ann2.Ah16g137400"
91210,2,"arahy.Tifrunner.gnm2.ann2.Ah17g379300",5.0913715,1.1748692,3.55483076062877e-07,5.20354069282521e-05,2,1.1748692,5.20354069282521e-05,"arahy.Tifrunner.gnm2.ann2.Ah17g379300"
91211,2,"arahy.Tifrunner.gnm2.ann2.Ah13g151900",5.0483503,1.0443697,4.4564113533742e-07,6.50236123240407e-05,2,1.0443697,6.50236123240407e-05,"arahy.Tifrunner.gnm2.ann2.Ah13g151900"
91212,2,"arahy.Tifrunner.gnm2.ann2.Ah10g408400",5.047657,0.6116869,4.47261585688043e-07,6.50515540794328e-05,2,0.6116869,6.50515540794328e-05,"arahy.Tifrunner.gnm2.ann2.Ah10g408400"
91213,2,"arahy.Tifrunner.gnm2.ann2.Ah0g055900",4.97219,0.84048474,6.62008535117271e-07,9.50702730368411e-05,2,0.84048474,9.50702730368411e-05,"arahy.Tifrunner.gnm2.ann2.Ah0g055900"
91214,2,"STRG.986",4.9209194,0.4472098,8.61385675427425e-07,0.000122927026608646,2,0.4472098,0.000122927026608646,"STRG.986"
91215,2,"STRG.5893",4.910035,0.58685464,9.10601784977077e-07,0.000129544486435301,2,0.58685464,0.000129544486435301,"STRG.5893"
91216,2,"arahy.Tifrunner.gnm2.ann2.Ah02g092400",4.896578,0.87220454,9.75200784728067e-07,0.000138302306928226,2,0.87220454,0.000138302306928226,"arahy.Tifrunner.gnm2.ann2.Ah02g092400"
91217,2,"arahy.Tifrunner.gnm2.ann2.Ah11g185400",4.8929276,0.56321543,9.93468800012246e-07,0.000140455508235272,2,0.56321543,0.000140455508235272,"arahy.Tifrunner.gnm2.ann2.Ah11g185400"
91218,2,"arahy.Tifrunner.gnm2.ann2.Ah08g344500",4.8774123,1.4211364,1.07486504827724e-06,0.000151025174252385,2,1.4211364,0.000151025174252385,"arahy.Tifrunner.gnm2.ann2.Ah08g344500"
91219,2,"arahy.Tifrunner.gnm2.ann2.Ah01g036700",4.866093,0.6075595,1.13825967858412e-06,0.000159436464290594,2,0.6075595,0.000159436464290594,"arahy.Tifrunner.gnm2.ann2.Ah01g036700"
91220,2,"arahy.Tifrunner.gnm2.ann2.Ah09g058100",4.8654904,0.6325098,1.14173375271799e-06,0.000159436464290594,2,0.6325098,0.000159436464290594,"arahy.Tifrunner.gnm2.ann2.Ah09g058100"
91221,2,"STRG.1128",4.857372,0.7266745,1.18954157946278e-06,0.000165604559215485,2,0.7266745,0.000165604559215485,"STRG.1128"
91222,2,"arahy.Tifrunner.gnm2.ann2.Ah09g059900",4.854353,1.4049222,1.20780544218232e-06,0.000166618590757297,2,1.4049222,0.000166618590757297,"arahy.Tifrunner.gnm2.ann2.Ah09g059900"
91223,2,"arahy.Tifrunner.gnm2.ann2.Ah01g094100",4.840907,0.50678205,1.29247853546573e-06,0.000177651729833408,2,0.50678205,0.000177651729833408,"arahy.Tifrunner.gnm2.ann2.Ah01g094100"
91224,2,"arahy.Tifrunner.gnm2.ann2.Ah20g291000",4.8391643,0.48590857,1.30386130334886e-06,0.000178249195116077,2,0.48590857,0.000178249195116077,"arahy.Tifrunner.gnm2.ann2.Ah20g291000"
91225,2,"arahy.Tifrunner.gnm2.ann2.Ah05g365700",4.831927,1.047913,1.35217823751724e-06,0.000183750931596223,2,1.047913,0.000183750931596223,"arahy.Tifrunner.gnm2.ann2.Ah05g365700"
91226,2,"STRG.355",4.7891846,0.4551475,1.67460279092975e-06,0.000226215482060195,2,0.4551475,0.000226215482060195,"STRG.355"
91227,2,"STRG.6607",4.7864075,0.60029846,1.69793194458183e-06,0.000227372067574459,2,0.60029846,0.000227372067574459,"STRG.6607"
91228,2,"arahy.Tifrunner.gnm2.ann2.Ah05g362000",4.7863817,1.2566365,1.69814829486241e-06,0.000227372067574459,2,1.2566365,0.000227372067574459,"arahy.Tifrunner.gnm2.ann2.Ah05g362000"
91229,2,"arahy.Tifrunner.gnm2.ann2.Ah07g303300",4.745328,1.238078,2.0816864425711e-06,0.000275484574452345,2,1.238078,0.000275484574452345,"arahy.Tifrunner.gnm2.ann2.Ah07g303300"
91230,2,"arahy.Tifrunner.gnm2.ann2.Ah19g200300",4.742116,1.3566056,2.11497583392272e-06,0.000279078724242023,2,1.3566056,0.000279078724242023,"arahy.Tifrunner.gnm2.ann2.Ah19g200300"
91231,2,"arahy.Tifrunner.gnm2.ann2.Ah19g483800",4.7222657,0.7535939,2.33231875198182e-06,0.000305984088948762,2,0.7535939,0.000305984088948762,"arahy.Tifrunner.gnm2.ann2.Ah19g483800"
91232,2,"STRG.6379",4.6428246,0.21481965,3.43678345910487e-06,0.000445743960661796,2,0.21481965,0.000445743960661796,"STRG.6379"
91233,2,"STRG.4003",4.602942,1.4671195,4.16564530493406e-06,0.000535697279270672,2,1.4671195,0.000535697279270672,"STRG.4003"
91234,2,"arahy.Tifrunner.gnm2.ann2.Ah09g437900",4.582705,0.73015964,4.58999494406876e-06,0.000585307926705283,2,0.73015964,0.000585307926705283,"arahy.Tifrunner.gnm2.ann2.Ah09g437900"
91235,2,"STRG.3593",4.5697083,0.49392188,4.88403578060514e-06,0.000621063812503543,2,0.49392188,0.000621063812503543,"STRG.3593"
91236,2,"arahy.Tifrunner.gnm2.ann2.Ah03g344400",4.540244,1.3816551,5.61891489797684e-06,0.000708574741871185,2,1.3816551,0.000708574741871185,"arahy.Tifrunner.gnm2.ann2.Ah03g344400"
91237,2,"arahy.Tifrunner.gnm2.ann2.Ah08g285800",4.5280776,0.9769882,5.95227649512615e-06,0.000746477782821275,2,0.9769882,0.000746477782821275,"arahy.Tifrunner.gnm2.ann2.Ah08g285800"
91238,2,"arahy.Tifrunner.gnm2.ann2.Ah09g186300",4.520965,0.9775409,6.15583349482551e-06,0.000769885065984716,2,0.9775409,0.000769885065984716,"arahy.Tifrunner.gnm2.ann2.Ah09g186300"
91239,2,"STRG.954",4.506803,0.63645244,6.58116965813531e-06,0.000818582424909704,2,0.63645244,0.000818582424909704,"STRG.954"
91240,2,"arahy.Tifrunner.gnm2.ann2.Ah08g363300",4.4997816,1.8251182,6.80233225755733e-06,0.000841492863296305,2,1.8251182,0.000841492863296305,"arahy.Tifrunner.gnm2.ann2.Ah08g363300"
91241,2,"arahy.Tifrunner.gnm2.ann2.Ah15g472300",4.4611554,0.7754006,8.15189301844383e-06,0.00100028781070522,2,0.7754006,0.00100028781070522,"arahy.Tifrunner.gnm2.ann2.Ah15g472300"
91242,2,"STRG.400",4.4534035,0.4781556,8.45197035037111e-06,0.00103432123180187,2,0.4781556,0.00103432123180187,"STRG.400"
91243,2,"STRG.4426",4.433758,0.6428887,9.2604634908332e-06,0.00112720144373447,2,0.6428887,0.00112720144373447,"STRG.4426"
91244,2,"arahy.Tifrunner.gnm2.ann2.Ah11g007600",4.421361,0.53534967,9.80811565086819e-06,0.00118751238534607,2,0.53534967,0.00118751238534607,"arahy.Tifrunner.gnm2.ann2.Ah11g007600"
91245,2,"STRG.2661",4.4197664,0.58302695,9.88077174430477e-06,0.00119313594930433,2,0.58302695,0.00119313594930433,"STRG.2661"
91246,2,"arahy.Tifrunner.gnm2.ann2.Ah03g273500",4.4138875,0.3035868,1.01530676973814e-05,0.00122277315834813,2,0.3035868,0.00122277315834813,"arahy.Tifrunner.gnm2.ann2.Ah03g273500"
91247,2,"arahy.Tifrunner.gnm2.ann2.Ah14g489600",4.404669,0.59770846,1.05945587926788e-05,0.00127257703028472,2,0.59770846,0.00127257703028472,"arahy.Tifrunner.gnm2.ann2.Ah14g489600"
91248,2,"arahy.Tifrunner.gnm2.ann2.Ah03g502500",4.39236,0.7215315,1.12126768770126e-05,0.00133975302401344,2,0.7215315,0.00133975302401344,"arahy.Tifrunner.gnm2.ann2.Ah03g502500"
91249,2,"arahy.Tifrunner.gnm2.ann2.Ah13g430400",4.3891735,2.0127208,1.13782268852444e-05,0.00135320323907798,2,2.0127208,0.00135320323907798,"arahy.Tifrunner.gnm2.ann2.Ah13g430400"
91250,2,"arahy.Tifrunner.gnm2.ann2.Ah05g188700",4.388756,0.6575743,1.14001082097071e-05,0.00135320323907798,2,0.6575743,0.00135320323907798,"arahy.Tifrunner.gnm2.ann2.Ah05g188700"
91251,2,"arahy.Tifrunner.gnm2.ann2.Ah18g257900",4.3884826,2.0371308,1.14144197303828e-05,0.00135320323907798,2,2.0371308,0.00135320323907798,"arahy.Tifrunner.gnm2.ann2.Ah18g257900"
91252,2,"arahy.Tifrunner.gnm2.ann2.Ah19g463600",4.3855376,0.42004612,1.15699601123554e-05,0.00136808016663602,2,0.42004612,0.00136808016663602,"arahy.Tifrunner.gnm2.ann2.Ah19g463600"
91253,2,"arahy.Tifrunner.gnm2.ann2.Ah06g404300",4.3838205,0.8674482,1.16615733839031e-05,0.00137534058738032,2,0.8674482,0.00137534058738032,"arahy.Tifrunner.gnm2.ann2.Ah06g404300"
91254,2,"STRG.4273",4.378866,0.7062673,1.19298456842481e-05,0.00140334443134292,2,0.7062673,0.00140334443134292,"STRG.4273"
91255,2,"arahy.Tifrunner.gnm2.ann2.Ah16g119600",4.355903,0.6642779,1.32519485598879e-05,0.00155085271527079,2,0.6642779,0.00155085271527079,"arahy.Tifrunner.gnm2.ann2.Ah16g119600"
91256,2,"arahy.Tifrunner.gnm2.ann2.Ah06g093200",4.3545213,0.5898238,1.33357943447635e-05,0.00155666333782311,2,0.5898238,0.00155666333782311,"arahy.Tifrunner.gnm2.ann2.Ah06g093200"
91257,2,"arahy.Tifrunner.gnm2.ann2.Ah19g068300",4.350556,0.5662585,1.35792831130399e-05,0.00158103141800007,2,0.5662585,0.00158103141800007,"arahy.Tifrunner.gnm2.ann2.Ah19g068300"
91258,2,"STRG.1383",4.3457775,0.8448973,1.38783270035549e-05,0.00161172693497407,2,0.8448973,0.00161172693497407,"STRG.1383"
91259,2,"STRG.5346",4.32703,0.7039705,1.51133378464492e-05,0.00175068598504263,2,0.7039705,0.00175068598504263,"STRG.5346"
91260,2,"STRG.4149",4.3217483,1.0571183,1.54797692665241e-05,0.00178858125910975,2,1.0571183,0.00178858125910975,"STRG.4149"
91261,2,"arahy.Tifrunner.gnm2.ann2.Ah12g030600",4.3183174,0.81918323,1.57223333609937e-05,0.00181200887069843,2,0.81918323,0.00181200887069843,"arahy.Tifrunner.gnm2.ann2.Ah12g030600"
91262,2,"arahy.Tifrunner.gnm2.ann2.Ah12g147700",4.305318,0.50814766,1.66746230700511e-05,0.00191690793091163,2,0.50814766,0.00191690793091163,"arahy.Tifrunner.gnm2.ann2.Ah12g147700"
91263,2,"STRG.2534",4.2964544,0.3715716,1.73551720413555e-05,0.00199011801514022,2,0.3715716,0.00199011801514022,"STRG.2534"
91264,2,"arahy.Tifrunner.gnm2.ann2.Ah20g427600",4.2943907,1.2544398,1.7517388558895e-05,0.00200367235365611,2,1.2544398,0.00200367235365611,"arahy.Tifrunner.gnm2.ann2.Ah20g427600"
91265,2,"arahy.Tifrunner.gnm2.ann2.Ah03g450600",4.288748,1.8167527,1.79683221108567e-05,0.00205009998941013,2,1.8167527,0.00205009998941013,"arahy.Tifrunner.gnm2.ann2.Ah03g450600"
91266,2,"arahy.Tifrunner.gnm2.ann2.Ah03g083700",4.2762713,0.33278006,1.90049523595797e-05,0.00215940538578266,2,0.33278006,0.00215940538578266,"arahy.Tifrunner.gnm2.ann2.Ah03g083700"
91267,2,"arahy.Tifrunner.gnm2.ann2.Ah10g217500",4.276081,0.4638924,1.90212099046403e-05,0.00215940538578266,2,0.4638924,0.00215940538578266,"arahy.Tifrunner.gnm2.ann2.Ah10g217500"
91268,2,"arahy.Tifrunner.gnm2.ann2.Ah20g078000",4.2668424,0.633001,1.98259225438899e-05,0.00224516243255733,2,0.633001,0.00224516243255733,"arahy.Tifrunner.gnm2.ann2.Ah20g078000"
91269,2,"arahy.Tifrunner.gnm2.ann2.Ah02g033200",4.2418694,0.7413211,2.21665611962417e-05,0.00249163094295731,2,0.7413211,0.00249163094295731,"arahy.Tifrunner.gnm2.ann2.Ah02g033200"
91270,2,"STRG.5962",4.2392287,0.8915276,2.24289142976542e-05,0.00251491107016357,2,0.8915276,0.00251491107016357,"STRG.5962"
91271,2,"arahy.Tifrunner.gnm2.ann2.Ah08g349800",4.23557,1.7996165,2.27972547605247e-05,0.00254993175852119,2,1.7996165,0.00254993175852119,"arahy.Tifrunner.gnm2.ann2.Ah08g349800"
91272,2,"arahy.Tifrunner.gnm2.ann2.Ah03g433900",4.2190514,0.69697934,2.45332347556756e-05,0.00272402677809116,2,0.69697934,0.00272402677809116,"arahy.Tifrunner.gnm2.ann2.Ah03g433900"
91273,2,"arahy.Tifrunner.gnm2.ann2.Ah18g444800",4.206373,0.60469073,2.59501673662906e-05,0.00286042474378453,2,0.60469073,0.00286042474378453,"arahy.Tifrunner.gnm2.ann2.Ah18g444800"
91274,2,"arahy.Tifrunner.gnm2.ann2.Ah09g332400",4.201174,0.7046768,2.65534545674657e-05,0.00291281798970917,2,0.7046768,0.00291281798970917,"arahy.Tifrunner.gnm2.ann2.Ah09g332400"
91275,2,"arahy.Tifrunner.gnm2.ann2.Ah19g242600",4.192717,0.8163771,2.75633268643856e-05,0.00301632906772666,2,0.8163771,0.00301632906772666,"arahy.Tifrunner.gnm2.ann2.Ah19g242600"
91276,2,"arahy.Tifrunner.gnm2.ann2.Ah03g026400",4.18961,1.2094969,2.79434398062776e-05,0.0030505926948225,2,1.2094969,0.0030505926948225,"arahy.Tifrunner.gnm2.ann2.Ah03g026400"
91277,2,"arahy.Tifrunner.gnm2.ann2.Ah17g457100",4.16686,0.7775574,3.08823923506985e-05,0.00336337327601244,2,0.7775574,0.00336337327601244,"arahy.Tifrunner.gnm2.ann2.Ah17g457100"
91278,2,"arahy.Tifrunner.gnm2.ann2.Ah20g158000",4.1597333,0.38238454,3.18619120045088e-05,0.00343716038410725,2,0.38238454,0.00343716038410725,"arahy.Tifrunner.gnm2.ann2.Ah20g158000"
91279,2,"arahy.Tifrunner.gnm2.ann2.Ah19g419700",4.158039,0.71508944,3.20990827461559e-05,0.00345455943956502,2,0.71508944,0.00345455943956502,"arahy.Tifrunner.gnm2.ann2.Ah19g419700"
91280,2,"STRG.3494",4.152559,0.94363475,3.28778481574043e-05,0.00353002631961715,2,0.94363475,0.00353002631961715,"STRG.3494"
91281,2,"arahy.Tifrunner.gnm2.ann2.Ah12g362900",4.1492553,0.59441686,3.33558413180898e-05,0.00357292075332876,2,0.59441686,0.00357292075332876,"arahy.Tifrunner.gnm2.ann2.Ah12g362900"
91282,2,"STRG.1658",4.1321907,0.39288557,3.59321733163141e-05,0.0038308577471941,2,0.39288557,0.0038308577471941,"STRG.1658"
91283,2,"arahy.Tifrunner.gnm2.ann2.Ah06g034200",4.1205616,0.9302517,3.77949997803323e-05,0.00400134783720895,2,0.9302517,0.00400134783720895,"arahy.Tifrunner.gnm2.ann2.Ah06g034200"
91284,2,"arahy.Tifrunner.gnm2.ann2.Ah05g384600",4.1182704,1.5701054,3.81726614987667e-05,0.00402679024984943,2,1.5701054,0.00402679024984943,"arahy.Tifrunner.gnm2.ann2.Ah05g384600"
91285,2,"arahy.Tifrunner.gnm2.ann2.Ah09g199400",4.1056604,1.0340717,4.03161498333099e-05,0.00423868915707067,2,1.0340717,0.00423868915707067,"arahy.Tifrunner.gnm2.ann2.Ah09g199400"
91286,2,"arahy.Tifrunner.gnm2.ann2.Ah06g339100",4.099793,1.1664279,4.1351967391577e-05,0.00432760221502104,2,1.1664279,0.00432760221502104,"arahy.Tifrunner.gnm2.ann2.Ah06g339100"
91287,2,"STRG.5322",4.0971694,0.4162648,4.18233006642941e-05,0.00436551577457986,2,0.4162648,0.00436551577457986,"STRG.5322"
91288,2,"STRG.5631",4.0967116,1.7281225,4.1906036233446e-05,0.00436551577457986,2,1.7281225,0.00436551577457986,"STRG.5631"
91289,2,"arahy.Tifrunner.gnm2.ann2.Ah06g089900",4.0802894,0.57087755,4.49796323304391e-05,0.00464462342162326,2,0.57087755,0.00464462342162326,"arahy.Tifrunner.gnm2.ann2.Ah06g089900"
91290,2,"arahy.Tifrunner.gnm2.ann2.Ah02g073700",4.0802183,0.86510354,4.49933865419527e-05,0.00464462342162326,2,0.86510354,0.00464462342162326,"arahy.Tifrunner.gnm2.ann2.Ah02g073700"
91291,2,"arahy.Tifrunner.gnm2.ann2.Ah15g371200",4.060334,0.5898473,4.90025527055019e-05,0.0050243067778497,2,0.5898473,0.0050243067778497,"arahy.Tifrunner.gnm2.ann2.Ah15g371200"
91292,2,"arahy.Tifrunner.gnm2.ann2.Ah03g378500",4.046422,1.0354099,5.20064281381285e-05,0.00532031603271947,2,1.0354099,0.00532031603271947,"arahy.Tifrunner.gnm2.ann2.Ah03g378500"
91293,2,"STRG.5117",4.0307164,0.8126341,5.56071189869786e-05,0.0056632180867186,2,0.8126341,0.0056632180867186,"STRG.5117"
91294,2,"arahy.Tifrunner.gnm2.ann2.Ah04g063600",4.029241,0.92449826,5.59572288358992e-05,0.00568615376233365,2,0.92449826,0.00568615376233365,"arahy.Tifrunner.gnm2.ann2.Ah04g063600"
91295,2,"STRG.3631",4.0271487,2.5385342,5.64573055735e-05,0.005724192380686,2,2.5385342,0.005724192380686,"STRG.3631"
91296,2,"STRG.5687",4.0245905,0.53798765,5.70745663785393e-05,0.0057739167995925,2,0.53798765,0.0057739167995925,"STRG.5687"
91297,2,"STRG.5429",4.016429,0.32499328,5.90866259854538e-05,0.00596421188772017,2,0.32499328,0.00596421188772017,"STRG.5429"
91298,2,"arahy.Tifrunner.gnm2.ann2.Ah06g389300",4.0107465,0.8128562,6.05270382062171e-05,0.00608263330529763,2,0.8128562,0.00608263330529763,"arahy.Tifrunner.gnm2.ann2.Ah06g389300"
91299,2,"STRG.25",4.0005417,0.7801726,6.31977128954904e-05,0.00633703233888614,2,0.7801726,0.00633703233888614,"STRG.25"
91300,2,"arahy.Tifrunner.gnm2.ann2.Ah07g056700",3.9973917,1.1318604,6.40442523237123e-05,0.00640780339073555,2,1.1318604,0.00640780339073555,"arahy.Tifrunner.gnm2.ann2.Ah07g056700"
91301,2,"arahy.Tifrunner.gnm2.ann2.Ah14g356000",3.9760234,1.1201187,7.00772096442165e-05,0.00696549103022557,2,1.1201187,0.00696549103022557,"arahy.Tifrunner.gnm2.ann2.Ah14g356000"
91302,2,"arahy.Tifrunner.gnm2.ann2.Ah16g140900",3.9728596,0.990116,7.10149128671889e-05,0.00704331785047038,2,0.990116,0.00704331785047038,"arahy.Tifrunner.gnm2.ann2.Ah16g140900"
91303,2,"arahy.Tifrunner.gnm2.ann2.Ah06g001000",3.9710233,0.492343,7.1564599321186e-05,0.00708240612934277,2,0.492343,0.00708240612934277,"arahy.Tifrunner.gnm2.ann2.Ah06g001000"
91304,2,"STRG.5584",3.9645448,1.0977825,7.35361360011215e-05,0.00724601527124471,2,1.0977825,0.00724601527124471,"STRG.5584"
91305,2,"STRG.3765",3.9637346,1.1190255,7.37862691741199e-05,0.00725495921788906,2,1.1190255,0.00725495921788906,"STRG.3765"
91306,2,"arahy.Tifrunner.gnm2.ann2.Ah10g338800",3.9625976,1.6633295,7.41386908096985e-05,0.00726093798681409,2,1.6633295,0.00726093798681409,"arahy.Tifrunner.gnm2.ann2.Ah10g338800"
91307,2,"STRG.4347",3.9625094,0.6764457,7.41660698503767e-05,0.00726093798681409,2,0.6764457,0.00726093798681409,"STRG.4347"
91308,2,"STRG.6440",3.9517243,0.34580025,7.75900734561191e-05,0.00757985086698791,2,0.34580025,0.00757985086698791,"STRG.6440"
91309,2,"arahy.Tifrunner.gnm2.ann2.Ah01g250000",3.9447627,0.7866126,7.98790423627211e-05,0.00778675272916599,2,0.7866126,0.00778675272916599,"arahy.Tifrunner.gnm2.ann2.Ah01g250000"
91310,2,"arahy.Tifrunner.gnm2.ann2.Ah04g317600",3.9417155,0.92007184,8.09009492881459e-05,0.00786951883631101,2,0.92007184,0.00786951883631101,"arahy.Tifrunner.gnm2.ann2.Ah04g317600"
91311,2,"arahy.Tifrunner.gnm2.ann2.Ah10g164700",3.930595,1.130162,8.47359539637105e-05,0.00820748844307225,2,1.130162,0.00820748844307225,"arahy.Tifrunner.gnm2.ann2.Ah10g164700"
91312,2,"arahy.Tifrunner.gnm2.ann2.Ah08g076100",3.9265156,1.3614001,8.61852927493912e-05,0.00833014706395602,2,1.3614001,0.00833014706395602,"arahy.Tifrunner.gnm2.ann2.Ah08g076100"
91313,2,"arahy.Tifrunner.gnm2.ann2.Ah20g449100",3.9206085,0.66791373,8.83256286247791e-05,0.00846512824739882,2,0.66791373,0.00846512824739882,"arahy.Tifrunner.gnm2.ann2.Ah20g449100"
91314,2,"STRG.5439",3.9011705,0.5846411,9.57287202950999e-05,0.00913617245852018,2,0.5846411,0.00913617245852018,"STRG.5439"
91315,2,"arahy.Tifrunner.gnm2.ann2.Ah20g501800",3.880996,0.9947908,0.000104029531894469,0.00990761592042634,2,0.9947908,0.00990761592042634,"arahy.Tifrunner.gnm2.ann2.Ah20g501800"
91316,2,"arahy.Tifrunner.gnm2.ann2.Ah04g301400",3.8712115,1.4357109,0.000108295733880824,0.0102735836848029,2,1.4357109,0.0102735836848029,"arahy.Tifrunner.gnm2.ann2.Ah04g301400"
91317,2,"arahy.Tifrunner.gnm2.ann2.Ah17g078500",3.871149,1.1103431,0.000108323525364761,0.0102735836848029,2,1.1103431,0.0102735836848029,"arahy.Tifrunner.gnm2.ann2.Ah17g078500"
91318,2,"STRG.6449",3.8656342,0.5657372,0.000110800862747397,0.0104866912176975,2,0.5657372,0.0104866912176975,"STRG.6449"
91319,2,"STRG.1847",3.8594856,0.1681328,0.000113625949714462,0.0107317587858946,2,0.1681328,0.0107317587858946,"STRG.1847"
91320,2,"arahy.Tifrunner.gnm2.ann2.Ah01g324900",3.8578851,0.5685631,0.00011437234875802,0.0107798898651348,2,0.5685631,0.0107798898651348,"arahy.Tifrunner.gnm2.ann2.Ah01g324900"
91321,2,"arahy.Tifrunner.gnm2.ann2.Ah05g064300",3.8393226,0.6869358,0.000123374243137855,0.011536704353634,2,0.6869358,0.011536704353634,"arahy.Tifrunner.gnm2.ann2.Ah05g064300"
91322,2,"STRG.1426",3.83924,0.52145094,0.000123415671299089,0.011536704353634,2,0.52145094,0.011536704353634,"STRG.1426"
91323,2,"arahy.Tifrunner.gnm2.ann2.Ah09g357100",3.8357322,1.341652,0.00012519071216945,0.0116786516000041,2,1.341652,0.0116786516000041,"arahy.Tifrunner.gnm2.ann2.Ah09g357100"
91324,2,"arahy.Tifrunner.gnm2.ann2.Ah03g119500",3.832304,1.1428815,0.000126948707029253,0.0118184313676886,2,1.1428815,0.0118184313676886,"arahy.Tifrunner.gnm2.ann2.Ah03g119500"
91325,2,"STRG.1550",3.809702,0.5813145,0.000139134378829872,0.0129264356364308,2,0.5813145,0.0129264356364308,"STRG.1550"
91326,2,"arahy.Tifrunner.gnm2.ann2.Ah13g313100",3.8018677,1.1576793,0.000143609446609224,0.0133150233145383,2,1.1576793,0.0133150233145383,"arahy.Tifrunner.gnm2.ann2.Ah13g313100"
91327,2,"arahy.Tifrunner.gnm2.ann2.Ah06g169500",3.7954745,1.4562911,0.000147361350339197,0.0136351181155317,2,1.4562911,0.0136351181155317,"arahy.Tifrunner.gnm2.ann2.Ah06g169500"
91328,2,"arahy.Tifrunner.gnm2.ann2.Ah02g325700",3.7833533,0.56245637,0.000154729497476545,0.0142589183059154,2,0.56245637,0.0142589183059154,"arahy.Tifrunner.gnm2.ann2.Ah02g325700"
91329,2,"arahy.Tifrunner.gnm2.ann2.Ah11g483000",3.7827792,2.150448,0.000155087012892132,0.0142629922725281,2,2.150448,0.0142629922725281,"arahy.Tifrunner.gnm2.ann2.Ah11g483000"
91330,2,"arahy.Tifrunner.gnm2.ann2.Ah17g098300",3.773731,0.5749865,0.00016082420313238,0.0147608085149162,2,0.5749865,0.0147608085149162,"arahy.Tifrunner.gnm2.ann2.Ah17g098300"
91331,2,"arahy.Tifrunner.gnm2.ann2.Ah04g347000",3.7384734,0.42633653,0.000185141094366655,0.0168567263598952,2,0.42633653,0.0168567263598952,"arahy.Tifrunner.gnm2.ann2.Ah04g347000"
91332,2,"arahy.Tifrunner.gnm2.ann2.Ah08g328400",3.7378252,0.59250313,0.000185618884439987,0.0168664952000918,2,0.59250313,0.0168664952000918,"arahy.Tifrunner.gnm2.ann2.Ah08g328400"
91333,2,"STRG.3481",3.7221594,0.8917746,0.000197526315329163,0.0178771132784191,2,0.8917746,0.0178771132784191,"STRG.3481"
91334,2,"STRG.3413",3.7212212,0.20030549,0.000198261638125225,0.0179080611389142,2,0.20030549,0.0179080611389142,"STRG.3413"
91335,2,"STRG.1239",3.7166474,1.0752388,0.000201883881502348,0.0181991323198275,2,1.0752388,0.0181991323198275,"STRG.1239"
91336,2,"arahy.Tifrunner.gnm2.ann2.Ah05g445200",3.7160761,0.50934863,0.000202340723980787,0.0182042670326114,2,0.50934863,0.0182042670326114,"arahy.Tifrunner.gnm2.ann2.Ah05g445200"
91337,2,"arahy.Tifrunner.gnm2.ann2.Ah18g080000",3.71163,1.0128292,0.000205928780335681,0.0184541373937038,2,1.0128292,0.0184541373937038,"arahy.Tifrunner.gnm2.ann2.Ah18g080000"
91338,2,"arahy.Tifrunner.gnm2.ann2.Ah16g491700",3.6976726,0.61458963,0.000217585259091366,0.0194604151962187,2,0.61458963,0.0194604151962187,"arahy.Tifrunner.gnm2.ann2.Ah16g491700"
91339,2,"arahy.Tifrunner.gnm2.ann2.Ah09g359900",3.6928487,0.7079932,0.000221756045089054,0.0197945533267335,2,0.7079932,0.0197945533267335,"arahy.Tifrunner.gnm2.ann2.Ah09g359900"
91340,2,"STRG.5597",3.6847272,0.73741966,0.000228947795263166,0.0203965155216446,2,0.73741966,0.0203965155216446,"STRG.5597"
91341,2,"arahy.Tifrunner.gnm2.ann2.Ah07g087400",3.6831295,0.7445707,0.000230388006338596,0.0204847335948403,2,0.7445707,0.0204847335948403,"arahy.Tifrunner.gnm2.ann2.Ah07g087400"
91342,2,"arahy.Tifrunner.gnm2.ann2.Ah19g560300",3.6809406,0.9294336,0.000232375058456192,0.0206211348170754,2,0.9294336,0.0206211348170754,"arahy.Tifrunner.gnm2.ann2.Ah19g560300"
91343,2,"arahy.Tifrunner.gnm2.ann2.Ah13g606100",3.6631258,0.45208147,0.000249156182419577,0.0220672880320405,2,0.45208147,0.0220672880320405,"arahy.Tifrunner.gnm2.ann2.Ah13g606100"
91344,2,"arahy.Tifrunner.gnm2.ann2.Ah06g000900",3.649427,0.49706006,0.000262826004809921,0.0231877733390831,2,0.49706006,0.0231877733390831,"arahy.Tifrunner.gnm2.ann2.Ah06g000900"
91345,2,"arahy.Tifrunner.gnm2.ann2.Ah03g025800",3.6341107,0.5372903,0.000278941157056887,0.0245619288856048,2,0.5372903,0.0245619288856048,"arahy.Tifrunner.gnm2.ann2.Ah03g025800"
91346,2,"arahy.Tifrunner.gnm2.ann2.Ah19g565400",3.6326864,1.5159273,0.000280485757243697,0.0246027622596572,2,1.5159273,0.0246027622596572,"arahy.Tifrunner.gnm2.ann2.Ah19g565400"
91347,2,"arahy.Tifrunner.gnm2.ann2.Ah14g400700",3.6247468,0.40613192,0.00028924458102186,0.025322250589306,2,0.40613192,0.025322250589306,"arahy.Tifrunner.gnm2.ann2.Ah14g400700"
91348,2,"arahy.Tifrunner.gnm2.ann2.Ah13g054700",3.6060138,0.6745843,0.000310936681610066,0.0269723936532707,2,0.6745843,0.0269723936532707,"arahy.Tifrunner.gnm2.ann2.Ah13g054700"
91349,2,"arahy.Tifrunner.gnm2.ann2.Ah12g306000",3.5919766,1.1328188,0.000328179246703546,0.0283144865417743,2,1.1328188,0.0283144865417743,"arahy.Tifrunner.gnm2.ann2.Ah12g306000"
91350,2,"arahy.Tifrunner.gnm2.ann2.Ah12g289100",3.5910811,0.44173536,0.000329308982090314,0.0283144865417743,2,0.44173536,0.0283144865417743,"arahy.Tifrunner.gnm2.ann2.Ah12g289100"
91351,2,"arahy.Tifrunner.gnm2.ann2.Ah17g435400",3.586968,0.58799726,0.000334545506221361,0.0286814493883639,2,0.58799726,0.0286814493883639,"arahy.Tifrunner.gnm2.ann2.Ah17g435400"
91352,2,"arahy.Tifrunner.gnm2.ann2.Ah01g335000",3.5804212,0.45623103,0.000343040747628486,0.0293544868327804,2,0.45623103,0.0293544868327804,"arahy.Tifrunner.gnm2.ann2.Ah01g335000"
91353,2,"STRG.1963",3.5703242,1.4037355,0.000356539831270281,0.0303953544545848,2,1.4037355,0.0303953544545848,"STRG.1963"
91354,2,"arahy.Tifrunner.gnm2.ann2.Ah19g080000",3.5690591,1.1877527,0.000358265606741921,0.0304853896847088,2,1.1877527,0.0304853896847088,"arahy.Tifrunner.gnm2.ann2.Ah19g080000"
91355,2,"arahy.Tifrunner.gnm2.ann2.Ah19g504900",3.5680044,0.57498807,0.000359710367179542,0.0305002832675389,2,0.57498807,0.0305002832675389,"arahy.Tifrunner.gnm2.ann2.Ah19g504900"
91356,2,"arahy.Tifrunner.gnm2.ann2.Ah16g508200",3.5679533,0.5991911,0.00035978060176321,0.0305002832675389,2,0.5991911,0.0305002832675389,"arahy.Tifrunner.gnm2.ann2.Ah16g508200"
91357,2,"STRG.3675",3.5634334,0.6147066,0.000366035501251835,0.0309728627490493,2,0.6147066,0.0309728627490493,"STRG.3675"
91358,2,"STRG.3901",3.5624528,0.49878752,0.000367406053226517,0.0310311561541446,2,0.49878752,0.0310311561541446,"STRG.3901"
91359,2,"STRG.6237",3.5561988,0.5721624,0.000376259279889913,0.0317200508476082,2,0.5721624,0.0317200508476082,"STRG.6237"
91360,2,"arahy.Tifrunner.gnm2.ann2.Ah01g353300",3.5528388,0.48132324,0.00038109783882588,0.0320685730401282,2,0.48132324,0.0320685730401282,"arahy.Tifrunner.gnm2.ann2.Ah01g353300"
91361,2,"arahy.Tifrunner.gnm2.ann2.Ah07g325800",3.5368574,1.1631331,0.000404918234596288,0.0337569797257123,2,1.1631331,0.0337569797257123,"arahy.Tifrunner.gnm2.ann2.Ah07g325800"
91362,2,"STRG.5225",3.5367835,0.77872324,0.000405031558811089,0.0337569797257123,2,0.77872324,0.0337569797257123,"STRG.5225"
91363,2,"arahy.Tifrunner.gnm2.ann2.Ah05g349800",3.5262089,0.8799306,0.000421554510089962,0.0349560064068041,2,0.8799306,0.0349560064068041,"arahy.Tifrunner.gnm2.ann2.Ah05g349800"
91364,2,"arahy.Tifrunner.gnm2.ann2.Ah12g428500",3.5239687,0.6645085,0.000425134376714818,0.0351887588464825,2,0.6645085,0.0351887588464825,"arahy.Tifrunner.gnm2.ann2.Ah12g428500"
91365,2,"arahy.Tifrunner.gnm2.ann2.Ah10g336800",3.5223114,1.1391039,0.000427801180873241,0.0353452285990443,2,1.1391039,0.0353452285990443,"arahy.Tifrunner.gnm2.ann2.Ah10g336800"
91366,2,"STRG.1099",3.5197759,0.98749185,0.000431911684045444,0.0356201947545014,2,0.98749185,0.0356201947545014,"STRG.1099"
91367,2,"arahy.Tifrunner.gnm2.ann2.Ah16g349100",3.5192869,1.0251226,0.000432708520815696,0.0356213792072582,2,1.0251226,0.0356213792072582,"arahy.Tifrunner.gnm2.ann2.Ah16g349100"
91368,2,"STRG.373",3.5182607,0.50770575,0.000434385416782936,0.0356948767393978,2,0.50770575,0.0356948767393978,"STRG.373"
91369,2,"arahy.Tifrunner.gnm2.ann2.Ah16g199700",3.5134737,0.46827582,0.000442288299238388,0.0362135477239719,2,0.46827582,0.0362135477239719,"arahy.Tifrunner.gnm2.ann2.Ah16g199700"
91370,2,"arahy.Tifrunner.gnm2.ann2.Ah10g373400",3.512814,2.0837271,0.000443387516176294,0.0362383721479526,2,2.0837271,0.0362383721479526,"arahy.Tifrunner.gnm2.ann2.Ah10g373400"
91371,2,"STRG.1253",3.509113,1.445678,0.000449603855349758,0.0366149658514175,2,1.445678,0.0366149658514175,"STRG.1253"
91372,2,"arahy.Tifrunner.gnm2.ann2.Ah05g266900",3.4969635,0.5029471,0.00047058631536389,0.03819566092851,2,0.5029471,0.03819566092851,"arahy.Tifrunner.gnm2.ann2.Ah05g266900"
91373,2,"arahy.Tifrunner.gnm2.ann2.Ah14g454200",3.4969037,0.80776745,0.000470691630368467,0.03819566092851,2,0.80776745,0.03819566092851,"arahy.Tifrunner.gnm2.ann2.Ah14g454200"
91374,2,"arahy.Tifrunner.gnm2.ann2.Ah13g417200",3.4888108,1.0762385,0.000485174642158217,0.0390955211841646,2,1.0762385,0.0390955211841646,"arahy.Tifrunner.gnm2.ann2.Ah13g417200"
91375,2,"arahy.Tifrunner.gnm2.ann2.Ah16g214200",3.488788,0.57499236,0.000485215918395857,0.0390955211841646,2,0.57499236,0.0390955211841646,"arahy.Tifrunner.gnm2.ann2.Ah16g214200"
91376,2,"arahy.Tifrunner.gnm2.ann2.Ah14g451600",3.4763029,2.8440328,0.000508377647841197,0.0408893710959764,2,2.8440328,0.0408893710959764,"arahy.Tifrunner.gnm2.ann2.Ah14g451600"
91377,2,"STRG.4048",3.472346,0.72827667,0.000515930983654789,0.0414237074072321,2,0.72827667,0.0414237074072321,"STRG.4048"
91378,2,"STRG.1870",3.470356,1.089534,0.000519768761909307,0.0416583681640129,2,1.089534,0.0416583681640129,"STRG.1870"
91379,2,"arahy.Tifrunner.gnm2.ann2.Ah0g018000",3.4588916,0.34896687,0.000542403079711279,0.0432440591957553,2,0.34896687,0.0432440591957553,"arahy.Tifrunner.gnm2.ann2.Ah0g018000"
91380,2,"STRG.5014",3.4486666,0.86868626,0.000563361876786352,0.0448365141238145,2,0.86868626,0.0448365141238145,"STRG.5014"
91381,2,"arahy.Tifrunner.gnm2.ann2.Ah03g388300",3.448189,1.7160884,0.000564358968466337,0.0448374828629346,2,1.7160884,0.0448374828629346,"arahy.Tifrunner.gnm2.ann2.Ah03g388300"
91382,2,"STRG.564",3.447447,0.32264593,0.000565911282146718,0.0448824829415456,2,0.32264593,0.0448824829415456,"STRG.564"
91383,2,"arahy.Tifrunner.gnm2.ann2.Ah01g033300",3.4466455,0.46821496,0.00056759296315146,0.0449375687904471,2,0.46821496,0.0449375687904471,"arahy.Tifrunner.gnm2.ann2.Ah01g033300"
91384,2,"arahy.Tifrunner.gnm2.ann2.Ah11g065500",3.4455652,0.38198262,0.000569866419443675,0.0450392341645032,2,0.38198262,0.0450392341645032,"arahy.Tifrunner.gnm2.ann2.Ah11g065500"
91385,2,"arahy.Tifrunner.gnm2.ann2.Ah17g101700",3.4432116,0.64332134,0.000574849561031843,0.0452758675024457,2,0.64332134,0.0452758675024457,"arahy.Tifrunner.gnm2.ann2.Ah17g101700"
91386,2,"arahy.Tifrunner.gnm2.ann2.Ah13g140300",3.4425805,0.94571584,0.000576192501676732,0.0453032598382237,2,0.94571584,0.0453032598382237,"arahy.Tifrunner.gnm2.ann2.Ah13g140300"
91387,2,"arahy.Tifrunner.gnm2.ann2.Ah08g208600",3.4414148,1.5537102,0.000578680389832231,0.0454204242529698,2,1.5537102,0.0454204242529698,"arahy.Tifrunner.gnm2.ann2.Ah08g208600"
91388,2,"STRG.6029",3.439479,1.0166087,0.00058283482574146,0.0456677669656699,2,1.0166087,0.0456677669656699,"STRG.6029"
91389,2,"arahy.Tifrunner.gnm2.ann2.Ah07g084400",3.4349904,0.48231936,0.000592574571688552,0.0462035513743053,2,0.48231936,0.0462035513743053,"arahy.Tifrunner.gnm2.ann2.Ah07g084400"
91390,2,"arahy.Tifrunner.gnm2.ann2.Ah15g521300",3.4326396,1.8316815,0.000597736006850532,0.0465151008134421,2,1.8316815,0.0465151008134421,"arahy.Tifrunner.gnm2.ann2.Ah15g521300"
91391,2,"STRG.1223",3.430556,0.55197144,0.00060234572358784,0.0467938339942198,2,0.55197144,0.0467938339942198,"STRG.1223"
91392,2,"arahy.Tifrunner.gnm2.ann2.Ah17g034900",3.4267924,0.61240673,0.00061075610196909,0.0472858176633348,2,0.61240673,0.0472858176633348,"arahy.Tifrunner.gnm2.ann2.Ah17g034900"
91393,2,"arahy.Tifrunner.gnm2.ann2.Ah15g423800",3.42331,0.8768041,0.000618634813393091,0.0478144842867692,2,0.8768041,0.0478144842867692,"arahy.Tifrunner.gnm2.ann2.Ah15g423800"
136329,2,"STRG.356",-3.4285462,-1.3877016,0.000606823258515539,0.0470613663043635,2,-1.3877016,0.0470613663043635,"STRG.356"
136330,2,"STRG.1700",-3.434925,-1.140087,0.000592717555632068,0.0462035513743053,2,-1.140087,0.0462035513743053,"STRG.1700"
136331,2,"arahy.Tifrunner.gnm2.ann2.Ah09g073400",-3.4370089,-1.830689,0.000588176481314271,0.0460071239439019,2,-1.830689,0.0460071239439019,"arahy.Tifrunner.gnm2.ann2.Ah09g073400"
136332,2,"arahy.Tifrunner.gnm2.ann2.Ah19g300100",-3.4443998,-0.074866615,0.000572328867746477,0.0451554581894118,2,-0.074866615,0.0451554581894118,"arahy.Tifrunner.gnm2.ann2.Ah19g300100"
136333,2,"arahy.Tifrunner.gnm2.ann2.Ah18g033300",-3.4593322,-0.7882044,0.000541516471456173,0.0432440591957553,2,-0.7882044,0.0432440591957553,"arahy.Tifrunner.gnm2.ann2.Ah18g033300"
136334,2,"arahy.Tifrunner.gnm2.ann2.Ah17g302400",-3.4665213,-0.21415333,0.000527239863708886,0.0421828955280902,2,-0.21415333,0.0421828955280902,"arahy.Tifrunner.gnm2.ann2.Ah17g302400"
136335,2,"arahy.Tifrunner.gnm2.ann2.Ah08g043700",-3.4906754,-2.1528046,0.000481801112705794,0.0389582839339583,2,-2.1528046,0.0389582839339583,"arahy.Tifrunner.gnm2.ann2.Ah08g043700"
136336,2,"STRG.4632",-3.4915824,-2.038879,0.000480168549095151,0.0388953612615795,2,-2.038879,0.0388953612615795,"STRG.4632"
136337,2,"arahy.Tifrunner.gnm2.ann2.Ah20g053700",-3.511808,-1.1220986,0.000445069684481441,0.0363106672335719,2,-1.1220986,0.0363106672335719,"arahy.Tifrunner.gnm2.ann2.Ah20g053700"
136338,2,"arahy.Tifrunner.gnm2.ann2.Ah13g384000",-3.514551,-0.8605391,0.000440498065990107,0.0361319530741146,2,-0.8605391,0.0361319530741146,"arahy.Tifrunner.gnm2.ann2.Ah13g384000"
136339,2,"arahy.Tifrunner.gnm2.ann2.Ah05g307300",-3.5335855,-1.2222426,0.000409963481934574,0.0340568933423167,2,-1.2222426,0.0340568933423167,"arahy.Tifrunner.gnm2.ann2.Ah05g307300"
136340,2,"arahy.Tifrunner.gnm2.ann2.Ah19g524800",-3.5364053,-1.555279,0.000405611719312113,0.0337569797257123,2,-1.555279,0.0337569797257123,"arahy.Tifrunner.gnm2.ann2.Ah19g524800"
136341,2,"arahy.Tifrunner.gnm2.ann2.Ah08g213900",-3.538526,-2.556834,0.000402367592128703,0.0336716585736527,2,-2.556834,0.0336716585736527,"arahy.Tifrunner.gnm2.ann2.Ah08g213900"
136342,2,"arahy.Tifrunner.gnm2.ann2.Ah12g145900",-3.5466533,-0.14830787,0.000390157793387663,0.0327100246522652,2,-0.14830787,0.0327100246522652,"arahy.Tifrunner.gnm2.ann2.Ah12g145900"
136343,2,"arahy.Tifrunner.gnm2.ann2.Ah16g100500",-3.5497375,-1.8290033,0.000385615440400106,0.0323888511232,2,-1.8290033,0.0323888511232,"arahy.Tifrunner.gnm2.ann2.Ah16g100500"
136344,2,"STRG.5287",-3.5772743,-1.160641,0.000347195647915346,0.0296542864459629,2,-1.160641,0.0296542864459629,"STRG.5287"
136345,2,"arahy.Tifrunner.gnm2.ann2.Ah14g015900",-3.5908167,-2.4358177,0.000329643218239618,0.0283144865417743,2,-2.4358177,0.0283144865417743,"arahy.Tifrunner.gnm2.ann2.Ah14g015900"
136346,2,"arahy.Tifrunner.gnm2.ann2.Ah17g264200",-3.5915332,-0.34032145,0.000328738280594955,0.0283144865417743,2,-0.34032145,0.0283144865417743,"arahy.Tifrunner.gnm2.ann2.Ah17g264200"
136347,2,"arahy.Tifrunner.gnm2.ann2.Ah06g068000",-3.5976193,-1.8515599,0.000321143146092726,0.0277941455945347,2,-1.8515599,0.0277941455945347,"arahy.Tifrunner.gnm2.ann2.Ah06g068000"
136348,2,"STRG.4363",-3.6059144,-1.5474429,0.000311055853351355,0.0269723936532707,2,-1.5474429,0.0269723936532707,"STRG.4363"
136349,2,"arahy.Tifrunner.gnm2.ann2.Ah02g037800",-3.6081657,-2.4090333,0.000308369604263539,0.0268417167581135,2,-2.4090333,0.0268417167581135,"arahy.Tifrunner.gnm2.ann2.Ah02g037800"
136350,2,"STRG.4491",-3.6094222,-1.3272767,0.000306879919451785,0.0267632211745653,2,-1.3272767,0.0267632211745653,"STRG.4491"
136351,2,"STRG.3194",-3.6137855,-1.1414773,0.000301758638779264,0.0263671022491118,2,-1.1414773,0.0263671022491118,"STRG.3194"
136352,2,"arahy.Tifrunner.gnm2.ann2.Ah02g197100",-3.633005,-0.08240648,0.000280139763423404,0.0246027622596572,2,-0.08240648,0.0246027622596572,"arahy.Tifrunner.gnm2.ann2.Ah02g197100"
136353,2,"arahy.Tifrunner.gnm2.ann2.Ah18g018400",-3.6594076,-1.2469869,0.000252799065979821,0.0223464556886706,2,-1.2469869,0.0223464556886706,"arahy.Tifrunner.gnm2.ann2.Ah18g018400"
136354,2,"arahy.Tifrunner.gnm2.ann2.Ah12g086600",-3.7135859,-1.2438563,0.000204343101879162,0.0183481565482188,2,-1.2438563,0.0183481565482188,"arahy.Tifrunner.gnm2.ann2.Ah12g086600"
136355,2,"arahy.Tifrunner.gnm2.ann2.Ah16g369700",-3.7344737,-0.37817317,0.00018810811062957,0.0170586327256983,2,-0.37817317,0.0170586327256983,"arahy.Tifrunner.gnm2.ann2.Ah16g369700"
136356,2,"arahy.Tifrunner.gnm2.ann2.Ah04g393200",-3.7400396,-0.9138836,0.000183991203658401,0.0167856023153208,2,-0.9138836,0.0167856023153208,"arahy.Tifrunner.gnm2.ann2.Ah04g393200"
136357,2,"arahy.Tifrunner.gnm2.ann2.Ah12g169700",-3.7608252,-1.7360052,0.000169353715404439,0.0154812420483367,2,-1.7360052,0.0154812420483367,"arahy.Tifrunner.gnm2.ann2.Ah12g169700"
136358,2,"STRG.3356",-3.7666755,-0.63282454,0.000165435834933896,0.0151535230372851,2,-0.63282454,0.0151535230372851,"STRG.3356"
136359,2,"arahy.Tifrunner.gnm2.ann2.Ah19g563800",-3.7882285,-0.30938828,0.000151725254919612,0.0140104269877494,2,-0.30938828,0.0140104269877494,"arahy.Tifrunner.gnm2.ann2.Ah19g563800"
136360,2,"arahy.Tifrunner.gnm2.ann2.Ah09g131300",-3.8404198,-2.1014206,0.000122824067090794,0.0115287481035903,2,-2.1014206,0.0115287481035903,"arahy.Tifrunner.gnm2.ann2.Ah09g131300"
136361,2,"arahy.Tifrunner.gnm2.ann2.Ah10g086700",-3.8444023,-3.6858897,0.00012084655522098,0.0113665673138015,2,-3.6858897,0.0113665673138015,"arahy.Tifrunner.gnm2.ann2.Ah10g086700"
136362,2,"arahy.Tifrunner.gnm2.ann2.Ah03g075900",-3.9054487,-1.2642155,9.40507300257329e-05,0.00899488536489803,2,-1.2642155,0.00899488536489803,"arahy.Tifrunner.gnm2.ann2.Ah03g075900"
136363,2,"arahy.Tifrunner.gnm2.ann2.Ah01g243700",-3.9219759,-0.4150126,8.78257787874703e-05,0.00843498049265991,2,-0.4150126,0.00843498049265991,"arahy.Tifrunner.gnm2.ann2.Ah01g243700"
136364,2,"arahy.Tifrunner.gnm2.ann2.Ah19g563500",-3.924125,-0.26509097,8.70455497075869e-05,0.00837772009490103,2,-0.26509097,0.00837772009490103,"arahy.Tifrunner.gnm2.ann2.Ah19g563500"
136365,2,"arahy.Tifrunner.gnm2.ann2.Ah16g227000",-3.9249067,-0.20246215,8.67633641101979e-05,0.00836825294015392,2,-0.20246215,0.00836825294015392,"arahy.Tifrunner.gnm2.ann2.Ah16g227000"
136366,2,"arahy.Tifrunner.gnm2.ann2.Ah16g057000",-3.9356947,-1.2043611,8.29564129655929e-05,0.00805225531736812,2,-1.2043611,0.00805225531736812,"arahy.Tifrunner.gnm2.ann2.Ah16g057000"
136367,2,"STRG.5840",-3.9678707,-1.1645203,7.25176529739944e-05,0.00716115755745796,2,-1.1645203,0.00716115755745796,"STRG.5840"
136368,2,"arahy.Tifrunner.gnm2.ann2.Ah11g461600",-3.9762623,-2.4848804,7.00069170453261e-05,0.00696549103022557,2,-2.4848804,0.00696549103022557,"arahy.Tifrunner.gnm2.ann2.Ah11g461600"
136369,2,"arahy.Tifrunner.gnm2.ann2.Ah03g137300",-3.9909048,-1.212661,6.58216918530733e-05,0.00657119890333182,2,-1.212661,0.00657119890333182,"arahy.Tifrunner.gnm2.ann2.Ah03g137300"
136370,2,"arahy.Tifrunner.gnm2.ann2.Ah19g025500",-4.0125318,-1.3409939,6.00709787034251e-05,0.00605015759843966,2,-1.3409939,0.00605015759843966,"arahy.Tifrunner.gnm2.ann2.Ah19g025500"
136371,2,"arahy.Tifrunner.gnm2.ann2.Ah07g188300",-4.0431814,-0.18286714,5.27307859042058e-05,0.00538232353700239,2,-0.18286714,0.00538232353700239,"arahy.Tifrunner.gnm2.ann2.Ah07g188300"
136372,2,"arahy.Tifrunner.gnm2.ann2.Ah06g389500",-4.070144,-1.54147,4.6984066870136e-05,0.00482822270924621,2,-1.54147,0.00482822270924621,"arahy.Tifrunner.gnm2.ann2.Ah06g389500"
136373,2,"STRG.5564",-4.0793686,-0.68844736,4.51581963587701e-05,0.00465108988922319,2,-0.68844736,0.00465108988922319,"STRG.5564"
136374,2,"arahy.Tifrunner.gnm2.ann2.Ah11g444500",-4.085,-1.840944,4.40768420311209e-05,0.00457073839777847,2,-1.840944,0.00457073839777847,"arahy.Tifrunner.gnm2.ann2.Ah11g444500"
136375,2,"STRG.5256",-4.094455,-1.0815887,4.231633765626e-05,0.00439819396224562,2,-1.0815887,0.00439819396224562,"STRG.5256"
136376,2,"arahy.Tifrunner.gnm2.ann2.Ah13g120100",-4.1019564,-2.7145672,4.09671551890312e-05,0.0042972091539757,2,-2.7145672,0.0042972091539757,"arahy.Tifrunner.gnm2.ann2.Ah13g120100"
136377,2,"arahy.Tifrunner.gnm2.ann2.Ah04g427500",-4.1180315,-3.0240738,3.82122262528546e-05,0.00402679024984943,2,-3.0240738,0.00402679024984943,"arahy.Tifrunner.gnm2.ann2.Ah04g427500"
136378,2,"arahy.Tifrunner.gnm2.ann2.Ah09g162300",-4.121824,-0.39290297,3.75884757332914e-05,0.00398875936895654,2,-0.39290297,0.00398875936895654,"arahy.Tifrunner.gnm2.ann2.Ah09g162300"
136379,2,"arahy.Tifrunner.gnm2.ann2.Ah03g330800",-4.124783,-1.2946233,3.71084530305643e-05,0.0039470215321575,2,-1.2946233,0.0039470215321575,"arahy.Tifrunner.gnm2.ann2.Ah03g330800"
136380,2,"arahy.Tifrunner.gnm2.ann2.Ah20g132700",-4.14,-1.4862144,3.47306216823752e-05,0.00371144793771936,2,-1.4862144,0.00371144793771936,"arahy.Tifrunner.gnm2.ann2.Ah20g132700"
136381,2,"arahy.Tifrunner.gnm2.ann2.Ah03g509400",-4.1606913,-1.8815644,3.17285449337043e-05,0.00343090327686925,2,-1.8815644,0.00343090327686925,"arahy.Tifrunner.gnm2.ann2.Ah03g509400"
136382,2,"STRG.1326",-4.161695,-2.597383,3.15894147645589e-05,0.003423991708909,2,-2.597383,0.003423991708909,"STRG.1326"
136383,2,"arahy.Tifrunner.gnm2.ann2.Ah13g113600",-4.1634946,-1.986461,3.13413769459405e-05,0.00340521442502863,2,-1.986461,0.00340521442502863,"arahy.Tifrunner.gnm2.ann2.Ah13g113600"
136384,2,"arahy.Tifrunner.gnm2.ann2.Ah19g176800",-4.2053585,-2.139545,2.60668886747226e-05,0.00286635033823206,2,-2.139545,0.00286635033823206,"arahy.Tifrunner.gnm2.ann2.Ah19g176800"
136385,2,"arahy.Tifrunner.gnm2.ann2.Ah16g055700",-4.2115836,-2.2002485,2.5358654013989e-05,0.00280200816828358,2,-2.2002485,0.00280200816828358,"arahy.Tifrunner.gnm2.ann2.Ah16g055700"
136386,2,"arahy.Tifrunner.gnm2.ann2.Ah07g188100",-4.2159953,-0.103994906,2.48678683329362e-05,0.0027544643260063,2,-0.103994906,0.0027544643260063,"arahy.Tifrunner.gnm2.ann2.Ah07g188100"
136387,2,"arahy.Tifrunner.gnm2.ann2.Ah04g000700",-4.2190742,-1.4623735,2.45307605931309e-05,0.00272402677809116,2,-1.4623735,0.00272402677809116,"arahy.Tifrunner.gnm2.ann2.Ah04g000700"
136388,2,"arahy.Tifrunner.gnm2.ann2.Ah05g381100",-4.222264,-1.1599892,2.41861007066918e-05,0.00269864717787117,2,-1.1599892,0.00269864717787117,"arahy.Tifrunner.gnm2.ann2.Ah05g381100"
136389,2,"arahy.Tifrunner.gnm2.ann2.Ah08g055200",-4.2433505,-1.0620806,2.20207098936086e-05,0.00248136335939762,2,-1.0620806,0.00248136335939762,"arahy.Tifrunner.gnm2.ann2.Ah08g055200"
136390,2,"STRG.618",-4.264767,-1.177672,2.00110803558983e-05,0.00226050725092286,2,-1.177672,0.00226050725092286,"STRG.618"
136391,2,"arahy.Tifrunner.gnm2.ann2.Ah10g092300",-4.3716087,-1.1170145,1.23334435961177e-05,0.00144708166564346,2,-1.1170145,0.00144708166564346,"arahy.Tifrunner.gnm2.ann2.Ah10g092300"
136392,2,"arahy.Tifrunner.gnm2.ann2.Ah03g459900",-4.394964,-2.0952291,1.10791110934878e-05,0.00132727750899983,2,-2.0952291,0.00132727750899983,"arahy.Tifrunner.gnm2.ann2.Ah03g459900"
136393,2,"arahy.Tifrunner.gnm2.ann2.Ah17g262200",-4.4312677,-0.31494913,9.36807116573179e-06,0.00113725885799673,2,-0.31494913,0.00113725885799673,"arahy.Tifrunner.gnm2.ann2.Ah17g262200"
136394,2,"arahy.Tifrunner.gnm2.ann2.Ah13g243500",-4.4390197,-2.6974692,9.03695796985637e-06,0.00110294497217089,2,-2.6974692,0.00110294497217089,"arahy.Tifrunner.gnm2.ann2.Ah13g243500"
136395,2,"arahy.Tifrunner.gnm2.ann2.Ah06g105800",-4.4698997,-2.123031,7.82563659539459e-06,0.000962849406402009,2,-2.123031,0.000962849406402009,"arahy.Tifrunner.gnm2.ann2.Ah06g105800"
136396,2,"arahy.Tifrunner.gnm2.ann2.Ah17g290300",-4.4774494,-0.40524063,7.55400534077992e-06,0.000931947260524838,2,-0.40524063,0.000931947260524838,"arahy.Tifrunner.gnm2.ann2.Ah17g290300"
136397,2,"STRG.1696",-4.5046115,-1.4259377,6.64945531327112e-06,0.000824822353355189,2,-1.4259377,0.000824822353355189,"STRG.1696"
136398,2,"STRG.5798",-4.519845,-1.1423942,6.18848942674252e-06,0.000771848747021991,2,-1.1423942,0.000771848747021991,"STRG.5798"
136399,2,"arahy.Tifrunner.gnm2.ann2.Ah17g005800",-4.5285296,-0.927498,5.93956071106887e-06,0.000746477782821275,2,-0.927498,0.000746477782821275,"arahy.Tifrunner.gnm2.ann2.Ah17g005800"
136400,2,"arahy.Tifrunner.gnm2.ann2.Ah15g314200",-4.5458584,-1.2212279,5.47118314384463e-06,0.000691861504001063,2,-1.2212279,0.000691861504001063,"arahy.Tifrunner.gnm2.ann2.Ah15g314200"
136401,2,"arahy.Tifrunner.gnm2.ann2.Ah16g132000",-4.5631275,-1.3254818,5.03971854097543e-06,0.000639075617992662,2,-1.3254818,0.000639075617992662,"arahy.Tifrunner.gnm2.ann2.Ah16g132000"
136402,2,"arahy.Tifrunner.gnm2.ann2.Ah09g295100",-4.5833874,-2.356736,4.57503779372276e-06,0.000585039383487177,2,-2.356736,0.000585039383487177,"arahy.Tifrunner.gnm2.ann2.Ah09g295100"
136403,2,"arahy.Tifrunner.gnm2.ann2.Ah13g310400",-4.5897007,-1.8385308,4.43881944394485e-06,0.000569219201031395,2,-1.8385308,0.000569219201031395,"arahy.Tifrunner.gnm2.ann2.Ah13g310400"
136404,2,"arahy.Tifrunner.gnm2.ann2.Ah17g441500",-4.602993,-0.5402885,4.16462160563911e-06,0.000535697279270672,2,-0.5402885,0.000535697279270672,"arahy.Tifrunner.gnm2.ann2.Ah17g441500"
136405,2,"arahy.Tifrunner.gnm2.ann2.Ah15g562000",-4.6105347,-1.7364328,4.01634736594994e-06,0.000519432379225867,2,-1.7364328,0.000519432379225867,"arahy.Tifrunner.gnm2.ann2.Ah15g562000"
136406,2,"arahy.Tifrunner.gnm2.ann2.Ah13g385600",-4.681567,-1.3977723,2.846901441895e-06,0.000370292403545223,2,-1.3977723,0.000370292403545223,"arahy.Tifrunner.gnm2.ann2.Ah13g385600"
136407,2,"arahy.Tifrunner.gnm2.ann2.Ah09g430900",-4.689706,-2.3802793,2.73598305817808e-06,0.00035688507948567,2,-2.3802793,0.00035688507948567,"arahy.Tifrunner.gnm2.ann2.Ah09g430900"
136408,2,"arahy.Tifrunner.gnm2.ann2.Ah11g214000",-4.6899047,-0.5013907,2.73332375328403e-06,0.00035688507948567,2,-0.5013907,0.00035688507948567,"arahy.Tifrunner.gnm2.ann2.Ah11g214000"
136409,2,"arahy.Tifrunner.gnm2.ann2.Ah20g236500",-4.733315,-0.23818411,2.20882298652255e-06,0.000290619819764314,2,-0.23818411,0.000290619819764314,"arahy.Tifrunner.gnm2.ann2.Ah20g236500"
136410,2,"arahy.Tifrunner.gnm2.ann2.Ah20g048300",-4.7519855,-1.6770945,2.01428710792087e-06,0.00026734229242271,2,-1.6770945,0.00026734229242271,"arahy.Tifrunner.gnm2.ann2.Ah20g048300"
136411,2,"arahy.Tifrunner.gnm2.ann2.Ah05g069400",-4.7534494,-1.4715712,1.99974988732476e-06,0.000266188929446118,2,-1.4715712,0.000266188929446118,"arahy.Tifrunner.gnm2.ann2.Ah05g069400"
136412,2,"arahy.Tifrunner.gnm2.ann2.Ah12g358400",-4.755806,-2.1073432,1.97656066018753e-06,0.000263873746317822,2,-2.1073432,0.000263873746317822,"arahy.Tifrunner.gnm2.ann2.Ah12g358400"
136413,2,"arahy.Tifrunner.gnm2.ann2.Ah05g077600",-4.787138,-1.9671986,1.69176510924976e-06,0.000227372067574459,2,-1.9671986,0.000227372067574459,"arahy.Tifrunner.gnm2.ann2.Ah05g077600"
136414,2,"arahy.Tifrunner.gnm2.ann2.Ah01g243100",-4.810601,-0.37534267,1.50476875390445e-06,0.000203878252240316,2,-0.37534267,0.000203878252240316,"arahy.Tifrunner.gnm2.ann2.Ah01g243100"
136415,2,"arahy.Tifrunner.gnm2.ann2.Ah17g299500",-4.837752,-0.27932838,1.31316079294467e-06,0.000178983029754531,2,-0.27932838,0.000178983029754531,"arahy.Tifrunner.gnm2.ann2.Ah17g299500"
136416,2,"arahy.Tifrunner.gnm2.ann2.Ah11g360400",-4.8404293,-0.25749758,1.29558857536006e-06,0.000177651729833408,2,-0.25749758,0.000177651729833408,"arahy.Tifrunner.gnm2.ann2.Ah11g360400"
136417,2,"arahy.Tifrunner.gnm2.ann2.Ah13g539100",-4.8548446,-2.4328141,1.2048119719274e-06,0.000166618590757297,2,-2.4328141,0.000166618590757297,"arahy.Tifrunner.gnm2.ann2.Ah13g539100"
136418,2,"arahy.Tifrunner.gnm2.ann2.Ah02g237800",-4.8549724,-1.2132192,1.20403449415934e-06,0.000166618590757297,2,-1.2132192,0.000166618590757297,"arahy.Tifrunner.gnm2.ann2.Ah02g237800"
136419,2,"arahy.Tifrunner.gnm2.ann2.Ah03g271600",-4.886853,-1.8789281,1.02460544129389e-06,0.000144409096314127,2,-1.8789281,0.000144409096314127,"arahy.Tifrunner.gnm2.ann2.Ah03g271600"
136420,2,"STRG.285",-4.967647,-1.7125131,6.77701136865189e-07,9.70178193542481e-05,2,-1.7125131,9.70178193542481e-05,"STRG.285"
136421,2,"STRG.4743",-4.9999514,-1.3813621,5.73448159013093e-07,8.26128290851647e-05,2,-1.3813621,8.26128290851647e-05,"STRG.4743"
136422,2,"arahy.Tifrunner.gnm2.ann2.Ah13g645700",-5.027926,-1.1949859,4.95813391568954e-07,7.16552661516985e-05,2,-1.1949859,7.16552661516985e-05,"arahy.Tifrunner.gnm2.ann2.Ah13g645700"
136423,2,"arahy.Tifrunner.gnm2.ann2.Ah05g434900",-5.0299754,-2.3200803,4.9054262044254e-07,7.11193065383e-05,2,-2.3200803,7.11193065383e-05,"arahy.Tifrunner.gnm2.ann2.Ah05g434900"
136424,2,"STRG.3394",-5.1282973,-0.33274236,2.92374099466337e-07,4.3496857856554e-05,2,-0.33274236,4.3496857856554e-05,"STRG.3394"
136425,2,"STRG.5063",-5.1431417,-1.4199474,2.7018134482297e-07,4.0327001776134e-05,2,-1.4199474,4.0327001776134e-05,"STRG.5063"
136426,2,"arahy.Tifrunner.gnm2.ann2.Ah02g246000",-5.151622,-0.5439716,2.58243693408768e-07,3.87518088708827e-05,2,-0.5439716,3.87518088708827e-05,"arahy.Tifrunner.gnm2.ann2.Ah02g246000"
136427,2,"arahy.Tifrunner.gnm2.ann2.Ah02g312700",-5.1739364,-1.816424,2.2921273010325e-07,3.46667120439215e-05,2,-1.816424,3.46667120439215e-05,"arahy.Tifrunner.gnm2.ann2.Ah02g312700"
136428,2,"arahy.Tifrunner.gnm2.ann2.Ah02g324600",-5.203003,-1.8015081,1.96093954371899e-07,2.97566039294211e-05,2,-1.8015081,2.97566039294211e-05,"arahy.Tifrunner.gnm2.ann2.Ah02g324600"
136429,2,"arahy.Tifrunner.gnm2.ann2.Ah17g302200",-5.2223415,-0.1376641,1.76674849459788e-07,2.70806257468263e-05,2,-0.1376641,2.70806257468263e-05,"arahy.Tifrunner.gnm2.ann2.Ah17g302200"
136430,2,"arahy.Tifrunner.gnm2.ann2.Ah14g006300",-5.2404976,-1.628069,1.60144251868862e-07,2.47132438036545e-05,2,-1.628069,2.47132438036545e-05,"arahy.Tifrunner.gnm2.ann2.Ah14g006300"
136431,2,"arahy.Tifrunner.gnm2.ann2.Ah17g262700",-5.2768126,-0.4333678,1.31450227818309e-07,2.03542182693901e-05,2,-0.4333678,2.03542182693901e-05,"arahy.Tifrunner.gnm2.ann2.Ah17g262700"
136432,2,"arahy.Tifrunner.gnm2.ann2.Ah03g120500",-5.3135595,-0.8647187,1.07504211257849e-07,1.67031457791888e-05,2,-0.8647187,1.67031457791888e-05,"arahy.Tifrunner.gnm2.ann2.Ah03g120500"
136433,2,"arahy.Tifrunner.gnm2.ann2.Ah01g328300",-5.317872,-2.0910275,1.04987886397641e-07,1.6417968820754e-05,2,-2.0910275,1.6417968820754e-05,"arahy.Tifrunner.gnm2.ann2.Ah01g328300"
136434,2,"arahy.Tifrunner.gnm2.ann2.Ah07g271800",-5.3292427,-1.9365034,9.86231590604348e-08,1.56436261082482e-05,2,-1.9365034,1.56436261082482e-05,"arahy.Tifrunner.gnm2.ann2.Ah07g271800"
136435,2,"arahy.Tifrunner.gnm2.ann2.Ah10g329400",-5.3687925,-1.9298856,7.92654911176722e-08,1.2750820557035e-05,2,-1.9298856,1.2750820557035e-05,"arahy.Tifrunner.gnm2.ann2.Ah10g329400"
136436,2,"STRG.1498",-5.449365,-1.0713086,5.05499411809745e-08,8.24815599398812e-06,2,-1.0713086,8.24815599398812e-06,"STRG.1498"
136437,2,"arahy.Tifrunner.gnm2.ann2.Ah18g446700",-5.4560027,-2.4365947,4.86972401089488e-08,7.97443582273304e-06,2,-2.4365947,7.97443582273304e-06,"arahy.Tifrunner.gnm2.ann2.Ah18g446700"
136438,2,"STRG.1624",-5.4725924,-1.6048298,4.43499042429754e-08,7.28875465977332e-06,2,-1.6048298,7.28875465977332e-06,"STRG.1624"
136439,2,"STRG.1669",-5.523357,-1.4278479,3.32583299374247e-08,5.67060753584765e-06,2,-1.4278479,5.67060753584765e-06,"STRG.1669"
136440,2,"STRG.4533",-5.543113,-1.5645933,2.97140359904676e-08,5.10453499784923e-06,2,-1.5645933,5.10453499784923e-06,"STRG.4533"
136441,2,"arahy.Tifrunner.gnm2.ann2.Ah03g078700",-5.567728,-1.6055542,2.58082283337127e-08,4.45035525251491e-06,2,-1.6055542,4.45035525251491e-06,"arahy.Tifrunner.gnm2.ann2.Ah03g078700"
136442,2,"arahy.Tifrunner.gnm2.ann2.Ah17g300100",-5.636688,-0.25759944,1.7335158205793e-08,3.03525285446354e-06,2,-0.25759944,3.03525285446354e-06,"arahy.Tifrunner.gnm2.ann2.Ah17g300100"
136443,2,"arahy.Tifrunner.gnm2.ann2.Ah14g470000",-5.6885214,-2.1034944,1.28144106770794e-08,2.278762623685e-06,2,-2.1034944,2.278762623685e-06,"arahy.Tifrunner.gnm2.ann2.Ah14g470000"
136444,2,"arahy.Tifrunner.gnm2.ann2.Ah06g436200",-5.7030077,-1.9475285,1.177117661784e-08,2.11806736897451e-06,2,-1.9475285,2.11806736897451e-06,"arahy.Tifrunner.gnm2.ann2.Ah06g436200"
136445,2,"arahy.Tifrunner.gnm2.ann2.Ah15g532900",-5.715737,-1.968884,1.09229564377543e-08,1.97324074949337e-06,2,-1.968884,1.97324074949337e-06,"arahy.Tifrunner.gnm2.ann2.Ah15g532900"
136446,2,"arahy.Tifrunner.gnm2.ann2.Ah03g231100",-5.719765,-1.5899982,1.06671448286833e-08,1.94244440472392e-06,2,-1.5899982,1.94244440472392e-06,"arahy.Tifrunner.gnm2.ann2.Ah03g231100"
136447,2,"arahy.Tifrunner.gnm2.ann2.Ah17g301000",-5.721044,-0.37183592,1.05871312742679e-08,1.93561672341274e-06,2,-0.37183592,1.93561672341274e-06,"arahy.Tifrunner.gnm2.ann2.Ah17g301000"
136448,2,"arahy.Tifrunner.gnm2.ann2.Ah06g385500",-5.729581,-1.8542298,1.00679137730895e-08,1.84811172018599e-06,2,-1.8542298,1.84811172018599e-06,"arahy.Tifrunner.gnm2.ann2.Ah06g385500"
136449,2,"arahy.Tifrunner.gnm2.ann2.Ah18g019500",-5.7354593,-1.5984584,9.72483817363618e-09,1.79236248184864e-06,2,-1.5984584,1.79236248184864e-06,"arahy.Tifrunner.gnm2.ann2.Ah18g019500"
136450,2,"arahy.Tifrunner.gnm2.ann2.Ah12g239600",-5.7557874,-1.3892305,8.62389145406937e-09,1.59591070957339e-06,2,-1.3892305,1.59591070957339e-06,"arahy.Tifrunner.gnm2.ann2.Ah12g239600"
136451,2,"arahy.Tifrunner.gnm2.ann2.Ah11g257500",-5.8064322,-0.3764899,6.38180925991808e-09,1.20051853201864e-06,2,-0.3764899,1.20051853201864e-06,"arahy.Tifrunner.gnm2.ann2.Ah11g257500"
136452,2,"arahy.Tifrunner.gnm2.ann2.Ah11g002700",-5.847358,-2.036195,4.99441702344007e-09,9.55318657878513e-07,2,-2.036195,9.55318657878513e-07,"arahy.Tifrunner.gnm2.ann2.Ah11g002700"
136453,2,"arahy.Tifrunner.gnm2.ann2.Ah15g078400",-5.851295,-1.6555296,4.87759786749287e-09,9.36910402193019e-07,2,-1.6555296,9.36910402193019e-07,"arahy.Tifrunner.gnm2.ann2.Ah15g078400"
136454,2,"arahy.Tifrunner.gnm2.ann2.Ah17g411500",-5.878414,-1.2040081,4.14215499354754e-09,7.99014677653637e-07,2,-1.2040081,7.99014677653637e-07,"arahy.Tifrunner.gnm2.ann2.Ah17g411500"
136455,2,"arahy.Tifrunner.gnm2.ann2.Ah06g040500",-5.9202213,-1.4172052,3.21508833606682e-09,6.25485817996178e-07,2,-1.4172052,6.25485817996178e-07,"arahy.Tifrunner.gnm2.ann2.Ah06g040500"
136456,2,"STRG.4258",-5.941385,-0.23084572,2.82624199774913e-09,5.52196741225457e-07,2,-0.23084572,5.52196741225457e-07,"STRG.4258"
136457,2,"arahy.Tifrunner.gnm2.ann2.Ah01g247000",-5.953031,-0.2991201,2.63220989112941e-09,5.1650311674041e-07,2,-0.2991201,5.1650311674041e-07,"arahy.Tifrunner.gnm2.ann2.Ah01g247000"
136458,2,"arahy.Tifrunner.gnm2.ann2.Ah12g106400",-5.9943833,-0.21479124,2.04258826071768e-09,4.06055842711404e-07,2,-0.21479124,4.06055842711404e-07,"arahy.Tifrunner.gnm2.ann2.Ah12g106400"
136459,2,"STRG.1804",-6.0021954,-1.5021673,1.9466752930088e-09,3.90398440700144e-07,2,-1.5021673,3.90398440700144e-07,"STRG.1804"
136460,2,"STRG.3208",-6.0124373,-0.90281206,1.82754563211717e-09,3.68129147595143e-07,2,-0.90281206,3.68129147595143e-07,"STRG.3208"
136461,2,"arahy.Tifrunner.gnm2.ann2.Ah17g301300",-6.066843,-0.25809786,1.30448942522508e-09,2.68713016262203e-07,2,-0.25809786,2.68713016262203e-07,"arahy.Tifrunner.gnm2.ann2.Ah17g301300"
136462,2,"arahy.Tifrunner.gnm2.ann2.Ah20g079200",-6.1399193,-1.5470338,8.25633619101655e-10,1.7241350860543e-07,2,-1.5470338,1.7241350860543e-07,"arahy.Tifrunner.gnm2.ann2.Ah20g079200"
136463,2,"arahy.Tifrunner.gnm2.ann2.Ah03g509500",-6.17543,-1.3370147,6.5983651139733e-10,1.39713476022568e-07,2,-1.3370147,1.39713476022568e-07,"arahy.Tifrunner.gnm2.ann2.Ah03g509500"
136464,2,"STRG.4259",-6.2194886,-0.3436223,4.98778423016789e-10,1.08013592981431e-07,2,-0.3436223,1.08013592981431e-07,"STRG.4259"
136465,2,"arahy.Tifrunner.gnm2.ann2.Ah03g215500",-6.301843,-1.9990003,2.94126538885501e-10,6.53161783230416e-08,2,-1.9990003,6.53161783230416e-08,"arahy.Tifrunner.gnm2.ann2.Ah03g215500"
136466,2,"STRG.5857",-6.320048,-1.0203376,2.61482611836246e-10,5.83516393197708e-08,2,-1.0203376,5.83516393197708e-08,"STRG.5857"
136467,2,"arahy.Tifrunner.gnm2.ann2.Ah12g037400",-6.347221,-2.349652,2.19239494942193e-10,4.91658067376768e-08,2,-2.349652,4.91658067376768e-08,"arahy.Tifrunner.gnm2.ann2.Ah12g037400"
136468,2,"arahy.Tifrunner.gnm2.ann2.Ah11g098900",-6.40315,-1.9510436,1.52203390765693e-10,3.4644535806087e-08,2,-1.9510436,3.4644535806087e-08,"arahy.Tifrunner.gnm2.ann2.Ah11g098900"
136469,2,"arahy.Tifrunner.gnm2.ann2.Ah11g257800",-6.486969,-0.3649197,8.75803848045201e-11,2.01364113022271e-08,2,-0.3649197,2.01364113022271e-08,"arahy.Tifrunner.gnm2.ann2.Ah11g257800"
136470,2,"arahy.Tifrunner.gnm2.ann2.Ah20g132400",-6.5399337,-1.685166,6.15462082279974e-11,1.42950488947518e-08,2,-1.685166,1.42950488947518e-08,"arahy.Tifrunner.gnm2.ann2.Ah20g132400"
136471,2,"arahy.Tifrunner.gnm2.ann2.Ah07g005300",-6.554863,-1.0260124,5.56929304366718e-11,1.30018716164054e-08,2,-1.0260124,1.30018716164054e-08,"arahy.Tifrunner.gnm2.ann2.Ah07g005300"
136472,2,"arahy.Tifrunner.gnm2.ann2.Ah01g240700",-6.5637207,-0.33119792,5.2481398776952e-11,1.23152742160926e-08,2,-0.33119792,1.23152742160926e-08,"arahy.Tifrunner.gnm2.ann2.Ah01g240700"
136473,2,"arahy.Tifrunner.gnm2.ann2.Ah07g179100",-6.587477,-1.9051492,4.47363171694539e-11,1.06071672021991e-08,2,-1.9051492,1.06071672021991e-08,"arahy.Tifrunner.gnm2.ann2.Ah07g179100"
136474,2,"arahy.Tifrunner.gnm2.ann2.Ah16g303900",-6.61743,-0.37588876,3.654967341864e-11,8.71145200371815e-09,2,-0.37588876,8.71145200371815e-09,"arahy.Tifrunner.gnm2.ann2.Ah16g303900"
136475,2,"arahy.Tifrunner.gnm2.ann2.Ah01g241500",-6.7119346,-0.36085516,1.92060824173657e-11,4.62612537549289e-09,2,-0.36085516,4.62612537549289e-09,"arahy.Tifrunner.gnm2.ann2.Ah01g241500"
136476,2,"arahy.Tifrunner.gnm2.ann2.Ah13g490500",-6.725918,-1.7840328,1.74489253419782e-11,4.2252387088735e-09,2,-1.7840328,4.2252387088735e-09,"arahy.Tifrunner.gnm2.ann2.Ah13g490500"
136477,2,"STRG.3916",-6.8996415,-1.2529699,5.21339772933784e-12,1.3112415371844e-09,2,-1.2529699,1.3112415371844e-09,"STRG.3916"
136478,2,"arahy.Tifrunner.gnm2.ann2.Ah13g256600",-6.9618845,-1.8103019,3.35751039481878e-12,8.58692714683878e-10,2,-1.8103019,8.58692714683878e-10,"arahy.Tifrunner.gnm2.ann2.Ah13g256600"
136479,2,"arahy.Tifrunner.gnm2.ann2.Ah19g376300",-7.0510902,-2.051592,1.77521588367204e-12,4.5917572663799e-10,2,-2.051592,4.5917572663799e-10,"arahy.Tifrunner.gnm2.ann2.Ah19g376300"
136480,2,"arahy.Tifrunner.gnm2.ann2.Ah09g054000",-7.0589843,-1.6497494,1.67724254086197e-12,4.38820628909197e-10,2,-1.6497494,4.38820628909197e-10,"arahy.Tifrunner.gnm2.ann2.Ah09g054000"
136481,2,"arahy.Tifrunner.gnm2.ann2.Ah19g519200",-7.059189,-1.3868243,1.67477423552954e-12,4.38820628909197e-10,2,-1.3868243,4.38820628909197e-10,"arahy.Tifrunner.gnm2.ann2.Ah19g519200"
136482,2,"arahy.Tifrunner.gnm2.ann2.Ah13g539200",-7.1639013,-1.2595922,7.84129452490858e-13,2.0998064232467e-10,2,-1.2595922,2.0998064232467e-10,"arahy.Tifrunner.gnm2.ann2.Ah13g539200"
136483,2,"STRG.5721",-7.22188,-1.1325855,5.12736530430612e-13,1.41465562492868e-10,2,-1.1325855,1.41465562492868e-10,"STRG.5721"
136484,2,"STRG.1614",-7.325981,-0.66391563,2.37156740467924e-13,6.6235113208968e-11,2,-0.66391563,6.6235113208968e-11,"STRG.1614"
136485,2,"arahy.Tifrunner.gnm2.ann2.Ah19g073000",-7.3347282,-1.8020345,2.22171826369166e-13,6.24330260717896e-11,2,-1.8020345,6.24330260717896e-11,"arahy.Tifrunner.gnm2.ann2.Ah19g073000"
136486,2,"arahy.Tifrunner.gnm2.ann2.Ah04g064900",-7.3777294,-2.2416677,1.61011994968421e-13,4.55273916704496e-11,2,-2.2416677,4.55273916704496e-11,"arahy.Tifrunner.gnm2.ann2.Ah04g064900"
136487,2,"STRG.3858",-7.4259863,-0.632383,1.11942579132111e-13,3.20507797006932e-11,2,-0.632383,3.20507797006932e-11,"STRG.3858"
136488,2,"arahy.Tifrunner.gnm2.ann2.Ah16g226800",-7.4329653,-0.2176829,1.06189967777611e-13,3.05961524880251e-11,2,-0.2176829,3.05961524880251e-11,"arahy.Tifrunner.gnm2.ann2.Ah16g226800"
136489,2,"arahy.Tifrunner.gnm2.ann2.Ah02g197000",-7.5031447,-0.26218748,6.23046845776098e-14,1.80659774567587e-11,2,-0.26218748,1.80659774567587e-11,"arahy.Tifrunner.gnm2.ann2.Ah02g197000"
136490,2,"arahy.Tifrunner.gnm2.ann2.Ah01g013100",-7.722925,-2.0235147,1.136897578685e-14,3.45040835813705e-12,2,-2.0235147,3.45040835813705e-12,"arahy.Tifrunner.gnm2.ann2.Ah01g013100"
136491,2,"arahy.Tifrunner.gnm2.ann2.Ah16g368900",-7.7410927,-0.39041367,9.85659011628951e-15,3.01148596277828e-12,2,-0.39041367,3.01148596277828e-12,"arahy.Tifrunner.gnm2.ann2.Ah16g368900"
136492,2,"arahy.Tifrunner.gnm2.ann2.Ah16g516300",-7.749976,-1.9803321,9.1909808215075e-15,2.83064231117672e-12,2,-1.9803321,2.83064231117672e-12,"arahy.Tifrunner.gnm2.ann2.Ah16g516300"
136493,2,"arahy.Tifrunner.gnm2.ann2.Ah11g258300",-7.8180976,-0.26480913,5.3627535685444e-15,1.67215064009873e-12,2,-0.26480913,1.67215064009873e-12,"arahy.Tifrunner.gnm2.ann2.Ah11g258300"
136494,2,"STRG.561",-7.918577,-2.1571503,2.40243323444058e-15,7.70199792708964e-13,2,-2.1571503,7.70199792708964e-13,"STRG.561"
136495,2,"arahy.Tifrunner.gnm2.ann2.Ah18g353800",-7.9394197,-0.2396336,2.03129110483265e-15,6.55833306782988e-13,2,-0.2396336,6.55833306782988e-13,"arahy.Tifrunner.gnm2.ann2.Ah18g353800"
136496,2,"arahy.Tifrunner.gnm2.ann2.Ah09g404400",-7.978066,-1.6905745,1.48644072025071e-15,4.86825376609304e-13,2,-1.6905745,4.86825376609304e-13,"arahy.Tifrunner.gnm2.ann2.Ah09g404400"
136497,2,"STRG.1454",-8.012582,-2.1367197,1.12325353261248e-15,3.70543433468482e-13,2,-2.1367197,3.70543433468482e-13,"STRG.1454"
136498,2,"arahy.Tifrunner.gnm2.ann2.Ah17g259000",-8.044917,-0.28181502,8.63040312932266e-16,2.86781366466631e-13,2,-0.28181502,2.86781366466631e-13,"arahy.Tifrunner.gnm2.ann2.Ah17g259000"
136499,2,"arahy.Tifrunner.gnm2.ann2.Ah03g326000",-8.0758705,-1.869427,6.69969097668988e-16,2.25923505202096e-13,2,-1.869427,2.25923505202096e-13,"arahy.Tifrunner.gnm2.ann2.Ah03g326000"
136500,2,"arahy.Tifrunner.gnm2.ann2.Ah20g419300",-8.19053,-1.8680253,2.60079509546615e-16,8.90215006962413e-14,2,-1.8680253,8.90215006962413e-14,"arahy.Tifrunner.gnm2.ann2.Ah20g419300"
136501,2,"arahy.Tifrunner.gnm2.ann2.Ah0g045300",-8.200754,-0.32231036,2.38882895146609e-16,8.23856433231381e-14,2,-0.32231036,8.23856433231381e-14,"arahy.Tifrunner.gnm2.ann2.Ah0g045300"
136502,2,"arahy.Tifrunner.gnm2.ann2.Ah19g563700",-8.218601,-0.38510963,2.05891202708524e-16,7.15495504740676e-14,2,-0.38510963,7.15495504740676e-14,"arahy.Tifrunner.gnm2.ann2.Ah19g563700"
136503,2,"STRG.1416",-8.235602,-1.7185546,1.7865584507465e-16,6.25625283936796e-14,2,-1.7185546,6.25625283936796e-14,"STRG.1416"
136504,2,"STRG.2274",-8.2662525,-1.7947804,1.38235782040683e-16,4.91644198564067e-14,2,-1.7947804,4.91644198564067e-14,"STRG.2274"
136505,2,"arahy.Tifrunner.gnm2.ann2.Ah10g201700",-8.392728,-0.32394186,4.74988918136599e-17,1.71614250073417e-14,2,-0.32394186,1.71614250073417e-14,"arahy.Tifrunner.gnm2.ann2.Ah10g201700"
136506,2,"arahy.Tifrunner.gnm2.ann2.Ah14g462000",-8.480848,-1.5337507,2.23558634977369e-17,8.27421406399166e-15,2,-1.5337507,8.27421406399166e-15,"arahy.Tifrunner.gnm2.ann2.Ah14g462000"
136507,2,"arahy.Tifrunner.gnm2.ann2.Ah19g512300",-8.516103,-1.8510212,1.65012560713514e-17,6.15740312616557e-15,2,-1.8510212,6.15740312616557e-15,"arahy.Tifrunner.gnm2.ann2.Ah19g512300"
136508,2,"arahy.Tifrunner.gnm2.ann2.Ah15g235200",-8.919812,-0.47192842,4.67079605382821e-19,1.8173787996109e-16,2,-0.47192842,1.8173787996109e-16,"arahy.Tifrunner.gnm2.ann2.Ah15g235200"
136509,2,"arahy.Tifrunner.gnm2.ann2.Ah10g201100",-8.970028,-0.3844046,2.96439443617588e-19,1.16337148545233e-16,2,-0.3844046,1.16337148545233e-16,"arahy.Tifrunner.gnm2.ann2.Ah10g201100"
136510,2,"arahy.Tifrunner.gnm2.ann2.Ah10g200200",-8.973311,-0.31229925,2.87731885617457e-19,1.13901794442166e-16,2,-0.31229925,1.13901794442166e-16,"arahy.Tifrunner.gnm2.ann2.Ah10g200200"
136511,2,"arahy.Tifrunner.gnm2.ann2.Ah05g232400",-8.979463,-1.8946079,2.72092302722488e-19,1.08655526220513e-16,2,-1.8946079,1.08655526220513e-16,"arahy.Tifrunner.gnm2.ann2.Ah05g232400"
136512,2,"arahy.Tifrunner.gnm2.ann2.Ah17g300600",-9.014572,-0.27103776,1.97639941250273e-19,7.96226609334287e-17,2,-0.27103776,7.96226609334287e-17,"arahy.Tifrunner.gnm2.ann2.Ah17g300600"
136513,2,"arahy.Tifrunner.gnm2.ann2.Ah13g380800",-9.044045,-2.0447755,1.50978858275451e-19,6.19203742714562e-17,2,-2.0447755,6.19203742714562e-17,"arahy.Tifrunner.gnm2.ann2.Ah13g380800"
136514,2,"arahy.Tifrunner.gnm2.ann2.Ah10g199200",-9.139803,-0.31430247,6.25661084191076e-20,2.58932683606496e-17,2,-0.31430247,2.58932683606496e-17,"arahy.Tifrunner.gnm2.ann2.Ah10g199200"
136515,2,"arahy.Tifrunner.gnm2.ann2.Ah08g021700",-9.225194,-1.9856355,2.83048173327853e-20,1.18215459106213e-17,2,-1.9856355,1.18215459106213e-17,"arahy.Tifrunner.gnm2.ann2.Ah08g021700"
136516,2,"STRG.4331",-9.233162,-1.7798277,2.6275839224177e-20,1.10757528226059e-17,2,-1.7798277,1.10757528226059e-17,"STRG.4331"
136517,2,"STRG.2239",-9.388906,-1.5679954,6.06267594001887e-21,2.62854532850875e-18,2,-1.5679954,2.62854532850875e-18,"STRG.2239"
136518,2,"arahy.Tifrunner.gnm2.ann2.Ah13g400400",-9.467625,-0.41269404,2.86278753109247e-21,1.26529650063547e-18,2,-0.41269404,1.26529650063547e-18,"arahy.Tifrunner.gnm2.ann2.Ah13g400400"
136519,2,"arahy.Tifrunner.gnm2.ann2.Ah07g177500",-9.520999,-2.3022153,1.71522505670149e-21,7.65528485110576e-19,2,-2.3022153,7.65528485110576e-19,"arahy.Tifrunner.gnm2.ann2.Ah07g177500"
136520,2,"STRG.1034",-9.623639,-0.3484891,6.35425886074891e-22,2.86407208293796e-19,2,-0.3484891,2.86407208293796e-19,"STRG.1034"
136521,2,"arahy.Tifrunner.gnm2.ann2.Ah01g244400",-9.649178,-0.33581173,4.95516220921052e-22,2.255788044121e-19,2,-0.33581173,2.255788044121e-19,"arahy.Tifrunner.gnm2.ann2.Ah01g244400"
136522,2,"arahy.Tifrunner.gnm2.ann2.Ah10g190500",-9.667791,-0.40604305,4.13199852889747e-22,1.90005152555079e-19,2,-0.40604305,1.90005152555079e-19,"arahy.Tifrunner.gnm2.ann2.Ah10g190500"
136523,2,"arahy.Tifrunner.gnm2.ann2.Ah01g245200",-9.680387,-0.3913904,3.6533051585874e-22,1.69707208203605e-19,2,-0.3913904,1.69707208203605e-19,"arahy.Tifrunner.gnm2.ann2.Ah01g245200"
136524,2,"STRG.5769",-9.688667,-2.4317522,3.36894648843886e-22,1.58111257669784e-19,2,-2.4317522,1.58111257669784e-19,"STRG.5769"
136525,2,"arahy.Tifrunner.gnm2.ann2.Ah06g377400",-9.789153,-2.0543482,1.25341421332546e-22,6.0063609102556e-20,2,-2.0543482,6.0063609102556e-20,"arahy.Tifrunner.gnm2.ann2.Ah06g377400"
136526,2,"arahy.Tifrunner.gnm2.ann2.Ah10g200900",-9.838357,-0.3150008,7.69575418807354e-23,3.72703737933893e-20,2,-0.3150008,3.72703737933893e-20,"arahy.Tifrunner.gnm2.ann2.Ah10g200900"
136527,2,"arahy.Tifrunner.gnm2.ann2.Ah17g352100",-10.020003,-2.0060573,1.24499226955465e-23,6.09430409453825e-21,2,-2.0060573,6.09430409453825e-21,"arahy.Tifrunner.gnm2.ann2.Ah17g352100"
136528,2,"arahy.Tifrunner.gnm2.ann2.Ah10g327300",-10.144432,-2.1879864,3.50813003523166e-24,1.75499023872402e-21,2,-2.1879864,1.75499023872402e-21,"arahy.Tifrunner.gnm2.ann2.Ah10g327300"
136529,2,"arahy.Tifrunner.gnm2.ann2.Ah05g371500",-10.221778,-1.08504,1.58408100687832e-24,8.01263375079205e-22,2,-1.08504,8.01263375079205e-22,"arahy.Tifrunner.gnm2.ann2.Ah05g371500"
136530,2,"arahy.Tifrunner.gnm2.ann2.Ah14g066500",-10.582538,-1.8605361,3.59097597429029e-26,1.87902977302979e-23,2,-1.8605361,1.87902977302979e-23,"arahy.Tifrunner.gnm2.ann2.Ah14g066500"
136531,2,"arahy.Tifrunner.gnm2.ann2.Ah20g520900",-10.624706,-0.38901305,2.28731950132568e-26,1.21078991835291e-23,2,-0.38901305,1.21078991835291e-23,"arahy.Tifrunner.gnm2.ann2.Ah20g520900"
136532,2,"arahy.Tifrunner.gnm2.ann2.Ah09g409800",-10.743307,-2.040682,6.37198103487472e-27,3.41268311331338e-24,2,-2.040682,3.41268311331338e-24,"arahy.Tifrunner.gnm2.ann2.Ah09g409800"
136533,2,"arahy.Tifrunner.gnm2.ann2.Ah07g188600",-10.881342,-0.36498067,1.41465257126772e-27,7.75911369330021e-25,2,-0.36498067,7.75911369330021e-25,"arahy.Tifrunner.gnm2.ann2.Ah07g188600"
136534,2,"arahy.Tifrunner.gnm2.ann2.Ah10g092000",-10.892612,-1.9296346,1.25001623587975e-27,6.93972428319386e-25,2,-1.9296346,6.93972428319386e-25,"arahy.Tifrunner.gnm2.ann2.Ah10g092000"
136535,2,"arahy.Tifrunner.gnm2.ann2.Ah17g203300",-11.203541,-2.6594188,3.91756769031892e-29,2.22929189417598e-26,2,-2.6594188,2.22929189417598e-26,"arahy.Tifrunner.gnm2.ann2.Ah17g203300"
136536,2,"STRG.719",-11.225532,-1.8756298,3.05543768662136e-29,1.76070563602216e-26,2,-1.8756298,1.76070563602216e-26,"STRG.719"
136537,2,"arahy.Tifrunner.gnm2.ann2.Ah15g406500",-11.301764,-1.2076757,1.28609465544423e-29,7.50617603774912e-27,2,-1.2076757,7.50617603774912e-27,"arahy.Tifrunner.gnm2.ann2.Ah15g406500"
136538,2,"arahy.Tifrunner.gnm2.ann2.Ah15g171100",-11.323444,-2.5213017,1.00446388370572e-29,5.93859920023626e-27,2,-2.5213017,5.93859920023626e-27,"arahy.Tifrunner.gnm2.ann2.Ah15g171100"
136539,2,"arahy.Tifrunner.gnm2.ann2.Ah17g299000",-11.324769,-0.17813317,9.89394530841055e-30,5.92647323973792e-27,2,-0.17813317,5.92647323973792e-27,"arahy.Tifrunner.gnm2.ann2.Ah17g299000"
136540,2,"arahy.Tifrunner.gnm2.ann2.Ah01g239800",-11.517882,-0.38111115,1.07213425766676e-30,6.59565404675966e-28,2,-0.38111115,6.59565404675966e-28,"arahy.Tifrunner.gnm2.ann2.Ah01g239800"
136541,2,"arahy.Tifrunner.gnm2.ann2.Ah14g495900",-11.545278,-2.2535436,7.7989598792317e-31,4.8635595827691e-28,2,-2.2535436,4.8635595827691e-28,"arahy.Tifrunner.gnm2.ann2.Ah14g495900"
136542,2,"arahy.Tifrunner.gnm2.ann2.Ah08g177500",-11.570645,-1.8913367,5.80445414909467e-31,3.67002737060258e-28,2,-1.8913367,3.67002737060258e-28,"arahy.Tifrunner.gnm2.ann2.Ah08g177500"
136543,2,"arahy.Tifrunner.gnm2.ann2.Ah16g466800",-11.594512,-2.067676,4.39361821058524e-31,2.8171137382913e-28,2,-2.067676,2.8171137382913e-28,"arahy.Tifrunner.gnm2.ann2.Ah16g466800"
136544,2,"arahy.Tifrunner.gnm2.ann2.Ah18g058000",-11.709117,-1.8782762,1.144654028961e-31,7.44417571634577e-29,2,-1.8782762,7.44417571634577e-29,"arahy.Tifrunner.gnm2.ann2.Ah18g058000"
136545,2,"STRG.4844",-11.737191,-2.0390596,8.21702948769592e-32,5.42133406373723e-29,2,-2.0390596,5.42133406373723e-29,"STRG.4844"
136546,2,"STRG.4756",-11.79365,-1.6378124,4.20899154638112e-32,2.81779604643315e-29,2,-1.6378124,2.81779604643315e-29,"STRG.4756"
136547,2,"arahy.Tifrunner.gnm2.ann2.Ah14g403700",-12.08961,-2.0344496,1.19853528575165e-33,8.39417236131663e-31,2,-2.0344496,8.39417236131663e-31,"arahy.Tifrunner.gnm2.ann2.Ah14g403700"
136548,2,"arahy.Tifrunner.gnm2.ann2.Ah17g302000",-12.255873,-0.4834707,1.56258824041794e-34,1.11148854776229e-31,2,-0.4834707,1.11148854776229e-31,"arahy.Tifrunner.gnm2.ann2.Ah17g302000"
136549,2,"arahy.Tifrunner.gnm2.ann2.Ah17g260500",-12.270984,-0.21757042,1.29667995515925e-34,9.36985052042373e-32,2,-0.21757042,9.36985052042373e-32,"arahy.Tifrunner.gnm2.ann2.Ah17g260500"
136550,2,"arahy.Tifrunner.gnm2.ann2.Ah04g425900",-12.329944,-1.8307285,6.2490444526499e-35,4.58841128487797e-32,2,-1.8307285,4.58841128487797e-32,"arahy.Tifrunner.gnm2.ann2.Ah04g425900"
136551,2,"arahy.Tifrunner.gnm2.ann2.Ah14g403600",-12.386513,-1.8894553,3.09199430707077e-35,2.30754014483753e-32,2,-1.8894553,2.30754014483753e-32,"arahy.Tifrunner.gnm2.ann2.Ah14g403600"
136552,2,"arahy.Tifrunner.gnm2.ann2.Ah14g062700",-12.958641,-1.5472708,2.09932466405055e-38,1.67666063168837e-35,2,-1.5472708,1.67666063168837e-35,"arahy.Tifrunner.gnm2.ann2.Ah14g062700"
136553,2,"STRG.3538",-13.544165,-2.1174235,8.57837887457973e-42,7.10040217975214e-39,2,-2.1174235,7.10040217975214e-39,"STRG.3538"
136554,2,"arahy.Tifrunner.gnm2.ann2.Ah04g104700",-13.965314,-2.0408442,2.53783463879447e-44,2.26534086463685e-41,2,-2.0408442,2.26534086463685e-41,"arahy.Tifrunner.gnm2.ann2.Ah04g104700"
136555,2,"arahy.Tifrunner.gnm2.ann2.Ah16g477300",-14.659947,-2.0808768,1.16362410859704e-48,1.05945647839544e-45,2,-2.0808768,1.05945647839544e-45,"arahy.Tifrunner.gnm2.ann2.Ah16g477300"
136556,2,"arahy.Tifrunner.gnm2.ann2.Ah06g385700",-14.866038,-2.1881554,5.47594310300565e-50,5.19347570460895e-47,2,-2.1881554,5.19347570460895e-47,"arahy.Tifrunner.gnm2.ann2.Ah06g385700"
136557,2,"arahy.Tifrunner.gnm2.ann2.Ah0g033100",-14.992165,-0.383572,8.2616543544661e-51,8.00220325175989e-48,2,-0.383572,8.00220325175989e-48,"arahy.Tifrunner.gnm2.ann2.Ah0g033100"
136558,2,"arahy.Tifrunner.gnm2.ann2.Ah10g030800",-15.283529,-2.1330686,9.84613609459507e-53,9.74424999065969e-50,2,-2.1330686,9.74424999065969e-50,"arahy.Tifrunner.gnm2.ann2.Ah10g030800"
136559,2,"arahy.Tifrunner.gnm2.ann2.Ah08g256000",-15.509805,-1.9434158,2.9778194242654e-54,3.01249447711685e-51,2,-1.9434158,3.01249447711685e-51,"arahy.Tifrunner.gnm2.ann2.Ah08g256000"
136560,2,"arahy.Tifrunner.gnm2.ann2.Ah14g119300",-16.371891,-1.9351208,3.03629806530054e-60,3.14146438919868e-57,2,-1.9351208,3.14146438919868e-57,"arahy.Tifrunner.gnm2.ann2.Ah14g119300"
136561,2,"arahy.Tifrunner.gnm2.ann2.Ah04g350700",-16.98278,-1.9939649,1.10143087755073e-64,1.1660823085958e-61,2,-1.9939649,1.1660823085958e-61,"arahy.Tifrunner.gnm2.ann2.Ah04g350700"
136562,2,"arahy.Tifrunner.gnm2.ann2.Ah19g485300",-17.0393,-1.4275053,4.19720712003142e-65,4.54937278410263e-62,2,-1.4275053,4.54937278410263e-62,"arahy.Tifrunner.gnm2.ann2.Ah19g485300"
136563,2,"arahy.Tifrunner.gnm2.ann2.Ah20g052000",-17.216606,-2.2402713,1.99339924878313e-66,2.2133538390635e-63,2,-2.2402713,2.2133538390635e-63,"arahy.Tifrunner.gnm2.ann2.Ah20g052000"
136564,2,"STRG.687",-17.327976,-1.7911614,2.89332840380175e-67,3.37733031422233e-64,2,-1.7911614,3.37733031422233e-64,"STRG.687"
136565,2,"STRG.3558",-17.869034,-0.9813865,2.05520305044661e-71,2.5286773964468e-68,2,-0.9813865,2.5286773964468e-68,"STRG.3558"
136566,2,"arahy.Tifrunner.gnm2.ann2.Ah11g485700",-18.116177,-2.1779432,2.37542769600129e-73,3.00386028979896e-70,2,-2.1779432,3.00386028979896e-70,"arahy.Tifrunner.gnm2.ann2.Ah11g485700"
136567,2,"arahy.Tifrunner.gnm2.ann2.Ah17g200800",-19.411732,-1.886875,6.14218927704838e-84,8.47324317116213e-81,2,-1.886875,8.47324317116213e-81,"arahy.Tifrunner.gnm2.ann2.Ah17g200800"
136568,2,"arahy.Tifrunner.gnm2.ann2.Ah06g310100",-21.069971,-1.8916149,1.50021706019504e-98,2.27652938161063e-95,2,-1.8916149,2.27652938161063e-95,"arahy.Tifrunner.gnm2.ann2.Ah06g310100"
136569,2,"STRG.4445",-25.643759,-1.4858084,4.96316993433828e-145,9.03773392363263e-142,2,-1.4858084,9.03773392363263e-142,"STRG.4445"
136570,2,"STRG.4806",-25.848059,-1.4941773,2.55851801525496e-147,5.06408583158551e-144,2,-1.4941773,5.06408583158551e-144,"STRG.4806"
136571,2,"arahy.Tifrunner.gnm2.ann2.Ah06g130300",-25.93771,-1.6180556,2.50230786395034e-148,5.17795741811251e-145,2,-1.6180556,5.17795741811251e-145,"arahy.Tifrunner.gnm2.ann2.Ah06g130300"
136572,3,"STRG.3194",44.242493,5.253325,0,0,3,5.253325,0,"STRG.3194"
136573,3,"arahy.Tifrunner.gnm2.ann2.Ah08g267500",38.471157,4.509269,0,0,3,4.509269,0,"arahy.Tifrunner.gnm2.ann2.Ah08g267500"
136574,3,"STRG.5230",37.691113,4.358686,0,0,3,4.358686,0,"STRG.5230"
136575,3,"STRG.1959",32.491566,4.195702,1.40292027178165e-231,1.5966635613147e-227,3,4.195702,1.5966635613147e-227,"STRG.1959"
136576,3,"arahy.Tifrunner.gnm2.ann2.Ah03g120500",30.691402,3.226054,7.41285907840602e-207,6.74925993370711e-203,3,3.226054,6.74925993370711e-203,"arahy.Tifrunner.gnm2.ann2.Ah03g120500"
136577,3,"arahy.Tifrunner.gnm2.ann2.Ah03g393200",30.348333,0.8460641,2.64303223811699e-202,2.00535666013397e-198,3,0.8460641,2.00535666013397e-198,"arahy.Tifrunner.gnm2.ann2.Ah03g393200"
136578,3,"arahy.Tifrunner.gnm2.ann2.Ah18g018400",30.083813,4.2093415,7.89028444972225e-199,5.13139013270223e-195,3,4.2093415,5.13139013270223e-195,"arahy.Tifrunner.gnm2.ann2.Ah18g018400"
136579,3,"arahy.Tifrunner.gnm2.ann2.Ah15g534600",29.299828,4.8850226,1.04238942580873e-188,5.9317170275646e-185,3,4.8850226,5.9317170275646e-185,"arahy.Tifrunner.gnm2.ann2.Ah15g534600"
136580,3,"arahy.Tifrunner.gnm2.ann2.Ah20g103500",27.758389,4.486878,1.3801543197196e-169,6.98112725010168e-166,3,4.486878,6.98112725010168e-166,"arahy.Tifrunner.gnm2.ann2.Ah20g103500"
136581,3,"STRG.885",26.402811,1.9859121,1.2720203393922e-153,5.26431399368095e-150,3,1.9859121,5.26431399368095e-150,"STRG.885"
136582,3,"STRG.4979",25.069046,3.4430122,1.0824363946012e-138,4.10640286898543e-135,3,3.4430122,4.10640286898543e-135,"STRG.4979"
136583,3,"arahy.Tifrunner.gnm2.ann2.Ah16g155200",24.62609,4.236502,6.6395976019843e-134,2.32508493255949e-130,3,4.236502,2.32508493255949e-130,"arahy.Tifrunner.gnm2.ann2.Ah16g155200"
136584,3,"arahy.Tifrunner.gnm2.ann2.Ah06g025200",24.442673,3.8899863,6.02129619615935e-132,1.95795348595684e-128,3,3.8899863,1.95795348595684e-128,"arahy.Tifrunner.gnm2.ann2.Ah06g025200"
136585,3,"STRG.3582",24.079123,4.070307,4.13706650449769e-128,1.25557210367169e-124,3,4.070307,1.25557210367169e-124,"STRG.3582"
136586,3,"arahy.Tifrunner.gnm2.ann2.Ah10g067500",23.929377,4.365585,1.51523620048187e-126,4.31122579942103e-123,3,4.365585,4.31122579942103e-123,"arahy.Tifrunner.gnm2.ann2.Ah10g067500"
136587,3,"STRG.3967",23.86569,4.5323834,6.95983539906081e-126,1.86376203945202e-122,3,4.5323834,1.86376203945202e-122,"STRG.3967"
136588,3,"arahy.Tifrunner.gnm2.ann2.Ah03g069100",22.514637,3.5574315,2.98369198836925e-112,7.54608855991787e-109,3,3.5574315,7.54608855991787e-109,"arahy.Tifrunner.gnm2.ann2.Ah03g069100"
136589,3,"STRG.5840",21.86791,3.219611,5.25079628144939e-106,1.25809078903527e-102,3,3.219611,1.25809078903527e-102,"STRG.5840"
136590,3,"arahy.Tifrunner.gnm2.ann2.Ah19g480700",21.569084,3.596387,3.50561677533879e-103,7.97948490402615e-100,3,3.596387,7.97948490402615e-100,"arahy.Tifrunner.gnm2.ann2.Ah19g480700"
136591,3,"STRG.2911",21.05963,1.248308,1.86631822187097e-98,4.04582241583115e-95,3,1.248308,4.04582241583115e-95,"STRG.2911"
136592,3,"arahy.Tifrunner.gnm2.ann2.Ah07g011600",20.167936,4.8573956,1.8729512143316e-90,3.70714048179269e-87,3,4.8573956,3.70714048179269e-87,"arahy.Tifrunner.gnm2.ann2.Ah07g011600"
136593,3,"arahy.Tifrunner.gnm2.ann2.Ah17g441500",20.027905,1.9101247,3.14620058925928e-89,5.96781815105998e-86,3,1.9101247,5.96781815105998e-86,"arahy.Tifrunner.gnm2.ann2.Ah17g441500"
136594,3,"arahy.Tifrunner.gnm2.ann2.Ah16g512800",19.544888,4.2580338,4.5600076684749e-85,7.9842226576789e-82,3,4.2580338,7.9842226576789e-82,"arahy.Tifrunner.gnm2.ann2.Ah16g512800"
136595,3,"arahy.Tifrunner.gnm2.ann2.Ah07g067100",19.473724,3.1127574,1.83438478279172e-84,3.09290862414113e-81,3,3.1127574,3.09290862414113e-81,"arahy.Tifrunner.gnm2.ann2.Ah07g067100"
136596,3,"arahy.Tifrunner.gnm2.ann2.Ah13g030000",19.22928,3.1387286,2.10528894501705e-82,3.42289906903415e-79,3,3.1387286,3.42289906903415e-79,"arahy.Tifrunner.gnm2.ann2.Ah13g030000"
136597,3,"STRG.1847",18.792381,1.1786593,8.71775656423431e-79,1.3685074132076e-75,3,1.1786593,1.3685074132076e-75,"STRG.1847"
136598,3,"arahy.Tifrunner.gnm2.ann2.Ah19g570000",18.547441,4.950346,8.55286837101854e-77,1.25600251523306e-73,3,4.950346,1.25600251523306e-73,"arahy.Tifrunner.gnm2.ann2.Ah19g570000"
136599,3,"arahy.Tifrunner.gnm2.ann2.Ah17g011000",18.446566,4.8761797,5.55664477358809e-76,7.90502177102576e-73,3,4.8761797,7.90502177102576e-73,"arahy.Tifrunner.gnm2.ann2.Ah17g011000"
136600,3,"arahy.Tifrunner.gnm2.ann2.Ah02g092500",18.40252,1.145459,1.25397000337816e-75,1.72987061920568e-72,3,1.145459,1.72987061920568e-72,"arahy.Tifrunner.gnm2.ann2.Ah02g092500"
136601,3,"arahy.Tifrunner.gnm2.ann2.Ah07g335300",18.338291,4.00316,4.09470344656003e-75,5.48256705003526e-72,3,4.00316,5.48256705003526e-72,"arahy.Tifrunner.gnm2.ann2.Ah07g335300"
136602,3,"arahy.Tifrunner.gnm2.ann2.Ah14g038000",18.208765,3.7700775,4.39760511446447e-74,5.71990214945372e-71,3,3.7700775,5.71990214945372e-71,"arahy.Tifrunner.gnm2.ann2.Ah14g038000"
136603,3,"STRG.2549",17.906069,4.0510917,1.05746146460606e-71,1.3372187698535e-68,3,4.0510917,1.3372187698535e-68,"STRG.2549"
136604,3,"arahy.Tifrunner.gnm2.ann2.Ah06g389500",17.67773,2.7537775,6.22509720044276e-70,7.65922499872854e-67,3,2.7537775,7.65922499872854e-67,"arahy.Tifrunner.gnm2.ann2.Ah06g389500"
136605,3,"arahy.Tifrunner.gnm2.ann2.Ah13g332400",17.263124,3.6694858,8.91524634801754e-67,1.0680465124925e-63,3,3.6694858,1.0680465124925e-63,"arahy.Tifrunner.gnm2.ann2.Ah13g332400"
136606,3,"arahy.Tifrunner.gnm2.ann2.Ah03g302700",17.071085,3.25559,2.43628019530091e-65,2.84382614386868e-62,3,3.25559,2.84382614386868e-62,"arahy.Tifrunner.gnm2.ann2.Ah03g302700"
136607,3,"arahy.Tifrunner.gnm2.ann2.Ah05g413600",16.82371,4.0765495,1.63587731085102e-63,1.85062830852845e-60,3,4.0765495,1.85062830852845e-60,"arahy.Tifrunner.gnm2.ann2.Ah05g413600"
136608,3,"arahy.Tifrunner.gnm2.ann2.Ah0g051700",16.822603,1.8528528,1.66671998615382e-63,1.85062830852845e-60,3,1.8528528,1.85062830852845e-60,"arahy.Tifrunner.gnm2.ann2.Ah0g051700"
136609,3,"STRG.2070",16.765215,5.0914354,4.38430046771438e-63,4.75216415457689e-60,3,5.0914354,4.75216415457689e-60,"STRG.2070"
136610,3,"arahy.Tifrunner.gnm2.ann2.Ah19g519200",16.590113,2.0344343,8.21671673458712e-62,8.69901889826382e-59,3,2.0344343,8.69901889826382e-59,"arahy.Tifrunner.gnm2.ann2.Ah19g519200"
136611,3,"arahy.Tifrunner.gnm2.ann2.Ah12g166200",16.275908,1.5281863,1.46332925434107e-59,1.51401365851416e-56,3,1.5281863,1.51401365851416e-56,"arahy.Tifrunner.gnm2.ann2.Ah12g166200"
136612,3,"arahy.Tifrunner.gnm2.ann2.Ah07g120100",16.212938,1.053054,4.08561426582059e-59,4.13318897416037e-56,3,1.053054,4.13318897416037e-56,"arahy.Tifrunner.gnm2.ann2.Ah07g120100"
136613,3,"arahy.Tifrunner.gnm2.ann2.Ah20g236100",15.611022,1.2977053,6.12481381974099e-55,6.06143531151932e-52,3,1.2977053,6.06143531151932e-52,"arahy.Tifrunner.gnm2.ann2.Ah20g236100"
136614,3,"STRG.84",15.569177,2.448047,1.17916060838606e-54,1.14212994757802e-51,3,2.448047,1.14212994757802e-51,"STRG.84"
136615,3,"arahy.Tifrunner.gnm2.ann2.Ah09g404400",15.377211,1.9560292,2.32762010766524e-53,2.20755370377818e-50,3,1.9560292,2.20755370377818e-50,"arahy.Tifrunner.gnm2.ann2.Ah09g404400"
136616,3,"STRG.4302",15.088992,4.3169155,1.91342079779959e-51,1.77768506936793e-48,3,4.3169155,1.77768506936793e-48,"STRG.4302"
136617,3,"arahy.Tifrunner.gnm2.ann2.Ah07g015900",14.482683,1.2583697,1.55890069736093e-47,1.41934790693318e-44,3,1.2583697,1.41934790693318e-44,"arahy.Tifrunner.gnm2.ann2.Ah07g015900"
136618,3,"arahy.Tifrunner.gnm2.ann2.Ah03g161500",14.384494,4.574788,6.47498960614079e-47,5.77975346725399e-44,3,4.574788,5.77975346725399e-44,"arahy.Tifrunner.gnm2.ann2.Ah03g161500"
136619,3,"STRG.6975",14.133079,0.7204996,2.37527448277165e-45,2.0794614529557e-42,3,0.7204996,2.0794614529557e-42,"STRG.6975"
136620,3,"arahy.Tifrunner.gnm2.ann2.Ah16g382700",13.992723,2.7821405,1.72671650766259e-44,1.48315174141192e-41,3,2.7821405,1.48315174141192e-41,"arahy.Tifrunner.gnm2.ann2.Ah16g382700"
136621,3,"arahy.Tifrunner.gnm2.ann2.Ah11g065500",13.949997,1.7315218,3.14617205762323e-44,2.65233956946741e-41,3,1.7315218,2.65233956946741e-41,"arahy.Tifrunner.gnm2.ann2.Ah11g065500"
136622,3,"arahy.Tifrunner.gnm2.ann2.Ah19g219300",13.887336,1.0344753,7.55951643258645e-44,6.14534689423332e-41,3,1.0344753,6.14534689423332e-41,"arahy.Tifrunner.gnm2.ann2.Ah19g219300"
136623,3,"arahy.Tifrunner.gnm2.ann2.Ah13g425600",13.724938,1.6539582,7.19903018365156e-43,5.74962544000971e-40,3,1.6539582,5.74962544000971e-40,"arahy.Tifrunner.gnm2.ann2.Ah13g425600"
136624,3,"STRG.954",13.57984,1.9858493,5.27413943850064e-42,4.13965385859143e-39,3,1.9858493,4.13965385859143e-39,"STRG.954"
136625,3,"arahy.Tifrunner.gnm2.ann2.Ah17g074000",13.476838,2.5211382,2.14085519308078e-41,1.65186935270864e-38,3,2.5211382,1.65186935270864e-38,"arahy.Tifrunner.gnm2.ann2.Ah17g074000"
136626,3,"arahy.Tifrunner.gnm2.ann2.Ah11g069400",13.26717,3.4209638,3.58878032807589e-40,2.72292726092211e-37,3,3.4209638,2.72292726092211e-37,"arahy.Tifrunner.gnm2.ann2.Ah11g069400"
136627,3,"arahy.Tifrunner.gnm2.ann2.Ah03g215500",13.228364,1.7675787,6.01829131640696e-40,4.4914212112805e-37,3,1.7675787,4.4914212112805e-37,"arahy.Tifrunner.gnm2.ann2.Ah03g215500"
136628,3,"STRG.4190",13.117667,2.691287,2.60841427384176e-39,1.9152492161673e-36,3,2.691287,1.9152492161673e-36,"STRG.4190"
136629,3,"arahy.Tifrunner.gnm2.ann2.Ah10g226500",12.893267,2.8477964,4.91185520248996e-38,3.54932216251037e-35,3,2.8477964,3.54932216251037e-35,"arahy.Tifrunner.gnm2.ann2.Ah10g226500"
136630,3,"arahy.Tifrunner.gnm2.ann2.Ah08g220800",12.888108,1.3266345,5.25160306962629e-38,3.73553090846355e-35,3,1.3266345,3.73553090846355e-35,"arahy.Tifrunner.gnm2.ann2.Ah08g220800"
136631,3,"STRG.6031",12.846238,1.3296713,9.02953994625397e-38,6.32401194635793e-35,3,1.3296713,6.32401194635793e-35,"STRG.6031"
136632,3,"arahy.Tifrunner.gnm2.ann2.Ah10g172800",12.843142,1.2340648,9.39822451791988e-38,6.48249655990583e-35,3,1.2340648,6.48249655990583e-35,"arahy.Tifrunner.gnm2.ann2.Ah10g172800"
136633,3,"arahy.Tifrunner.gnm2.ann2.Ah11g062500",12.816616,4.443911,1.32351014957387e-37,8.99275761928369e-35,3,4.443911,8.99275761928369e-35,"arahy.Tifrunner.gnm2.ann2.Ah11g062500"
136634,3,"arahy.Tifrunner.gnm2.ann2.Ah20g511800",12.813038,2.4635577,1.38599556669325e-37,9.27883267325638e-35,3,2.4635577,9.27883267325638e-35,"arahy.Tifrunner.gnm2.ann2.Ah20g511800"
136635,3,"STRG.1572",12.77654,5.2346773,2.21716819751238e-37,1.46281688439933e-34,3,5.2346773,1.46281688439933e-34,"STRG.1572"
136636,3,"arahy.Tifrunner.gnm2.ann2.Ah19g547300",12.490871,1.4770254,8.37313945800244e-36,5.4454114383729e-33,3,1.4770254,5.4454114383729e-33,"arahy.Tifrunner.gnm2.ann2.Ah19g547300"
136637,3,"arahy.Tifrunner.gnm2.ann2.Ah06g232300",12.48225,2.3786376,9.331122488639e-36,5.98295803060284e-33,3,2.3786376,5.98295803060284e-33,"arahy.Tifrunner.gnm2.ann2.Ah06g232300"
136638,3,"arahy.Tifrunner.gnm2.ann2.Ah11g199700",12.417763,1.8988528,2.09333126601605e-35,1.32356684102937e-32,3,1.8988528,1.32356684102937e-32,"arahy.Tifrunner.gnm2.ann2.Ah11g199700"
136639,3,"arahy.Tifrunner.gnm2.ann2.Ah01g036700",12.398053,1.6179818,2.67748640402647e-35,1.66972453502604e-32,3,1.6179818,1.66972453502604e-32,"arahy.Tifrunner.gnm2.ann2.Ah01g036700"
136640,3,"arahy.Tifrunner.gnm2.ann2.Ah07g298800",12.372524,3.7326841,3.68069690620959e-35,2.26432494538224e-32,3,3.7326841,2.26432494538224e-32,"arahy.Tifrunner.gnm2.ann2.Ah07g298800"
136641,3,"arahy.Tifrunner.gnm2.ann2.Ah18g389500",12.335976,3.9537752,5.79819614192136e-35,3.51942774886438e-32,3,3.9537752,3.51942774886438e-32,"arahy.Tifrunner.gnm2.ann2.Ah18g389500"
136642,3,"arahy.Tifrunner.gnm2.ann2.Ah20g505400",12.305067,1.518445,8.50658413687903e-35,5.09544389799054e-32,3,1.518445,5.09544389799054e-32,"arahy.Tifrunner.gnm2.ann2.Ah20g505400"
136643,3,"arahy.Tifrunner.gnm2.ann2.Ah04g345200",12.292128,2.2506888,9.98432693238317e-35,5.90294154895859e-32,3,2.2506888,5.90294154895859e-32,"arahy.Tifrunner.gnm2.ann2.Ah04g345200"
136644,3,"arahy.Tifrunner.gnm2.ann2.Ah10g217500",12.239366,1.4907326,1.91522805877345e-34,1.11780566855901e-31,3,1.4907326,1.11780566855901e-31,"arahy.Tifrunner.gnm2.ann2.Ah10g217500"
136645,3,"STRG.5063",12.135513,1.7525334,6.84795756693107e-34,3.94615721869582e-31,3,1.7525334,3.94615721869582e-31,"STRG.5063"
136646,3,"arahy.Tifrunner.gnm2.ann2.Ah03g273500",12.077647,1.0596751,1.3862993649581e-33,7.88873653629405e-31,3,1.0596751,7.88873653629405e-31,"arahy.Tifrunner.gnm2.ann2.Ah03g273500"
136647,3,"arahy.Tifrunner.gnm2.ann2.Ah01g033600",12.072403,3.8354874,1.47755492837539e-33,8.30422352584709e-31,3,3.8354874,8.30422352584709e-31,"arahy.Tifrunner.gnm2.ann2.Ah01g033600"
136648,3,"arahy.Tifrunner.gnm2.ann2.Ah18g476200",12.069067,1.006145,1.53868002946332e-33,8.54230117820589e-31,3,1.006145,8.54230117820589e-31,"arahy.Tifrunner.gnm2.ann2.Ah18g476200"
136649,3,"arahy.Tifrunner.gnm2.ann2.Ah0g018100",12.0353775,0.6668315,2.3157110410732e-33,1.27012565582911e-30,3,0.6668315,1.27012565582911e-30,"arahy.Tifrunner.gnm2.ann2.Ah0g018100"
136650,3,"arahy.Tifrunner.gnm2.ann2.Ah10g092000",11.969853,1.2795062,5.11186037757075e-33,2.77038490272061e-30,3,1.2795062,2.77038490272061e-30,"arahy.Tifrunner.gnm2.ann2.Ah10g092000"
136651,3,"arahy.Tifrunner.gnm2.ann2.Ah20g291000",11.924434,1.3870668,8.82819409723013e-33,4.72817303626241e-30,3,1.3870668,4.72817303626241e-30,"arahy.Tifrunner.gnm2.ann2.Ah20g291000"
136652,3,"arahy.Tifrunner.gnm2.ann2.Ah07g238600",11.920811,5.188219,9.22071383361774e-33,4.88097414606528e-30,3,5.188219,4.88097414606528e-30,"arahy.Tifrunner.gnm2.ann2.Ah07g238600"
136653,3,"arahy.Tifrunner.gnm2.ann2.Ah14g343600",11.585321,3.1442583,4.89126421045512e-31,2.53033990814499e-28,3,3.1442583,2.53033990814499e-28,"arahy.Tifrunner.gnm2.ann2.Ah14g343600"
136654,3,"arahy.Tifrunner.gnm2.ann2.Ah18g113300",11.578354,1.3025268,5.30547426990194e-31,2.71377989509007e-28,3,1.3025268,2.71377989509007e-28,"arahy.Tifrunner.gnm2.ann2.Ah18g113300"
136655,3,"arahy.Tifrunner.gnm2.ann2.Ah15g173600",11.368065,1.4491616,6.03096214613787e-30,3.05059467489756e-27,3,1.4491616,3.05059467489756e-27,"arahy.Tifrunner.gnm2.ann2.Ah15g173600"
136656,3,"arahy.Tifrunner.gnm2.ann2.Ah17g130900",11.3013935,0.8855554,1.29152063484401e-29,6.46100938248777e-27,3,0.8855554,6.46100938248777e-27,"arahy.Tifrunner.gnm2.ann2.Ah17g130900"
136657,3,"arahy.Tifrunner.gnm2.ann2.Ah06g147500",11.246592,0.74016297,2.40714084516331e-29,1.17830838532489e-26,3,0.74016297,1.17830838532489e-26,"arahy.Tifrunner.gnm2.ann2.Ah06g147500"
136658,3,"arahy.Tifrunner.gnm2.ann2.Ah13g355600",11.206338,1.2489285,3.79573949039253e-29,1.8189183637961e-26,3,1.2489285,1.8189183637961e-26,"arahy.Tifrunner.gnm2.ann2.Ah13g355600"
136659,3,"arahy.Tifrunner.gnm2.ann2.Ah08g165700",11.052594,1.0682592,2.12969659432239e-28,1.0099198724993e-25,3,1.0682592,1.0099198724993e-25,"arahy.Tifrunner.gnm2.ann2.Ah08g165700"
136660,3,"arahy.Tifrunner.gnm2.ann2.Ah13g191200",10.978059,4.1560874,4.87282460493986e-28,2.28691203417817e-25,3,4.1560874,2.28691203417817e-25,"arahy.Tifrunner.gnm2.ann2.Ah13g191200"
136661,3,"arahy.Tifrunner.gnm2.ann2.Ah16g088200",10.967677,1.3461812,5.46583149919823e-28,2.53904605275e-25,3,1.3461812,2.53904605275e-25,"arahy.Tifrunner.gnm2.ann2.Ah16g088200"
136662,3,"STRG.400",10.921526,1.3642709,9.09549961245825e-28,4.18245984199545e-25,3,1.3642709,4.18245984199545e-25,"STRG.400"
136663,3,"arahy.Tifrunner.gnm2.ann2.Ah05g172300",10.847425,1.4229413,2.05120738087716e-27,9.33791648070521e-25,3,1.4229413,9.33791648070521e-25,"arahy.Tifrunner.gnm2.ann2.Ah05g172300"
136664,3,"arahy.Tifrunner.gnm2.ann2.Ah04g420600",10.842026,5.0754275,2.17599029015882e-27,9.80789920487031e-25,3,5.0754275,9.80789920487031e-25,"arahy.Tifrunner.gnm2.ann2.Ah04g420600"
136665,3,"STRG.4568",10.820148,1.1717508,2.76329143641689e-27,1.23329489560238e-24,3,1.1717508,1.23329489560238e-24,"STRG.4568"
136666,3,"STRG.5857",10.767572,1.2993449,4.89745469658357e-27,2.16457987968224e-24,3,1.2993449,2.16457987968224e-24,"STRG.5857"
136667,3,"arahy.Tifrunner.gnm2.ann2.Ah01g269800",10.744429,3.6896071,6.29506861170296e-27,2.75554522576121e-24,3,3.6896071,2.75554522576121e-24,"arahy.Tifrunner.gnm2.ann2.Ah01g269800"
136668,3,"arahy.Tifrunner.gnm2.ann2.Ah10g348200",10.649661,1.9269798,1.75001514152103e-26,7.54543089853149e-24,3,1.9269798,7.54543089853149e-24,"arahy.Tifrunner.gnm2.ann2.Ah10g348200"
136669,3,"arahy.Tifrunner.gnm2.ann2.Ah07g240500",10.641888,4.56826,1.90236498995739e-26,8.0937629722262e-24,3,4.56826,8.0937629722262e-24,"arahy.Tifrunner.gnm2.ann2.Ah07g240500"
136670,3,"STRG.356",10.568767,2.1368995,4.15929345585687e-26,1.73713463563695e-23,3,2.1368995,1.73713463563695e-23,"STRG.356"
136671,3,"arahy.Tifrunner.gnm2.ann2.Ah19g463600",10.564691,1.1822275,4.34399347602936e-26,1.79778144547964e-23,3,1.1822275,1.79778144547964e-23,"arahy.Tifrunner.gnm2.ann2.Ah19g463600"
136672,3,"arahy.Tifrunner.gnm2.ann2.Ah13g606100",10.5395975,1.4949098,5.67414638813192e-26,2.32711567723709e-23,3,1.4949098,2.32711567723709e-23,"arahy.Tifrunner.gnm2.ann2.Ah13g606100"
136673,3,"arahy.Tifrunner.gnm2.ann2.Ah08g328400",10.4761505,1.7046686,1.11177957906505e-25,4.51898692476404e-23,3,1.7046686,4.51898692476404e-23,"arahy.Tifrunner.gnm2.ann2.Ah08g328400"
136674,3,"arahy.Tifrunner.gnm2.ann2.Ah13g155600",10.402811,3.543458,2.40724449473527e-25,9.52933898941985e-23,3,3.543458,9.52933898941985e-23,"arahy.Tifrunner.gnm2.ann2.Ah13g155600"
136675,3,"arahy.Tifrunner.gnm2.ann2.Ah10g408400",10.367119,1.4035498,3.49916629048279e-25,1.37324177765464e-22,3,1.4035498,1.37324177765464e-22,"arahy.Tifrunner.gnm2.ann2.Ah10g408400"
136676,3,"arahy.Tifrunner.gnm2.ann2.Ah09g162300",10.333614,0.87639314,4.96536756819667e-25,1.93199481345799e-22,3,0.87639314,1.93199481345799e-22,"arahy.Tifrunner.gnm2.ann2.Ah09g162300"
136677,3,"arahy.Tifrunner.gnm2.ann2.Ah06g301900",10.32793,2.1986558,5.26851967104481e-25,2.03257702970037e-22,3,2.1986558,2.03257702970037e-22,"arahy.Tifrunner.gnm2.ann2.Ah06g301900"
136678,3,"arahy.Tifrunner.gnm2.ann2.Ah01g380500",10.306151,2.2715688,6.60951364284437e-25,2.52849999224241e-22,3,2.2715688,2.52849999224241e-22,"arahy.Tifrunner.gnm2.ann2.Ah01g380500"
136679,3,"arahy.Tifrunner.gnm2.ann2.Ah03g386100",10.210677,2.720522,1.77621456418118e-24,6.73836598498199e-22,3,2.720522,6.73836598498199e-22,"arahy.Tifrunner.gnm2.ann2.Ah03g386100"
136680,3,"arahy.Tifrunner.gnm2.ann2.Ah19g504900",10.172668,1.8027071,2.62613227018049e-24,9.88033433617328e-22,3,1.8027071,9.88033433617328e-22,"arahy.Tifrunner.gnm2.ann2.Ah19g504900"
136681,3,"arahy.Tifrunner.gnm2.ann2.Ah01g094100",10.15393,1.2641081,3.18282727072451e-24,1.18766416944641e-21,3,1.2641081,1.18766416944641e-21,"arahy.Tifrunner.gnm2.ann2.Ah01g094100"
136682,3,"STRG.4468",10.035986,1.8536206,1.05896449413419e-23,3.88776609927137e-21,3,1.8536206,3.88776609927137e-21,"STRG.4468"
136683,3,"STRG.821",9.980686,1.9772999,1.8518122044877e-23,6.74415190376783e-21,3,1.9772999,6.74415190376783e-21,"STRG.821"
136684,3,"arahy.Tifrunner.gnm2.ann2.Ah15g103900",9.956847,1.8584766,2.35409132768496e-23,8.50536933345476e-21,3,1.8584766,8.50536933345476e-21,"arahy.Tifrunner.gnm2.ann2.Ah15g103900"
136685,3,"arahy.Tifrunner.gnm2.ann2.Ah15g371200",9.952607,1.6448236,2.45661793730367e-23,8.80591141557576e-21,3,1.6448236,8.80591141557576e-21,"arahy.Tifrunner.gnm2.ann2.Ah15g371200"
136686,3,"STRG.3788",9.909902,2.4193466,3.7701658329036e-23,1.34088304200862e-20,3,2.4193466,1.34088304200862e-20,"STRG.3788"
136687,3,"STRG.231",9.819116,0.9757685,9.31571477245342e-23,3.28750852171449e-20,3,0.9757685,3.28750852171449e-20,"STRG.231"
136688,3,"STRG.2671",9.736202,1.1568629,2.11304953058024e-22,7.39957437154884e-20,3,1.1568629,7.39957437154884e-20,"STRG.2671"
136689,3,"arahy.Tifrunner.gnm2.ann2.Ah16g214200",9.695677,1.5582198,3.14546219025302e-22,1.09308412785556e-19,3,1.5582198,1.09308412785556e-19,"arahy.Tifrunner.gnm2.ann2.Ah16g214200"
136690,3,"arahy.Tifrunner.gnm2.ann2.Ah03g577600",9.662213,1.3198313,4.36333930480782e-22,1.49350871061708e-19,3,1.3198313,1.49350871061708e-19,"arahy.Tifrunner.gnm2.ann2.Ah03g577600"
136691,3,"arahy.Tifrunner.gnm2.ann2.Ah08g293900",9.650503,4.24112,4.89149798060206e-22,1.66179517961887e-19,3,4.24112,1.66179517961887e-19,"arahy.Tifrunner.gnm2.ann2.Ah08g293900"
136692,3,"arahy.Tifrunner.gnm2.ann2.Ah04g425500",9.627503,3.4236543,6.1198138926792e-22,2.06369190852095e-19,3,3.4236543,2.06369190852095e-19,"arahy.Tifrunner.gnm2.ann2.Ah04g425500"
136693,3,"arahy.Tifrunner.gnm2.ann2.Ah11g443600",9.583524,4.2629924,9.37896050930306e-22,3.11655327171907e-19,3,4.2629924,3.11655327171907e-19,"arahy.Tifrunner.gnm2.ann2.Ah11g443600"
136694,3,"arahy.Tifrunner.gnm2.ann2.Ah16g137400",9.4785185,1.3506243,2.57918462287243e-21,8.50831889649599e-19,3,1.3506243,8.50831889649599e-19,"arahy.Tifrunner.gnm2.ann2.Ah16g137400"
136695,3,"arahy.Tifrunner.gnm2.ann2.Ah14g462100",9.465567,1.8587496,2.9197323673359e-21,9.56243858205752e-19,3,1.8587496,9.56243858205752e-19,"arahy.Tifrunner.gnm2.ann2.Ah14g462100"
136696,3,"arahy.Tifrunner.gnm2.ann2.Ah20g299600",9.262887,4.1338315,1.98978527660455e-20,6.37908344592573e-18,3,4.1338315,6.37908344592573e-18,"arahy.Tifrunner.gnm2.ann2.Ah20g299600"
136697,3,"STRG.3418",9.248664,2.0799487,2.2731620899818e-20,7.18634937391191e-18,3,2.0799487,7.18634937391191e-18,"STRG.3418"
136698,3,"arahy.Tifrunner.gnm2.ann2.Ah15g517200",9.23857,4.741368,2.49811908742073e-20,7.84306023005111e-18,3,4.741368,7.84306023005111e-18,"arahy.Tifrunner.gnm2.ann2.Ah15g517200"
136699,3,"arahy.Tifrunner.gnm2.ann2.Ah05g306100",9.18938,2.7536948,3.95114876080617e-20,1.23200065881466e-17,3,2.7536948,1.23200065881466e-17,"arahy.Tifrunner.gnm2.ann2.Ah05g306100"
136700,3,"arahy.Tifrunner.gnm2.ann2.Ah11g263400",9.151494,3.3028862,5.6151301015246e-20,1.73893321593065e-17,3,3.3028862,1.73893321593065e-17,"arahy.Tifrunner.gnm2.ann2.Ah11g263400"
136701,3,"STRG.226",9.132653,3.8932157,6.68409399163372e-20,2.05599118158874e-17,3,3.8932157,2.05599118158874e-17,"STRG.226"
136702,3,"arahy.Tifrunner.gnm2.ann2.Ah03g185300",9.061321,2.2501688,1.28879935834485e-19,3.9114201326194e-17,3,2.2501688,3.9114201326194e-17,"arahy.Tifrunner.gnm2.ann2.Ah03g185300"
136703,3,"arahy.Tifrunner.gnm2.ann2.Ah13g213400",9.021376,2.3162754,1.85741809787497e-19,5.52660794036995e-17,3,2.3162754,5.52660794036995e-17,"arahy.Tifrunner.gnm2.ann2.Ah13g213400"
136704,3,"arahy.Tifrunner.gnm2.ann2.Ah13g288100",8.946746,1.8417678,3.66117172469264e-19,1.08228039996693e-16,3,1.8417678,1.08228039996693e-16,"arahy.Tifrunner.gnm2.ann2.Ah13g288100"
136705,3,"arahy.Tifrunner.gnm2.ann2.Ah20g256900",8.782197,0.723518,1.60312101149224e-18,4.67823595687006e-16,3,0.723518,4.67823595687006e-16,"arahy.Tifrunner.gnm2.ann2.Ah20g256900"
136706,3,"arahy.Tifrunner.gnm2.ann2.Ah11g007600",8.780725,1.2222666,1.62425009064737e-18,4.70970453035865e-16,3,1.2222666,4.70970453035865e-16,"arahy.Tifrunner.gnm2.ann2.Ah11g007600"
136707,3,"arahy.Tifrunner.gnm2.ann2.Ah15g264100",8.770664,3.21439,1.77615598081785e-18,5.1175775234653e-16,3,3.21439,5.1175775234653e-16,"arahy.Tifrunner.gnm2.ann2.Ah15g264100"
136708,3,"arahy.Tifrunner.gnm2.ann2.Ah11g185400",8.750581,1.1720234,2.12258342193013e-18,6.07726337735519e-16,3,1.1720234,6.07726337735519e-16,"arahy.Tifrunner.gnm2.ann2.Ah11g185400"
136709,3,"STRG.3593",8.738583,1.098634,2.36053015120462e-18,6.71629841271495e-16,3,1.098634,6.71629841271495e-16,"STRG.3593"
136710,3,"arahy.Tifrunner.gnm2.ann2.Ah11g324500",8.664298,2.909207,4.54303866047524e-18,1.28457945328866e-15,3,2.909207,1.28457945328866e-15,"arahy.Tifrunner.gnm2.ann2.Ah11g324500"
136711,3,"arahy.Tifrunner.gnm2.ann2.Ah02g325700",8.656829,1.1842072,4.85070664675596e-18,1.36310845300567e-15,3,1.1842072,1.36310845300567e-15,"arahy.Tifrunner.gnm2.ann2.Ah02g325700"
136712,3,"arahy.Tifrunner.gnm2.ann2.Ah08g354500",8.651346,3.1879025,5.08954848685154e-18,1.42145156635233e-15,3,3.1879025,1.42145156635233e-15,"arahy.Tifrunner.gnm2.ann2.Ah08g354500"
136713,3,"STRG.630",8.65054,2.0112214,5.12563232971218e-18,1.4228005254745e-15,3,2.0112214,1.4228005254745e-15,"STRG.630"
136714,3,"arahy.Tifrunner.gnm2.ann2.Ah07g065900",8.648623,3.3527524,5.21244060457097e-18,1.43812815807569e-15,3,3.3527524,1.43812815807569e-15,"arahy.Tifrunner.gnm2.ann2.Ah07g065900"
136715,3,"arahy.Tifrunner.gnm2.ann2.Ah15g526500",8.647578,3.5525124,5.2603661556647e-18,1.44260788476193e-15,3,3.5525124,1.44260788476193e-15,"arahy.Tifrunner.gnm2.ann2.Ah15g526500"
136716,3,"arahy.Tifrunner.gnm2.ann2.Ah18g140900",8.637712,4.2526197,5.73501988180885e-18,1.56335955149381e-15,3,4.2526197,1.56335955149381e-15,"arahy.Tifrunner.gnm2.ann2.Ah18g140900"
136717,3,"arahy.Tifrunner.gnm2.ann2.Ah08g339600",8.629111,3.1492841,6.18305175614669e-18,1.67545981039775e-15,3,3.1492841,1.67545981039775e-15,"arahy.Tifrunner.gnm2.ann2.Ah08g339600"
136718,3,"arahy.Tifrunner.gnm2.ann2.Ah03g131700",8.61259,3.2433321,7.14285718689028e-18,1.92409130518339e-15,3,3.2433321,1.92409130518339e-15,"arahy.Tifrunner.gnm2.ann2.Ah03g131700"
136719,3,"STRG.635",8.602089,1.3747143,7.82781207662698e-18,2.09619598221392e-15,3,1.3747143,2.09619598221392e-15,"STRG.635"
136720,3,"STRG.993",8.503089,1.0016264,1.84611056392532e-17,4.91475656796119e-15,3,1.0016264,4.91475656796119e-15,"STRG.993"
136721,3,"arahy.Tifrunner.gnm2.ann2.Ah13g608300",8.499663,2.6628494,1.90141882177446e-17,5.03256921177096e-15,3,2.6628494,5.03256921177096e-15,"arahy.Tifrunner.gnm2.ann2.Ah13g608300"
136722,3,"arahy.Tifrunner.gnm2.ann2.Ah06g093200",8.497804,1.3147577,1.93211101702052e-17,5.08424404270763e-15,3,1.3147577,5.08424404270763e-15,"arahy.Tifrunner.gnm2.ann2.Ah06g093200"
136723,3,"arahy.Tifrunner.gnm2.ann2.Ah11g444300",8.477272,4.433398,2.30535817926837e-17,6.03155895132261e-15,3,4.433398,6.03155895132261e-15,"arahy.Tifrunner.gnm2.ann2.Ah11g444300"
136724,3,"arahy.Tifrunner.gnm2.ann2.Ah04g425300",8.458426,1.8229235,2.71010222572292e-17,7.04998249850344e-15,3,1.8229235,7.04998249850344e-15,"arahy.Tifrunner.gnm2.ann2.Ah04g425300"
136725,3,"STRG.1014",8.426999,1.4021627,3.54643687711854e-17,9.17318138601956e-15,3,1.4021627,9.17318138601956e-15,"STRG.1014"
136726,3,"STRG.2561",8.410546,1.0131993,4.08103832221193e-17,1.04963383378743e-14,3,1.0131993,1.04963383378743e-14,"STRG.2561"
136727,3,"arahy.Tifrunner.gnm2.ann2.Ah04g114500",8.404151,3.7839842,4.30967701985177e-17,1.09932393141382e-14,3,3.7839842,1.09932393141382e-14,"arahy.Tifrunner.gnm2.ann2.Ah04g114500"
136728,3,"arahy.Tifrunner.gnm2.ann2.Ah06g223900",8.37325,1.0776062,5.60504605364315e-17,1.41757842525584e-14,3,1.0776062,1.41757842525584e-14,"arahy.Tifrunner.gnm2.ann2.Ah06g223900"
136729,3,"arahy.Tifrunner.gnm2.ann2.Ah09g289400",8.368525,2.6299613,5.83442752629065e-17,1.46743910887765e-14,3,2.6299613,1.46743910887765e-14,"arahy.Tifrunner.gnm2.ann2.Ah09g289400"
136730,3,"STRG.4374",8.360451,1.0985756,6.2479215537662e-17,1.55426437603089e-14,3,1.0985756,1.55426437603089e-14,"STRG.4374"
136731,3,"arahy.Tifrunner.gnm2.ann2.Ah17g296200",8.331931,2.59596,7.95343098091725e-17,1.96778256508303e-14,3,2.59596,1.96778256508303e-14,"arahy.Tifrunner.gnm2.ann2.Ah17g296200"
136732,3,"arahy.Tifrunner.gnm2.ann2.Ah11g465600",8.290369,1.3026031,1.12897502600912e-16,2.76319672494835e-14,3,1.3026031,2.76319672494835e-14,"arahy.Tifrunner.gnm2.ann2.Ah11g465600"
136733,3,"arahy.Tifrunner.gnm2.ann2.Ah08g201400",8.287506,3.4842193,1.1564724827692e-16,2.8153611393361e-14,3,3.4842193,2.8153611393361e-14,"arahy.Tifrunner.gnm2.ann2.Ah08g201400"
136734,3,"arahy.Tifrunner.gnm2.ann2.Ah20g200900",8.197156,1.0953791,2.46140132164547e-16,5.96025711524405e-14,3,1.0953791,5.96025711524405e-14,"arahy.Tifrunner.gnm2.ann2.Ah20g200900"
136735,3,"arahy.Tifrunner.gnm2.ann2.Ah03g085700",8.193829,3.9802697,2.53044542021388e-16,6.09502631268872e-14,3,3.9802697,6.09502631268872e-14,"arahy.Tifrunner.gnm2.ann2.Ah03g085700"
136736,3,"STRG.6237",8.141199,1.3627212,3.91382157594369e-16,9.37751649596107e-14,3,1.3627212,9.37751649596107e-14,"STRG.6237"
136737,3,"arahy.Tifrunner.gnm2.ann2.Ah18g045800",8.140162,0.9199056,3.94747300967645e-16,9.40862624568119e-14,3,0.9199056,9.40862624568119e-14,"arahy.Tifrunner.gnm2.ann2.Ah18g045800"
136738,3,"arahy.Tifrunner.gnm2.ann2.Ah14g490900",8.139266,4.549454,3.97681409723969e-16,9.42919192514269e-14,3,4.549454,9.42919192514269e-14,"arahy.Tifrunner.gnm2.ann2.Ah14g490900"
136739,3,"arahy.Tifrunner.gnm2.ann2.Ah07g123300",8.053929,4.1791773,8.01773512167473e-16,1.89118846465865e-13,3,4.1791773,1.89118846465865e-13,"arahy.Tifrunner.gnm2.ann2.Ah07g123300"
136740,3,"arahy.Tifrunner.gnm2.ann2.Ah13g166400",8.05089,3.4818907,8.21940589117882e-16,1.92876409170116e-13,3,3.4818907,1.92876409170116e-13,"arahy.Tifrunner.gnm2.ann2.Ah13g166400"
136741,3,"arahy.Tifrunner.gnm2.ann2.Ah07g061600",8.04519,0.7580107,8.61120823226259e-16,2.01034176187447e-13,3,0.7580107,2.01034176187447e-13,"arahy.Tifrunner.gnm2.ann2.Ah07g061600"
136742,3,"arahy.Tifrunner.gnm2.ann2.Ah12g282700",8.023057,1.2066046,1.03145073204423e-15,2.39570220028478e-13,3,1.2066046,2.39570220028478e-13,"arahy.Tifrunner.gnm2.ann2.Ah12g282700"
136743,3,"arahy.Tifrunner.gnm2.ann2.Ah09g109000",8.005803,2.994865,1.18689171483695e-15,2.74274408255011e-13,3,2.994865,2.74274408255011e-13,"arahy.Tifrunner.gnm2.ann2.Ah09g109000"
136744,3,"STRG.3703",7.999704,1.6065958,1.24718785166795e-15,2.86752423026928e-13,3,1.6065958,2.86752423026928e-13,"STRG.3703"
136745,3,"arahy.Tifrunner.gnm2.ann2.Ah13g107700",7.9703207,1.0603371,1.58263197332141e-15,3.62048934439618e-13,3,1.0603371,3.62048934439618e-13,"arahy.Tifrunner.gnm2.ann2.Ah13g107700"
136746,3,"arahy.Tifrunner.gnm2.ann2.Ah13g497600",7.9549956,1.2344505,1.79137832311023e-15,4.05724909359554e-13,3,1.2344505,4.05724909359554e-13,"arahy.Tifrunner.gnm2.ann2.Ah13g497600"
136747,3,"arahy.Tifrunner.gnm2.ann2.Ah18g472200",7.9052405,2.652069,2.67416288070313e-15,5.99697492517878e-13,3,2.652069,5.99697492517878e-13,"arahy.Tifrunner.gnm2.ann2.Ah18g472200"
136748,3,"arahy.Tifrunner.gnm2.ann2.Ah20g520600",7.89481,2.5989335,2.90757405399717e-15,6.45680006020327e-13,3,2.5989335,6.45680006020327e-13,"arahy.Tifrunner.gnm2.ann2.Ah20g520600"
136749,3,"STRG.5033",7.823252,0.99878085,5.14757853769761e-15,1.13756488034051e-12,3,0.99878085,1.13756488034051e-12,"STRG.5033"
136750,3,"STRG.3792",7.8210726,1.3719321,5.23751989969233e-15,1.1518495454763e-12,3,1.3719321,1.1518495454763e-12,"STRG.3792"
136751,3,"arahy.Tifrunner.gnm2.ann2.Ah08g240000",7.7978053,3.1733282,6.29931413099859e-15,1.37870181009413e-12,3,3.1733282,1.37870181009413e-12,"arahy.Tifrunner.gnm2.ann2.Ah08g240000"
136752,3,"arahy.Tifrunner.gnm2.ann2.Ah05g101900",7.742107,1.4073142,9.77826057752017e-15,2.12988294033985e-12,3,1.4073142,2.12988294033985e-12,"arahy.Tifrunner.gnm2.ann2.Ah05g101900"
136753,3,"STRG.192",7.735596,0.48512504,1.02919659968103e-14,2.23110219066091e-12,3,0.48512504,2.23110219066091e-12,"STRG.192"
136754,3,"STRG.1426",7.7282586,1.1741304,1.09027697231783e-14,2.35231132169653e-12,3,1.1741304,2.35231132169653e-12,"STRG.1426"
136755,3,"arahy.Tifrunner.gnm2.ann2.Ah05g413400",7.722167,3.6457582,1.14368185259241e-14,2.4558949366706e-12,3,3.6457582,2.4558949366706e-12,"arahy.Tifrunner.gnm2.ann2.Ah05g413400"
136756,3,"STRG.5776",7.7184243,1.3090434,1.17776458393845e-14,2.51720915113681e-12,3,1.3090434,2.51720915113681e-12,"STRG.5776"
136757,3,"arahy.Tifrunner.gnm2.ann2.Ah08g072200",7.669813,4.038035,1.72247354211322e-14,3.66420025846551e-12,3,4.038035,3.66420025846551e-12,"arahy.Tifrunner.gnm2.ann2.Ah08g072200"
136758,3,"STRG.3129",7.6624756,0.8376095,1.8238312324421e-14,3.86177176863694e-12,3,0.8376095,3.86177176863694e-12,"STRG.3129"
136759,3,"arahy.Tifrunner.gnm2.ann2.Ah01g324900",7.6036882,1.1542912,2.87807889685182e-14,6.03786468664895e-12,3,1.1542912,6.03786468664895e-12,"arahy.Tifrunner.gnm2.ann2.Ah01g324900"
136760,3,"arahy.Tifrunner.gnm2.ann2.Ah09g033900",7.5957093,0.85199696,3.06111425311599e-14,6.39239290178222e-12,3,0.85199696,6.39239290178222e-12,"arahy.Tifrunner.gnm2.ann2.Ah09g033900"
136761,3,"arahy.Tifrunner.gnm2.ann2.Ah02g321900",7.5624228,1.7693232,3.95630336757603e-14,8.22405271714754e-12,3,1.7693232,8.22405271714754e-12,"arahy.Tifrunner.gnm2.ann2.Ah02g321900"
136762,3,"arahy.Tifrunner.gnm2.ann2.Ah03g019900",7.5377445,1.3166529,4.78168802753727e-14,9.8946166257094e-12,3,1.3166529,9.8946166257094e-12,"arahy.Tifrunner.gnm2.ann2.Ah03g019900"
136763,3,"arahy.Tifrunner.gnm2.ann2.Ah10g053300",7.516826,1.3104887,5.61220228185219e-14,1.15606288090063e-11,3,1.3104887,1.15606288090063e-11,"arahy.Tifrunner.gnm2.ann2.Ah10g053300"
136764,3,"arahy.Tifrunner.gnm2.ann2.Ah03g580000",7.5129886,2.473873,5.77925665003167e-14,1.18511207088307e-11,3,2.473873,1.18511207088307e-11,"arahy.Tifrunner.gnm2.ann2.Ah03g580000"
136765,3,"arahy.Tifrunner.gnm2.ann2.Ah04g393300",7.5096445,1.6106402,5.92880412769677e-14,1.21032681214918e-11,3,1.6106402,1.21032681214918e-11,"arahy.Tifrunner.gnm2.ann2.Ah04g393300"
136766,3,"STRG.409",7.470049,0.8447853,8.01650063692479e-14,1.62921060265788e-11,3,0.8447853,1.62921060265788e-11,"STRG.409"
136767,3,"arahy.Tifrunner.gnm2.ann2.Ah16g454700",7.4448447,2.9798815,9.70586737484899e-14,1.96377736165611e-11,3,2.9798815,1.96377736165611e-11,"arahy.Tifrunner.gnm2.ann2.Ah16g454700"
136768,3,"arahy.Tifrunner.gnm2.ann2.Ah06g423200",7.4380045,1.4452428,1.02217507830002e-13,2.05900434798807e-11,3,1.4452428,2.05900434798807e-11,"arahy.Tifrunner.gnm2.ann2.Ah06g423200"
136769,3,"arahy.Tifrunner.gnm2.ann2.Ah19g291900",7.4238105,0.92011935,1.13797816792149e-13,2.28217260424925e-11,3,0.92011935,2.28217260424925e-11,"arahy.Tifrunner.gnm2.ann2.Ah19g291900"
136770,3,"STRG.6276",7.4175096,1.5775168,1.19343093034672e-13,2.38288375759228e-11,3,1.5775168,2.38288375759228e-11,"STRG.6276"
136771,3,"arahy.Tifrunner.gnm2.ann2.Ah06g001000",7.4130263,1.0122626,1.23449319608195e-13,2.45410778421113e-11,3,1.0122626,2.45410778421113e-11,"arahy.Tifrunner.gnm2.ann2.Ah06g001000"
136772,3,"arahy.Tifrunner.gnm2.ann2.Ah01g353300",7.405574,1.1316684,1.3058475810709e-13,2.58466979481182e-11,3,1.1316684,2.58466979481182e-11,"arahy.Tifrunner.gnm2.ann2.Ah01g353300"
136773,3,"STRG.4491",7.3943906,1.6958717,1.42058469094832e-13,2.79959729310524e-11,3,1.6958717,2.79959729310524e-11,"STRG.4491"
136774,3,"arahy.Tifrunner.gnm2.ann2.Ah13g539200",7.3486786,0.91985065,2.00175890722795e-13,3.92793415916574e-11,3,0.91985065,3.92793415916574e-11,"arahy.Tifrunner.gnm2.ann2.Ah13g539200"
136775,3,"STRG.564",7.3448577,0.804749,2.05978258072716e-13,4.02444387146023e-11,3,0.804749,4.02444387146023e-11,"STRG.564"
136776,3,"STRG.5322",7.3219647,0.8413374,2.44366469167248e-13,4.75407655656828e-11,3,0.8413374,4.75407655656828e-11,"STRG.5322"
136777,3,"arahy.Tifrunner.gnm2.ann2.Ah14g089100",7.2878804,0.96596086,3.14869517764463e-13,6.09962550072741e-11,3,0.96596086,6.09962550072741e-11,"arahy.Tifrunner.gnm2.ann2.Ah14g089100"
136778,3,"arahy.Tifrunner.gnm2.ann2.Ah13g228200",7.274727,0.91699094,3.4712185068539e-13,6.69592166550919e-11,3,0.91699094,6.69592166550919e-11,"arahy.Tifrunner.gnm2.ann2.Ah13g228200"
136779,3,"arahy.Tifrunner.gnm2.ann2.Ah12g113400",7.2623963,2.8960996,3.80292358474638e-13,7.30482250092802e-11,3,2.8960996,7.30482250092802e-11,"arahy.Tifrunner.gnm2.ann2.Ah12g113400"
136780,3,"arahy.Tifrunner.gnm2.ann2.Ah15g290900",7.255441,1.9311923,4.00354916581497e-13,7.6578811859059e-11,3,1.9311923,7.6578811859059e-11,"arahy.Tifrunner.gnm2.ann2.Ah15g290900"
136781,3,"arahy.Tifrunner.gnm2.ann2.Ah04g420000",7.254191,1.4735239,4.04070291758958e-13,7.66547154750565e-11,3,1.4735239,7.66547154750565e-11,"arahy.Tifrunner.gnm2.ann2.Ah04g420000"
136782,3,"arahy.Tifrunner.gnm2.ann2.Ah14g468800",7.254174,1.283074,4.04119403260117e-13,7.66547154750565e-11,3,1.283074,7.66547154750565e-11,"arahy.Tifrunner.gnm2.ann2.Ah14g468800"
136783,3,"arahy.Tifrunner.gnm2.ann2.Ah13g345200",7.2525496,3.533789,4.08998143672601e-13,7.72582219607945e-11,3,3.533789,7.72582219607945e-11,"arahy.Tifrunner.gnm2.ann2.Ah13g345200"
136784,3,"STRG.986",7.2515955,0.7969347,4.11890544195126e-13,7.74830790658633e-11,3,0.7969347,7.74830790658633e-11,"STRG.986"
136785,3,"STRG.5961",7.250349,2.2608442,4.1569838349506e-13,7.78775852272803e-11,3,2.2608442,7.78775852272803e-11,"STRG.5961"
136786,3,"arahy.Tifrunner.gnm2.ann2.Ah05g188700",7.2478156,1.1724211,4.23546617203994e-13,7.90226893507975e-11,3,1.1724211,7.90226893507975e-11,"arahy.Tifrunner.gnm2.ann2.Ah05g188700"
136787,3,"STRG.1550",7.242444,1.3272922,4.4067023701051e-13,8.18819259986386e-11,3,1.3272922,8.18819259986386e-11,"STRG.1550"
136788,3,"arahy.Tifrunner.gnm2.ann2.Ah13g566500",7.2262473,1.3487622,4.96524016707681e-13,9.18852005552866e-11,3,1.3487622,9.18852005552866e-11,"arahy.Tifrunner.gnm2.ann2.Ah13g566500"
136789,3,"arahy.Tifrunner.gnm2.ann2.Ah03g160100",7.219214,4.068629,5.22889669524118e-13,9.63725883215221e-11,3,4.068629,9.63725883215221e-11,"arahy.Tifrunner.gnm2.ann2.Ah03g160100"
136790,3,"STRG.2908",7.111338,1.3814515,1.14923094261526e-12,2.10958021901682e-10,3,1.3814515,2.10958021901682e-10,"STRG.2908"
136791,3,"STRG.4870",7.107546,1.9120548,1.18124313258924e-12,2.15963503485914e-10,3,1.9120548,2.15963503485914e-10,"STRG.4870"
136792,3,"STRG.5554",7.082251,2.170756,1.41831300261611e-12,2.57240163868908e-10,3,2.170756,2.57240163868908e-10,"STRG.5554"
136793,3,"arahy.Tifrunner.gnm2.ann2.Ah16g500400",7.025319,0.9419917,2.13577580668721e-12,3.85829594538209e-10,3,0.9419917,3.85829594538209e-10,"arahy.Tifrunner.gnm2.ann2.Ah16g500400"
136794,3,"arahy.Tifrunner.gnm2.ann2.Ah03g385000",7.023649,1.2760719,2.16147078954092e-12,3.88928048312494e-10,3,1.2760719,3.88928048312494e-10,"arahy.Tifrunner.gnm2.ann2.Ah03g385000"
136795,3,"arahy.Tifrunner.gnm2.ann2.Ah18g444800",7.019791,1.1185542,2.22200013281771e-12,3.9824540963147e-10,3,1.1185542,3.9824540963147e-10,"arahy.Tifrunner.gnm2.ann2.Ah18g444800"
136796,3,"arahy.Tifrunner.gnm2.ann2.Ah18g139000",7.0114293,3.8694363,2.35895338607142e-12,4.19488257607481e-10,3,3.8694363,4.19488257607481e-10,"arahy.Tifrunner.gnm2.ann2.Ah18g139000"
136797,3,"arahy.Tifrunner.gnm2.ann2.Ah06g311200",6.9708176,2.6124394,3.1510384281568e-12,5.5385279306336e-10,3,2.6124394,5.5385279306336e-10,"arahy.Tifrunner.gnm2.ann2.Ah06g311200"
136798,3,"arahy.Tifrunner.gnm2.ann2.Ah03g045200",6.9382057,1.7123679,3.97110743051514e-12,6.95310364102966e-10,3,1.7123679,6.95310364102966e-10,"arahy.Tifrunner.gnm2.ann2.Ah03g045200"
136799,3,"arahy.Tifrunner.gnm2.ann2.Ah18g415800",6.9345207,1.0807467,4.0760092940095e-12,7.10943475480798e-10,3,1.0807467,7.10943475480798e-10,"arahy.Tifrunner.gnm2.ann2.Ah18g415800"
136800,3,"arahy.Tifrunner.gnm2.ann2.Ah14g476200",6.9034715,2.171414,5.0746793124293e-12,8.79420270092748e-10,3,2.171414,8.79420270092748e-10,"arahy.Tifrunner.gnm2.ann2.Ah14g476200"
136801,3,"arahy.Tifrunner.gnm2.ann2.Ah15g181700",6.8720317,1.5799146,6.32937925467991e-12,1.09143432268958e-09,3,1.5799146,1.09143432268958e-09,"arahy.Tifrunner.gnm2.ann2.Ah15g181700"
136802,3,"arahy.Tifrunner.gnm2.ann2.Ah02g092400",6.8696218,1.3699639,6.43723841366484e-12,1.10584468507048e-09,3,1.3699639,1.10584468507048e-09,"arahy.Tifrunner.gnm2.ann2.Ah02g092400"
136803,3,"arahy.Tifrunner.gnm2.ann2.Ah04g278400",6.854897,3.948599,7.1363832510767e-12,1.2213410192557e-09,3,3.948599,1.2213410192557e-09,"arahy.Tifrunner.gnm2.ann2.Ah04g278400"
136804,3,"arahy.Tifrunner.gnm2.ann2.Ah20g441800",6.848119,1.3314908,7.4827333278991e-12,1.27582004501602e-09,3,1.3314908,1.27582004501602e-09,"arahy.Tifrunner.gnm2.ann2.Ah20g441800"
136805,3,"STRG.4363",6.829516,1.919888,8.52016621555445e-12,1.44728375670485e-09,3,1.919888,1.44728375670485e-09,"STRG.4363"
136806,3,"arahy.Tifrunner.gnm2.ann2.Ah01g011400",6.787156,3.0485973,1.14365403386115e-11,1.92828541620351e-09,3,3.0485973,1.92828541620351e-09,"arahy.Tifrunner.gnm2.ann2.Ah01g011400"
136807,3,"STRG.2660",6.750349,4.5452604,1.4748997564706e-11,2.47761389348959e-09,3,4.5452604,2.47761389348959e-09,"STRG.2660"
136808,3,"arahy.Tifrunner.gnm2.ann2.Ah09g220200",6.748634,0.79796153,1.49243679613174e-11,2.49785634952579e-09,3,0.79796153,2.49785634952579e-09,"arahy.Tifrunner.gnm2.ann2.Ah09g220200"
136809,3,"arahy.Tifrunner.gnm2.ann2.Ah19g490800",6.7274275,3.5213118,1.72689117243401e-11,2.87967010014234e-09,3,3.5213118,2.87967010014234e-09,"arahy.Tifrunner.gnm2.ann2.Ah19g490800"
136810,3,"arahy.Tifrunner.gnm2.ann2.Ah03g090200",6.70729,2.024096,1.9827194169409e-11,3.29420871302254e-09,3,2.024096,3.29420871302254e-09,"arahy.Tifrunner.gnm2.ann2.Ah03g090200"
136811,3,"arahy.Tifrunner.gnm2.ann2.Ah05g321300",6.6892505,1.4458739,2.24316559774354e-11,3.71337711533371e-09,3,1.4458739,3.71337711533371e-09,"arahy.Tifrunner.gnm2.ann2.Ah05g321300"
136812,3,"arahy.Tifrunner.gnm2.ann2.Ah08g026700",6.6860585,2.8947048,2.29261004332543e-11,3.78147752218648e-09,3,2.8947048,3.78147752218648e-09,"arahy.Tifrunner.gnm2.ann2.Ah08g026700"
136813,3,"arahy.Tifrunner.gnm2.ann2.Ah04g424800",6.6846642,4.2683506,2.31454352735613e-11,3.80387290755813e-09,3,4.2683506,3.80387290755813e-09,"arahy.Tifrunner.gnm2.ann2.Ah04g424800"
136814,3,"STRG.851",6.674995,0.7197182,2.47240923548872e-11,4.0487035264888e-09,3,0.7197182,4.0487035264888e-09,"STRG.851"
136815,3,"STRG.4426",6.667324,1.0313356,2.60509445426891e-11,4.25069247082932e-09,3,1.0313356,4.25069247082932e-09,"STRG.4426"
136816,3,"arahy.Tifrunner.gnm2.ann2.Ah09g009300",6.5422397,1.7156926,6.06042657315e-11,9.81832239559006e-09,3,1.7156926,9.81832239559006e-09,"arahy.Tifrunner.gnm2.ann2.Ah09g009300"
136817,3,"arahy.Tifrunner.gnm2.ann2.Ah09g009800",6.529329,4.0259695,6.60649890634011e-11,1.06650445465329e-08,3,4.0259695,1.06650445465329e-08,"arahy.Tifrunner.gnm2.ann2.Ah09g009800"
136818,3,"arahy.Tifrunner.gnm2.ann2.Ah19g053800",6.5185857,0.64048535,7.09733083032168e-11,1.14169218628821e-08,3,0.64048535,1.14169218628821e-08,"arahy.Tifrunner.gnm2.ann2.Ah19g053800"
136819,3,"STRG.7352",6.4823546,1.3143913,9.03021589339691e-11,1.43738303612238e-08,3,1.3143913,1.43738303612238e-08,"STRG.7352"
136820,3,"arahy.Tifrunner.gnm2.ann2.Ah17g141900",6.427265,1.0522788,1.2992017939628e-10,2.05364105792926e-08,3,1.0522788,2.05364105792926e-08,"arahy.Tifrunner.gnm2.ann2.Ah17g141900"
136821,3,"arahy.Tifrunner.gnm2.ann2.Ah19g485200",6.392852,1.2016455,1.62820240553018e-10,2.55594090721917e-08,3,1.2016455,2.55594090721917e-08,"arahy.Tifrunner.gnm2.ann2.Ah19g485200"
136822,3,"STRG.100",6.389981,0.7365949,1.65906632701966e-10,2.59544108148602e-08,3,0.7365949,2.59544108148602e-08,"STRG.100"
136823,3,"arahy.Tifrunner.gnm2.ann2.Ah19g419700",6.3888373,1.1973704,1.67151737591697e-10,2.60596428154945e-08,3,1.1973704,2.60596428154945e-08,"arahy.Tifrunner.gnm2.ann2.Ah19g419700"
136824,3,"arahy.Tifrunner.gnm2.ann2.Ah19g068300",6.3788056,1.0642548,1.78474236504193e-10,2.77299015106379e-08,3,1.0642548,2.77299015106379e-08,"arahy.Tifrunner.gnm2.ann2.Ah19g068300"
136825,3,"STRG.1479",6.3296432,1.1806146,2.45728860184173e-10,3.79205445119468e-08,3,1.1806146,3.79205445119468e-08,"STRG.1479"
136826,3,"STRG.1872",6.3276277,0.99907666,2.48958818348915e-10,3.82891934003919e-08,3,0.99907666,3.82891934003919e-08,"STRG.1872"
136827,3,"arahy.Tifrunner.gnm2.ann2.Ah17g098300",6.3169503,1.0011938,2.66775104223234e-10,4.08911442581095e-08,3,1.0011938,4.08911442581095e-08,"arahy.Tifrunner.gnm2.ann2.Ah17g098300"
136828,3,"arahy.Tifrunner.gnm2.ann2.Ah14g490200",6.3061004,1.2043961,2.86153540857892e-10,4.37142744765593e-08,3,1.2043961,4.37142744765593e-08,"arahy.Tifrunner.gnm2.ann2.Ah14g490200"
136829,3,"STRG.5325",6.247585,0.64415056,4.16848027502516e-10,6.30451481861281e-08,3,0.64415056,6.30451481861281e-08,"STRG.5325"
136830,3,"arahy.Tifrunner.gnm2.ann2.Ah03g013000",6.2456803,3.9380894,4.21959020566809e-10,6.36068293121967e-08,3,3.9380894,6.36068293121967e-08,"arahy.Tifrunner.gnm2.ann2.Ah03g013000"
136831,3,"STRG.2714",6.2282867,0.7638509,4.71563801163999e-10,7.07613945725801e-08,3,0.7638509,7.07613945725801e-08,"STRG.2714"
136832,3,"arahy.Tifrunner.gnm2.ann2.Ah15g388100",6.227966,3.8202357,4.72530180785176e-10,7.07613945725801e-08,3,3.8202357,7.07613945725801e-08,"arahy.Tifrunner.gnm2.ann2.Ah15g388100"
136833,3,"arahy.Tifrunner.gnm2.ann2.Ah16g167300",6.210979,1.0007892,5.26554661549065e-10,7.85930308601955e-08,3,1.0007892,7.85930308601955e-08,"arahy.Tifrunner.gnm2.ann2.Ah16g167300"
136834,3,"arahy.Tifrunner.gnm2.ann2.Ah13g062000",6.199224,0.99306023,5.67421560942311e-10,8.41410395450741e-08,3,0.99306023,8.41410395450741e-08,"arahy.Tifrunner.gnm2.ann2.Ah13g062000"
136835,3,"arahy.Tifrunner.gnm2.ann2.Ah15g513400",6.194457,0.6889363,5.84862169646261e-10,8.64456669187545e-08,3,0.6889363,8.64456669187545e-08,"arahy.Tifrunner.gnm2.ann2.Ah15g513400"
136836,3,"arahy.Tifrunner.gnm2.ann2.Ah19g483800",6.13027,1.0995148,8.77301439398457e-10,1.29250067078237e-07,3,1.0995148,1.29250067078237e-07,"arahy.Tifrunner.gnm2.ann2.Ah19g483800"
136837,3,"arahy.Tifrunner.gnm2.ann2.Ah19g111400",6.1291428,2.1800187,8.83537511173515e-10,1.29748908576333e-07,3,2.1800187,1.29748908576333e-07,"arahy.Tifrunner.gnm2.ann2.Ah19g111400"
136838,3,"arahy.Tifrunner.gnm2.ann2.Ah16g274500",6.1244583,0.9416104,9.0992704429843e-10,1.33194594098527e-07,3,0.9416104,1.33194594098527e-07,"arahy.Tifrunner.gnm2.ann2.Ah16g274500"
136839,3,"arahy.Tifrunner.gnm2.ann2.Ah10g027200",6.1211677,2.9550927,9.28920210352997e-10,1.35538986077275e-07,3,2.9550927,1.35538986077275e-07,"arahy.Tifrunner.gnm2.ann2.Ah10g027200"
136840,3,"arahy.Tifrunner.gnm2.ann2.Ah13g243500",6.108751,1.2585694,1.00414057801475e-09,1.45581196412559e-07,3,1.2585694,1.45581196412559e-07,"arahy.Tifrunner.gnm2.ann2.Ah13g243500"
136841,3,"arahy.Tifrunner.gnm2.ann2.Ah09g434500",6.1042595,1.2399536,1.0327851996005e-09,1.49258772782899e-07,3,1.2399536,1.49258772782899e-07,"arahy.Tifrunner.gnm2.ann2.Ah09g434500"
136842,3,"arahy.Tifrunner.gnm2.ann2.Ah19g019900",6.1019397,2.0723512,1.04789013719351e-09,1.50962501916448e-07,3,2.0723512,1.50962501916448e-07,"arahy.Tifrunner.gnm2.ann2.Ah19g019900"
136843,3,"arahy.Tifrunner.gnm2.ann2.Ah20g078000",6.0688753,1.0058458,1.28809203219686e-09,1.84981393292523e-07,3,1.0058458,1.84981393292523e-07,"arahy.Tifrunner.gnm2.ann2.Ah20g078000"
136844,3,"arahy.Tifrunner.gnm2.ann2.Ah03g588400",6.06512,3.4333198,1.31855151813514e-09,1.88760186514416e-07,3,3.4333198,1.88760186514416e-07,"arahy.Tifrunner.gnm2.ann2.Ah03g588400"
136845,3,"arahy.Tifrunner.gnm2.ann2.Ah05g164600",6.0488696,1.6582277,1.45865679619063e-09,2.0751216246807e-07,3,1.6582277,2.0751216246807e-07,"arahy.Tifrunner.gnm2.ann2.Ah05g164600"
136846,3,"arahy.Tifrunner.gnm2.ann2.Ah16g119600",6.0462003,1.0565873,1.48301757751731e-09,2.10320536445165e-07,3,1.0565873,2.10320536445165e-07,"arahy.Tifrunner.gnm2.ann2.Ah16g119600"
136847,3,"STRG.1523",6.038908,1.555107,1.5516076361076e-09,2.19364552876281e-07,3,1.555107,2.19364552876281e-07,"STRG.1523"
136848,3,"arahy.Tifrunner.gnm2.ann2.Ah12g147700",6.0188775,0.76153105,1.75630580563263e-09,2.47535806487987e-07,3,0.76153105,2.47535806487987e-07,"arahy.Tifrunner.gnm2.ann2.Ah12g147700"
136849,3,"arahy.Tifrunner.gnm2.ann2.Ah11g388700",6.0182853,1.5834765,1.76274254909624e-09,2.47676209274868e-07,3,1.5834765,2.47676209274868e-07,"arahy.Tifrunner.gnm2.ann2.Ah11g388700"
136850,3,"arahy.Tifrunner.gnm2.ann2.Ah12g376700",6.014086,1.1395671,1.80904473470779e-09,2.53399853854885e-07,3,1.1395671,2.53399853854885e-07,"arahy.Tifrunner.gnm2.ann2.Ah12g376700"
136851,3,"arahy.Tifrunner.gnm2.ann2.Ah04g347000",5.9898643,0.7842437,2.10015856396566e-09,2.93274903269855e-07,3,0.7842437,2.93274903269855e-07,"arahy.Tifrunner.gnm2.ann2.Ah04g347000"
136852,3,"STRG.4510",5.983403,0.46255246,2.18523129715047e-09,3.03294114547189e-07,3,0.46255246,3.03294114547189e-07,"STRG.4510"
136853,3,"STRG.4923",5.959239,2.0957217,2.5341492528834e-09,3.50652311818431e-07,3,2.0957217,3.50652311818431e-07,"STRG.4923"
136854,3,"arahy.Tifrunner.gnm2.ann2.Ah01g312700",5.935565,3.5860875,2.92835609805799e-09,4.02750703951638e-07,3,3.5860875,4.02750703951638e-07,"arahy.Tifrunner.gnm2.ann2.Ah01g312700"
136855,3,"arahy.Tifrunner.gnm2.ann2.Ah06g037000",5.919269,1.1316314,3.23375426496586e-09,4.43413943247909e-07,3,1.1316314,4.43413943247909e-07,"arahy.Tifrunner.gnm2.ann2.Ah06g037000"
136856,3,"STRG.5736",5.8975897,0.71642214,3.68850127376179e-09,5.04250246206401e-07,3,0.71642214,5.04250246206401e-07,"STRG.5736"
136857,3,"arahy.Tifrunner.gnm2.ann2.Ah16g480700",5.8933945,2.4620292,3.78342187095523e-09,5.1567813548912e-07,3,2.4620292,5.1567813548912e-07,"arahy.Tifrunner.gnm2.ann2.Ah16g480700"
136858,3,"arahy.Tifrunner.gnm2.ann2.Ah13g099800",5.884506,2.012791,3.99244408258789e-09,5.40928644094437e-07,3,2.012791,5.40928644094437e-07,"arahy.Tifrunner.gnm2.ann2.Ah13g099800"
136859,3,"arahy.Tifrunner.gnm2.ann2.Ah12g314600",5.8783245,4.262271,4.14440449858293e-09,5.59851247458425e-07,3,4.262271,5.59851247458425e-07,"arahy.Tifrunner.gnm2.ann2.Ah12g314600"
136860,3,"STRG.2606",5.867281,2.166205,4.42999861102896e-09,5.96660522983676e-07,3,2.166205,5.96660522983676e-07,"STRG.2606"
136861,3,"arahy.Tifrunner.gnm2.ann2.Ah18g452000",5.8474894,3.5337882,4.99048363328426e-09,6.68196402710684e-07,3,3.5337882,6.68196402710684e-07,"arahy.Tifrunner.gnm2.ann2.Ah18g452000"
136862,3,"arahy.Tifrunner.gnm2.ann2.Ah20g315700",5.828594,1.0367554,5.58962888456684e-09,7.46223652026454e-07,3,1.0367554,7.46223652026454e-07,"arahy.Tifrunner.gnm2.ann2.Ah20g315700"
136863,3,"arahy.Tifrunner.gnm2.ann2.Ah10g203800",5.826599,0.52159065,5.65682285020145e-09,7.52985974949037e-07,3,0.52159065,7.52985974949037e-07,"arahy.Tifrunner.gnm2.ann2.Ah10g203800"
136864,3,"STRG.1576",5.819739,4.123456,5.89396669536126e-09,7.82265130727773e-07,3,4.123456,7.82265130727773e-07,"STRG.1576"
136865,3,"arahy.Tifrunner.gnm2.ann2.Ah05g445200",5.798018,0.92676294,6.71032271071189e-09,8.88025381053629e-07,3,0.92676294,8.88025381053629e-07,"arahy.Tifrunner.gnm2.ann2.Ah05g445200"
136866,3,"arahy.Tifrunner.gnm2.ann2.Ah05g386500",5.795201,3.396891,6.82395413411876e-09,9.00445472468471e-07,3,3.396891,9.00445472468471e-07,"arahy.Tifrunner.gnm2.ann2.Ah05g386500"
136867,3,"arahy.Tifrunner.gnm2.ann2.Ah09g332400",5.7870197,1.069948,7.16460882545175e-09,9.41328450995331e-07,3,1.069948,9.41328450995331e-07,"arahy.Tifrunner.gnm2.ann2.Ah09g332400"
136868,3,"arahy.Tifrunner.gnm2.ann2.Ah17g281200",5.786773,4.056953,7.17513778436385e-09,9.41328450995331e-07,3,4.056953,9.41328450995331e-07,"arahy.Tifrunner.gnm2.ann2.Ah17g281200"
136869,3,"arahy.Tifrunner.gnm2.ann2.Ah17g252900",5.773879,4.0530453,7.74671240922868e-09,1.01339464286703e-06,3,4.0530453,1.01339464286703e-06,"arahy.Tifrunner.gnm2.ann2.Ah17g252900"
136870,3,"arahy.Tifrunner.gnm2.ann2.Ah05g347900",5.7510643,3.3718858,8.86834710656952e-09,1.15679837730507e-06,3,3.3718858,1.15679837730507e-06,"arahy.Tifrunner.gnm2.ann2.Ah05g347900"
136871,3,"arahy.Tifrunner.gnm2.ann2.Ah11g395700",5.7358665,1.3556036,9.70149982541635e-09,1.26186022300644e-06,3,1.3556036,1.26186022300644e-06,"arahy.Tifrunner.gnm2.ann2.Ah11g395700"
136872,3,"arahy.Tifrunner.gnm2.ann2.Ah13g051500",5.733,0.6432215,9.86697225869873e-09,1.27972662423077e-06,3,0.6432215,1.27972662423077e-06,"arahy.Tifrunner.gnm2.ann2.Ah13g051500"
136873,3,"arahy.Tifrunner.gnm2.ann2.Ah12g432700",5.711559,1.281545,1.11945999045214e-08,1.44779251719724e-06,3,1.281545,1.44779251719724e-06,"arahy.Tifrunner.gnm2.ann2.Ah12g432700"
136874,3,"arahy.Tifrunner.gnm2.ann2.Ah06g089900",5.707384,0.86226225,1.14725676645192e-08,1.47953872623109e-06,3,0.86226225,1.47953872623109e-06,"arahy.Tifrunner.gnm2.ann2.Ah06g089900"
136875,3,"arahy.Tifrunner.gnm2.ann2.Ah20g415500",5.705665,2.7124605,1.15889807401561e-08,1.49032982829058e-06,3,2.7124605,1.49032982829058e-06,"arahy.Tifrunner.gnm2.ann2.Ah20g415500"
136876,3,"arahy.Tifrunner.gnm2.ann2.Ah05g064300",5.698607,1.192549,1.2079032028381e-08,1.54897423678878e-06,3,1.192549,1.54897423678878e-06,"arahy.Tifrunner.gnm2.ann2.Ah05g064300"
136877,3,"STRG.2214",5.654306,2.4468112,1.56477288139502e-08,2.00097529923109e-06,3,2.4468112,2.00097529923109e-06,"STRG.2214"
136878,3,"arahy.Tifrunner.gnm2.ann2.Ah01g040500",5.6485476,4.0661654,1.61808923146676e-08,2.06335838020429e-06,3,4.0661654,2.06335838020429e-06,"arahy.Tifrunner.gnm2.ann2.Ah01g040500"
136879,3,"arahy.Tifrunner.gnm2.ann2.Ah01g250000",5.644636,1.1703185,1.6553081986786e-08,2.10492319655432e-06,3,1.1703185,2.10492319655432e-06,"arahy.Tifrunner.gnm2.ann2.Ah01g250000"
136880,3,"arahy.Tifrunner.gnm2.ann2.Ah19g565900",5.6295295,2.3726401,1.80702126907985e-08,2.29144390678527e-06,3,2.3726401,2.29144390678527e-06,"arahy.Tifrunner.gnm2.ann2.Ah19g565900"
136881,3,"arahy.Tifrunner.gnm2.ann2.Ah06g017100",5.625186,0.91754746,1.85308271326924e-08,2.34332603996859e-06,3,0.91754746,2.34332603996859e-06,"arahy.Tifrunner.gnm2.ann2.Ah06g017100"
136882,3,"arahy.Tifrunner.gnm2.ann2.Ah09g058100",5.622401,0.8485261,1.8832102287299e-08,2.37482721475623e-06,3,0.8485261,2.37482721475623e-06,"arahy.Tifrunner.gnm2.ann2.Ah09g058100"
136883,3,"arahy.Tifrunner.gnm2.ann2.Ah13g404200",5.61814,3.6652288,1.93023659670988e-08,2.42740582399504e-06,3,3.6652288,2.42740582399504e-06,"arahy.Tifrunner.gnm2.ann2.Ah13g404200"
136884,3,"arahy.Tifrunner.gnm2.ann2.Ah09g432400",5.5772696,1.0260494,2.44323137946325e-08,3.04727850188179e-06,3,1.0260494,3.04727850188179e-06,"arahy.Tifrunner.gnm2.ann2.Ah09g432400"
136885,3,"STRG.2365",5.5518103,0.8695322,2.82726615709389e-08,3.50704263039625e-06,3,0.8695322,3.50704263039625e-06,"STRG.2365"
136886,3,"arahy.Tifrunner.gnm2.ann2.Ah10g016600",5.5302005,1.2409478,3.19865087340415e-08,3.95693973806659e-06,3,1.2409478,3.95693973806659e-06,"arahy.Tifrunner.gnm2.ann2.Ah10g016600"
136887,3,"arahy.Tifrunner.gnm2.ann2.Ah06g180600",5.503647,1.1822404,3.72014171298946e-08,4.58958621523393e-06,3,1.1822404,4.58958621523393e-06,"arahy.Tifrunner.gnm2.ann2.Ah06g180600"
136888,3,"arahy.Tifrunner.gnm2.ann2.Ah03g502500",5.486562,1.1134055,4.09832617513355e-08,5.04249191342648e-06,3,1.1134055,5.04249191342648e-06,"arahy.Tifrunner.gnm2.ann2.Ah03g502500"
136889,3,"arahy.Tifrunner.gnm2.ann2.Ah03g259600",5.47762,1.7342215,4.31084844435608e-08,5.28967829058938e-06,3,1.7342215,5.28967829058938e-06,"arahy.Tifrunner.gnm2.ann2.Ah03g259600"
136890,3,"arahy.Tifrunner.gnm2.ann2.Ah09g327600",5.473293,0.978102,4.41748693622284e-08,5.40595901302711e-06,3,0.978102,5.40595901302711e-06,"arahy.Tifrunner.gnm2.ann2.Ah09g327600"
136891,3,"arahy.Tifrunner.gnm2.ann2.Ah13g051300",5.470496,0.629273,4.48777290527033e-08,5.47724862572458e-06,3,0.629273,5.47724862572458e-06,"arahy.Tifrunner.gnm2.ann2.Ah13g051300"
136892,3,"arahy.Tifrunner.gnm2.ann2.Ah13g066000",5.463492,0.9368137,4.66858881358485e-08,5.65246907312863e-06,3,0.9368137,5.65246907312863e-06,"arahy.Tifrunner.gnm2.ann2.Ah13g066000"
136893,3,"arahy.Tifrunner.gnm2.ann2.Ah08g071400",5.456343,1.423457,4.86039529988934e-08,5.86908847830669e-06,3,1.423457,5.86908847830669e-06,"arahy.Tifrunner.gnm2.ann2.Ah08g071400"
136894,3,"arahy.Tifrunner.gnm2.ann2.Ah01g348000",5.4434905,1.3868269,5.22465813806775e-08,6.28421429140549e-06,3,1.3868269,6.28421429140549e-06,"arahy.Tifrunner.gnm2.ann2.Ah01g348000"
136895,3,"arahy.Tifrunner.gnm2.ann2.Ah04g399900",5.443248,1.090825,5.231783710664e-08,6.28421429140549e-06,3,1.090825,6.28421429140549e-06,"arahy.Tifrunner.gnm2.ann2.Ah04g399900"
136896,3,"arahy.Tifrunner.gnm2.ann2.Ah12g428500",5.433385,1.0566477,5.52950277077677e-08,6.62434431939057e-06,3,1.0566477,6.62434431939057e-06,"arahy.Tifrunner.gnm2.ann2.Ah12g428500"
136897,3,"STRG.2669",5.431402,1.2562655,5.59129545367905e-08,6.67160158085594e-06,3,1.2562655,6.67160158085594e-06,"STRG.2669"
136898,3,"arahy.Tifrunner.gnm2.ann2.Ah02g089300",5.43118,1.1389769,5.59825982753486e-08,6.67160158085594e-06,3,1.1389769,6.67160158085594e-06,"arahy.Tifrunner.gnm2.ann2.Ah02g089300"
136899,3,"arahy.Tifrunner.gnm2.ann2.Ah18g167900",5.418689,2.6020951,6.00376693625062e-08,7.13617456934395e-06,3,2.6020951,7.13617456934395e-06,"arahy.Tifrunner.gnm2.ann2.Ah18g167900"
136900,3,"arahy.Tifrunner.gnm2.ann2.Ah07g016500",5.3788505,4.5720267,7.49629331451095e-08,8.88701189713012e-06,3,4.5720267,8.88701189713012e-06,"arahy.Tifrunner.gnm2.ann2.Ah07g016500"
136901,3,"arahy.Tifrunner.gnm2.ann2.Ah07g230400",5.3734336,1.1537969,7.72512332869529e-08,9.13450686793569e-06,3,1.1537969,9.13450686793569e-06,"arahy.Tifrunner.gnm2.ann2.Ah07g230400"
136902,3,"arahy.Tifrunner.gnm2.ann2.Ah18g032600",5.346317,2.8640516,8.97620973396208e-08,1.05815579391631e-05,3,2.8640516,1.05815579391631e-05,"arahy.Tifrunner.gnm2.ann2.Ah18g032600"
136903,3,"STRG.1359",5.34593,1.5811676,8.99539346818404e-08,1.05815579391631e-05,3,1.5811676,1.05815579391631e-05,"STRG.1359"
136904,3,"arahy.Tifrunner.gnm2.ann2.Ah13g190100",5.3382344,3.4245877,9.38559356400476e-08,1.09837984937726e-05,3,3.4245877,1.09837984937726e-05,"arahy.Tifrunner.gnm2.ann2.Ah13g190100"
136905,3,"arahy.Tifrunner.gnm2.ann2.Ah10g405000",5.321602,1.258523,1.02857575614118e-07,1.20063801852746e-05,3,1.258523,1.20063801852746e-05,"arahy.Tifrunner.gnm2.ann2.Ah10g405000"
136906,3,"arahy.Tifrunner.gnm2.ann2.Ah08g310100",5.3191423,0.7729675,1.04257662278938e-07,1.21386849554639e-05,3,0.7729675,1.21386849554639e-05,"arahy.Tifrunner.gnm2.ann2.Ah08g310100"
136907,3,"arahy.Tifrunner.gnm2.ann2.Ah14g400700",5.3115125,0.6531467,1.08719090451645e-07,1.26258364125528e-05,3,0.6531467,1.26258364125528e-05,"arahy.Tifrunner.gnm2.ann2.Ah14g400700"
136908,3,"arahy.Tifrunner.gnm2.ann2.Ah06g050400",5.279168,1.1931126,1.29771817613175e-07,1.50323975191404e-05,3,1.1931126,1.50323975191404e-05,"arahy.Tifrunner.gnm2.ann2.Ah06g050400"
136909,3,"arahy.Tifrunner.gnm2.ann2.Ah11g060500",5.2730765,3.9215298,1.3415553191223e-07,1.54972546631178e-05,3,3.9215298,1.54972546631178e-05,"arahy.Tifrunner.gnm2.ann2.Ah11g060500"
136910,3,"arahy.Tifrunner.gnm2.ann2.Ah15g419600",5.272653,1.0003806,1.34465679464273e-07,1.54972546631178e-05,3,1.0003806,1.54972546631178e-05,"arahy.Tifrunner.gnm2.ann2.Ah15g419600"
136911,3,"arahy.Tifrunner.gnm2.ann2.Ah04g083400",5.2678037,2.924878,1.38065593208827e-07,1.58719648112087e-05,3,2.924878,1.58719648112087e-05,"arahy.Tifrunner.gnm2.ann2.Ah04g083400"
136912,3,"arahy.Tifrunner.gnm2.ann2.Ah13g088900",5.265842,0.67906696,1.39548382256455e-07,1.59618104367911e-05,3,0.67906696,1.59618104367911e-05,"arahy.Tifrunner.gnm2.ann2.Ah13g088900"
136913,3,"arahy.Tifrunner.gnm2.ann2.Ah08g330400",5.2628474,4.3051786,1.41841158889939e-07,1.61834007952521e-05,3,4.3051786,1.61834007952521e-05,"arahy.Tifrunner.gnm2.ann2.Ah08g330400"
136914,3,"STRG.6943",5.251208,1.0427269,1.51105080329143e-07,1.71972691922597e-05,3,1.0427269,1.71972691922597e-05,"STRG.6943"
136915,3,"arahy.Tifrunner.gnm2.ann2.Ah05g213500",5.2419496,4.082642,1.58888891487444e-07,1.80380496161457e-05,3,4.082642,1.80380496161457e-05,"arahy.Tifrunner.gnm2.ann2.Ah05g213500"
136916,3,"arahy.Tifrunner.gnm2.ann2.Ah16g303900",5.2371206,0.3382808,1.63100938217691e-07,1.84701669438362e-05,3,0.3382808,1.84701669438362e-05,"arahy.Tifrunner.gnm2.ann2.Ah16g303900"
136917,3,"arahy.Tifrunner.gnm2.ann2.Ah03g105800",5.2280517,1.3868192,1.71305653827111e-07,1.93511627415022e-05,3,1.3868192,1.93511627415022e-05,"arahy.Tifrunner.gnm2.ann2.Ah03g105800"
136918,3,"arahy.Tifrunner.gnm2.ann2.Ah01g239800",5.2151656,0.23247476,1.83653044569581e-07,2.0643509138236e-05,3,0.23247476,2.0643509138236e-05,"arahy.Tifrunner.gnm2.ann2.Ah01g239800"
136919,3,"arahy.Tifrunner.gnm2.ann2.Ah16g199600",5.203493,0.71713567,1.95577156182993e-07,2.19296907834349e-05,3,0.71713567,2.19296907834349e-05,"arahy.Tifrunner.gnm2.ann2.Ah16g199600"
136920,3,"arahy.Tifrunner.gnm2.ann2.Ah10g326000",5.199154,2.0085592,2.00197870619253e-07,2.23926483097564e-05,3,2.0085592,2.23926483097564e-05,"arahy.Tifrunner.gnm2.ann2.Ah10g326000"
136921,3,"arahy.Tifrunner.gnm2.ann2.Ah09g172400",5.1785517,0.7514299,2.23615021504166e-07,2.48896093861996e-05,3,0.7514299,2.48896093861996e-05,"arahy.Tifrunner.gnm2.ann2.Ah09g172400"
136922,3,"arahy.Tifrunner.gnm2.ann2.Ah13g056200",5.1653447,2.4258206,2.39995906692645e-07,2.65957678380405e-05,3,2.4258206,2.65957678380405e-05,"arahy.Tifrunner.gnm2.ann2.Ah13g056200"
136923,3,"arahy.Tifrunner.gnm2.ann2.Ah13g638000",5.1652546,1.1287926,2.4011204159201e-07,2.65957678380405e-05,3,1.1287926,2.65957678380405e-05,"arahy.Tifrunner.gnm2.ann2.Ah13g638000"
136924,3,"arahy.Tifrunner.gnm2.ann2.Ah02g033200",5.1519446,1.0109811,2.57798909177828e-07,2.84855280131346e-05,3,1.0109811,2.84855280131346e-05,"arahy.Tifrunner.gnm2.ann2.Ah02g033200"
136925,3,"arahy.Tifrunner.gnm2.ann2.Ah01g305500",5.146746,2.576839,2.65043836210861e-07,2.92151467304195e-05,3,2.576839,2.92151467304195e-05,"arahy.Tifrunner.gnm2.ann2.Ah01g305500"
136926,3,"STRG.3365",5.1318855,0.5595957,2.86853627015999e-07,3.14668060633165e-05,3,0.5595957,3.14668060633165e-05,"STRG.3365"
136927,3,"arahy.Tifrunner.gnm2.ann2.Ah14g061100",5.126946,1.6398631,2.94479883600456e-07,3.22257264928538e-05,3,1.6398631,3.22257264928538e-05,"arahy.Tifrunner.gnm2.ann2.Ah14g061100"
136928,3,"arahy.Tifrunner.gnm2.ann2.Ah07g178800",5.097867,0.47925532,3.4350171792769e-07,3.74104598252156e-05,3,0.47925532,3.74104598252156e-05,"arahy.Tifrunner.gnm2.ann2.Ah07g178800"
136929,3,"arahy.Tifrunner.gnm2.ann2.Ah16g434200",5.0876174,1.0753762,3.62589583201535e-07,3.939505533572e-05,3,1.0753762,3.939505533572e-05,"arahy.Tifrunner.gnm2.ann2.Ah16g434200"
136930,3,"arahy.Tifrunner.gnm2.ann2.Ah03g031700",5.073465,0.6163791,3.90636827167881e-07,4.23413117142633e-05,3,0.6163791,4.23413117142633e-05,"arahy.Tifrunner.gnm2.ann2.Ah03g031700"
136931,3,"arahy.Tifrunner.gnm2.ann2.Ah03g288900",5.0708942,1.0584716,3.95950968522361e-07,4.28153726627363e-05,3,1.0584716,4.28153726627363e-05,"arahy.Tifrunner.gnm2.ann2.Ah03g288900"
136932,3,"arahy.Tifrunner.gnm2.ann2.Ah19g124500",5.0607476,1.1315935,4.17616207760577e-07,4.50510906210723e-05,3,1.1315935,4.50510906210723e-05,"arahy.Tifrunner.gnm2.ann2.Ah19g124500"
136933,3,"arahy.Tifrunner.gnm2.ann2.Ah03g032100",5.0598426,1.8903292,4.19602860248426e-07,4.51583938769488e-05,3,1.8903292,4.51583938769488e-05,"arahy.Tifrunner.gnm2.ann2.Ah03g032100"
136934,3,"arahy.Tifrunner.gnm2.ann2.Ah16g098500",5.0559764,1.5130904,4.28194473540973e-07,4.59743519185832e-05,3,1.5130904,4.59743519185832e-05,"arahy.Tifrunner.gnm2.ann2.Ah16g098500"
136935,3,"arahy.Tifrunner.gnm2.ann2.Ah19g574300",5.04912,1.4811366,4.43849981592444e-07,4.75431213223869e-05,3,1.4811366,4.75431213223869e-05,"arahy.Tifrunner.gnm2.ann2.Ah19g574300"
136936,3,"arahy.Tifrunner.gnm2.ann2.Ah15g472300",5.0279627,0.9660456,4.95718233448712e-07,5.28502970948927e-05,3,0.9660456,5.28502970948927e-05,"arahy.Tifrunner.gnm2.ann2.Ah15g472300"
136937,3,"STRG.4773",5.027428,2.3090177,4.97101972918939e-07,5.28739958298172e-05,3,2.3090177,5.28739958298172e-05,"STRG.4773"
136938,3,"arahy.Tifrunner.gnm2.ann2.Ah16g241500",5.015887,3.3282208,5.2789360241731e-07,5.60182479171227e-05,3,3.3282208,5.60182479171227e-05,"arahy.Tifrunner.gnm2.ann2.Ah16g241500"
136939,3,"STRG.2228",5.012313,0.9788147,5.37796946209593e-07,5.68043345226114e-05,3,0.9788147,5.68043345226114e-05,"STRG.2228"
136940,3,"arahy.Tifrunner.gnm2.ann2.Ah06g361800",5.0058675,3.1636431,5.56109423409353e-07,5.86026050724245e-05,3,3.1636431,5.86026050724245e-05,"arahy.Tifrunner.gnm2.ann2.Ah06g361800"
136941,3,"STRG.4572",4.994553,1.8536423,5.89722378614103e-07,6.20012045358624e-05,3,1.8536423,6.20012045358624e-05,"STRG.4572"
136942,3,"arahy.Tifrunner.gnm2.ann2.Ah01g247000",4.979783,0.28641778,6.36555747033231e-07,6.6770884396177e-05,3,0.28641778,6.6770884396177e-05,"arahy.Tifrunner.gnm2.ann2.Ah01g247000"
136943,3,"arahy.Tifrunner.gnm2.ann2.Ah15g125800",4.9792113,1.1800869,6.38438797523847e-07,6.68144547551164e-05,3,1.1800869,6.68144547551164e-05,"arahy.Tifrunner.gnm2.ann2.Ah15g125800"
136944,3,"arahy.Tifrunner.gnm2.ann2.Ah11g412700",4.976287,1.2363023,6.48155073880291e-07,6.76757146406568e-05,3,1.2363023,6.76757146406568e-05,"arahy.Tifrunner.gnm2.ann2.Ah11g412700"
136945,3,"arahy.Tifrunner.gnm2.ann2.Ah13g116600",4.973996,1.4944975,6.55866234847957e-07,6.83241521172046e-05,3,1.4944975,6.83241521172046e-05,"arahy.Tifrunner.gnm2.ann2.Ah13g116600"
136946,3,"arahy.Tifrunner.gnm2.ann2.Ah01g432700",4.940323,0.65005517,7.79932511930147e-07,8.08784685036629e-05,3,0.65005517,8.08784685036629e-05,"arahy.Tifrunner.gnm2.ann2.Ah01g432700"
136947,3,"arahy.Tifrunner.gnm2.ann2.Ah18g244700",4.9185405,1.3985199,8.71918276370594e-07,9.02118354852157e-05,3,1.3985199,9.02118354852157e-05,"arahy.Tifrunner.gnm2.ann2.Ah18g244700"
136948,3,"arahy.Tifrunner.gnm2.ann2.Ah09g359900",4.903886,0.99855417,9.39590251633635e-07,9.68424994165983e-05,3,0.99855417,9.68424994165983e-05,"arahy.Tifrunner.gnm2.ann2.Ah09g359900"
136949,3,"arahy.Tifrunner.gnm2.ann2.Ah19g481300",4.903746,1.2322196,9.40259747432924e-07,9.68424994165983e-05,3,1.2322196,9.68424994165983e-05,"arahy.Tifrunner.gnm2.ann2.Ah19g481300"
136950,3,"STRG.3771",4.8956146,1.3265307,9.79988692667839e-07,0.000100479741542817,3,1.3265307,0.000100479741542817,"STRG.3771"
136951,3,"STRG.2847",4.887364,0.67781186,1.02194982150151e-06,0.000104546614997831,3,0.67781186,0.000104546614997831,"STRG.2847"
136952,3,"arahy.Tifrunner.gnm2.ann2.Ah10g108100",4.886015,1.6887293,1.02897333083907e-06,0.000105029107428516,3,1.6887293,0.000105029107428516,"arahy.Tifrunner.gnm2.ann2.Ah10g108100"
136953,3,"arahy.Tifrunner.gnm2.ann2.Ah16g289600",4.883671,1.718185,1.04128948767567e-06,0.000106048462275049,3,1.718185,0.000106048462275049,"arahy.Tifrunner.gnm2.ann2.Ah16g289600"
136954,3,"arahy.Tifrunner.gnm2.ann2.Ah03g509500",4.8623366,0.70003104,1.16008163107463e-06,0.000117882937886253,3,0.70003104,0.000117882937886253,"arahy.Tifrunner.gnm2.ann2.Ah03g509500"
136955,3,"STRG.3572",4.838148,0.81810224,1.31054523592222e-06,0.000132875860401165,3,0.81810224,0.000132875860401165,"STRG.3572"
136956,3,"arahy.Tifrunner.gnm2.ann2.Ah03g063400",4.836363,0.87547415,1.32236345455062e-06,0.000133776164233249,3,0.87547415,0.000133776164233249,"arahy.Tifrunner.gnm2.ann2.Ah03g063400"
136957,3,"arahy.Tifrunner.gnm2.ann2.Ah19g436100",4.8316536,2.7298946,1.35403686929215e-06,0.000136382733662207,3,2.7298946,0.000136382733662207,"arahy.Tifrunner.gnm2.ann2.Ah19g436100"
136958,3,"STRG.2581",4.831641,1.0884671,1.35412080694398e-06,0.000136382733662207,3,1.0884671,0.000136382733662207,"STRG.2581"
136959,3,"STRG.4777",4.8284826,1.55295,1.37577426870627e-06,0.000138257721431754,3,1.55295,0.000138257721431754,"STRG.4777"
136960,3,"arahy.Tifrunner.gnm2.ann2.Ah05g430200",4.8255415,3.4837751,1.39623245072015e-06,0.00014000459490437,3,3.4837751,0.00014000459490437,"arahy.Tifrunner.gnm2.ann2.Ah05g430200"
136961,3,"arahy.Tifrunner.gnm2.ann2.Ah13g139200",4.8210955,1.8757117,1.4277194291331e-06,0.000142533989675121,3,1.8757117,0.000142533989675121,"arahy.Tifrunner.gnm2.ann2.Ah13g139200"
136962,3,"arahy.Tifrunner.gnm2.ann2.Ah08g164000",4.816427,0.8257025,1.46151373960475e-06,0.000145080700778909,3,0.8257025,0.000145080700778909,"arahy.Tifrunner.gnm2.ann2.Ah08g164000"
136963,3,"arahy.Tifrunner.gnm2.ann2.Ah20g041400",4.815979,1.4075848,1.46479936463215e-06,0.000145080700778909,3,1.4075848,0.000145080700778909,"arahy.Tifrunner.gnm2.ann2.Ah20g041400"
136964,3,"arahy.Tifrunner.gnm2.ann2.Ah20g037300",4.8158927,1.2572126,1.46543319040264e-06,0.000145080700778909,3,1.2572126,0.000145080700778909,"arahy.Tifrunner.gnm2.ann2.Ah20g037300"
136965,3,"arahy.Tifrunner.gnm2.ann2.Ah02g197100",4.8139925,0.16615407,1.47944426038452e-06,0.000146095923014631,3,0.16615407,0.000146095923014631,"arahy.Tifrunner.gnm2.ann2.Ah02g197100"
136966,3,"arahy.Tifrunner.gnm2.ann2.Ah02g229700",4.8066425,0.923148,1.53486099189862e-06,0.00015124028527098,3,0.923148,0.00015124028527098,"arahy.Tifrunner.gnm2.ann2.Ah02g229700"
136967,3,"arahy.Tifrunner.gnm2.ann2.Ah16g199700",4.8055363,0.6538855,1.54337387405835e-06,0.000151750652791863,3,0.6538855,0.000151750652791863,"arahy.Tifrunner.gnm2.ann2.Ah16g199700"
136968,3,"arahy.Tifrunner.gnm2.ann2.Ah19g069100",4.795266,1.4105893,1.62459150755244e-06,0.000159392034029779,3,1.4105893,0.000159392034029779,"arahy.Tifrunner.gnm2.ann2.Ah19g069100"
136969,3,"arahy.Tifrunner.gnm2.ann2.Ah15g424800",4.793423,1.2226535,1.63959137392954e-06,0.000160517758509179,3,1.2226535,0.000160517758509179,"arahy.Tifrunner.gnm2.ann2.Ah15g424800"
136970,3,"arahy.Tifrunner.gnm2.ann2.Ah05g361000",4.7418094,1.0982523,2.1181789503481e-06,0.000206483894080614,3,1.0982523,0.000206483894080614,"arahy.Tifrunner.gnm2.ann2.Ah05g361000"
136971,3,"STRG.1535",4.7382226,0.5047839,2.15600658208258e-06,0.000209722315475914,3,0.5047839,0.000209722315475914,"STRG.1535"
136972,3,"arahy.Tifrunner.gnm2.ann2.Ah17g015900",4.7338796,4.3603406,2.20268515183553e-06,0.000213806052989682,3,4.3603406,0.000213806052989682,"arahy.Tifrunner.gnm2.ann2.Ah17g015900"
136973,3,"arahy.Tifrunner.gnm2.ann2.Ah13g228600",4.732481,0.988808,2.21791968373458e-06,0.000214826756770922,3,0.988808,0.000214826756770922,"arahy.Tifrunner.gnm2.ann2.Ah13g228600"
136974,3,"arahy.Tifrunner.gnm2.ann2.Ah05g100800",4.7301574,2.3305588,2.24345992250765e-06,0.00021683921340178,3,2.3305588,0.00021683921340178,"arahy.Tifrunner.gnm2.ann2.Ah05g100800"
136975,3,"arahy.Tifrunner.gnm2.ann2.Ah11g435600",4.7270517,3.5918229,2.27803008069478e-06,0.000219714070749045,3,3.5918229,0.000219714070749045,"arahy.Tifrunner.gnm2.ann2.Ah11g435600"
136976,3,"arahy.Tifrunner.gnm2.ann2.Ah20g486800",4.7243085,0.85872984,2.30899593118773e-06,0.000222229874780952,3,0.85872984,0.000222229874780952,"arahy.Tifrunner.gnm2.ann2.Ah20g486800"
136977,3,"arahy.Tifrunner.gnm2.ann2.Ah03g043100",4.715396,1.2108232,2.41241429081537e-06,0.0002316935615508,3,1.2108232,0.0002316935615508,"arahy.Tifrunner.gnm2.ann2.Ah03g043100"
136978,3,"arahy.Tifrunner.gnm2.ann2.Ah02g034100",4.711867,0.599648,2.45457845140533e-06,0.000235246798782687,3,0.599648,0.000235246798782687,"arahy.Tifrunner.gnm2.ann2.Ah02g034100"
136979,3,"STRG.471",4.7061663,0.5485476,2.52418809029603e-06,0.000241409955089572,3,0.5485476,0.000241409955089572,"STRG.471"
136980,3,"arahy.Tifrunner.gnm2.ann2.Ah20g037500",4.7016335,1.2556115,2.58088264497413e-06,0.000246096676478481,3,1.2556115,0.000246096676478481,"arahy.Tifrunner.gnm2.ann2.Ah20g037500"
136981,3,"STRG.5611",4.701387,1.1756284,2.58400429129061e-06,0.000246096676478481,3,1.1756284,0.000246096676478481,"STRG.5611"
136982,3,"arahy.Tifrunner.gnm2.ann2.Ah13g051900",4.6927495,2.1948738,2.69557386860185e-06,0.000256186440071462,3,2.1948738,0.000256186440071462,"arahy.Tifrunner.gnm2.ann2.Ah13g051900"
136983,3,"arahy.Tifrunner.gnm2.ann2.Ah01g245200",4.6893315,0.24424675,2.74098803916107e-06,0.000259959873947435,3,0.24424675,0.000259959873947435,"arahy.Tifrunner.gnm2.ann2.Ah01g245200"
136984,3,"arahy.Tifrunner.gnm2.ann2.Ah19g465100",4.6633744,0.7209208,3.11065820252642e-06,0.00029440666114722,3,0.7209208,0.00029440666114722,"arahy.Tifrunner.gnm2.ann2.Ah19g465100"
136985,3,"STRG.6449",4.6607957,0.6462032,3.14989239291733e-06,0.000297501454969229,3,0.6462032,0.000297501454969229,"STRG.6449"
136986,3,"arahy.Tifrunner.gnm2.ann2.Ah05g118700",4.6573653,4.0927877,3.20281564323921e-06,0.000301873663235656,3,4.0927877,0.000301873663235656,"arahy.Tifrunner.gnm2.ann2.Ah05g118700"
136987,3,"arahy.Tifrunner.gnm2.ann2.Ah07g188600",4.6468487,0.22313304,3.37044418492182e-06,0.000317016737756985,3,0.22313304,0.000317016737756985,"arahy.Tifrunner.gnm2.ann2.Ah07g188600"
136988,3,"arahy.Tifrunner.gnm2.ann2.Ah20g284300",4.636739,1.058364,3.53949201614469e-06,0.000331546984656318,3,1.058364,0.000331546984656318,"arahy.Tifrunner.gnm2.ann2.Ah20g284300"
136989,3,"arahy.Tifrunner.gnm2.ann2.Ah19g118700",4.6271844,1.1371306,3.70670590295368e-06,0.000346497083215735,3,1.1371306,0.000346497083215735,"arahy.Tifrunner.gnm2.ann2.Ah19g118700"
136990,3,"STRG.6520",4.606928,0.66978866,4.08661753385008e-06,0.000380448213928407,3,0.66978866,0.000380448213928407,"STRG.6520"
136991,3,"STRG.5058",4.6062326,2.1558576,4.10029464042179e-06,0.000380942475939922,3,2.1558576,0.000380942475939922,"STRG.5058"
136992,3,"arahy.Tifrunner.gnm2.ann2.Ah06g389300",4.593096,0.82878447,4.36718387473861e-06,0.000404911769274136,3,0.82878447,0.000404911769274136,"arahy.Tifrunner.gnm2.ann2.Ah06g389300"
136993,3,"STRG.2914",4.5775733,1.5892057,4.70400776770973e-06,0.000435254572392719,3,1.5892057,0.000435254572392719,"STRG.2914"
136994,3,"arahy.Tifrunner.gnm2.ann2.Ah18g444900",4.5717864,3.2084777,4.83583734182888e-06,0.000446544947564742,3,3.2084777,0.000446544947564742,"arahy.Tifrunner.gnm2.ann2.Ah18g444900"
136995,3,"arahy.Tifrunner.gnm2.ann2.Ah18g043900",4.559768,0.91691256,5.12101061017805e-06,0.000471308855097407,3,0.91691256,0.000471308855097407,"arahy.Tifrunner.gnm2.ann2.Ah18g043900"
136996,3,"arahy.Tifrunner.gnm2.ann2.Ah02g155700",4.559616,3.1788304,5.12472285548758e-06,0.000471308855097407,3,3.1788304,0.000471308855097407,"arahy.Tifrunner.gnm2.ann2.Ah02g155700"
136997,3,"arahy.Tifrunner.gnm2.ann2.Ah07g282600",4.5488276,0.6067974,5.39455943646798e-06,0.000495124846342275,3,0.6067974,0.000495124846342275,"arahy.Tifrunner.gnm2.ann2.Ah07g282600"
136998,3,"arahy.Tifrunner.gnm2.ann2.Ah15g235200",4.544974,0.24208942,5.49420878562145e-06,0.000503256259067668,3,0.24208942,0.000503256259067668,"arahy.Tifrunner.gnm2.ann2.Ah15g235200"
136999,3,"arahy.Tifrunner.gnm2.ann2.Ah04g045700",4.543859,2.0809336,5.52335643997927e-06,0.000504657106226838,3,2.0809336,0.000504657106226838,"arahy.Tifrunner.gnm2.ann2.Ah04g045700"
137000,3,"arahy.Tifrunner.gnm2.ann2.Ah17g299500",4.542934,0.28275752,5.54766893930587e-06,0.000504657106226838,3,0.28275752,0.000504657106226838,"arahy.Tifrunner.gnm2.ann2.Ah17g299500"
137001,3,"arahy.Tifrunner.gnm2.ann2.Ah01g173200",4.5427694,4.0662103,5.55200187300382e-06,0.000504657106226838,3,4.0662103,0.000504657106226838,"arahy.Tifrunner.gnm2.ann2.Ah01g173200"
137002,3,"arahy.Tifrunner.gnm2.ann2.Ah03g025800",4.5426993,0.73216236,5.5538443506644e-06,0.000504657106226838,3,0.73216236,0.000504657106226838,"arahy.Tifrunner.gnm2.ann2.Ah03g025800"
137003,3,"STRG.5636",4.5421233,1.9586964,5.56903997064261e-06,0.000505029831919391,3,1.9586964,0.000505029831919391,"STRG.5636"
137004,3,"STRG.1552",4.5380063,1.7337738,5.67885407900756e-06,0.000513964519071054,3,1.7337738,0.000513964519071054,"STRG.1552"
137005,3,"arahy.Tifrunner.gnm2.ann2.Ah08g072000",4.534066,1.1642464,5.78588985854979e-06,0.000522612797461549,3,1.1642464,0.000522612797461549,"arahy.Tifrunner.gnm2.ann2.Ah08g072000"
137006,3,"arahy.Tifrunner.gnm2.ann2.Ah20g132400",4.5203614,0.71698993,6.17340811924503e-06,0.000555411524151207,3,0.71698993,0.000555411524151207,"arahy.Tifrunner.gnm2.ann2.Ah20g132400"
137007,3,"arahy.Tifrunner.gnm2.ann2.Ah06g431500",4.511667,0.89884984,6.43201816553914e-06,0.000577536873704149,3,0.89884984,0.000577536873704149,"arahy.Tifrunner.gnm2.ann2.Ah06g431500"
137008,3,"arahy.Tifrunner.gnm2.ann2.Ah12g138700",4.5057316,1.1169956,6.61446132927632e-06,0.000592749483373967,3,1.1169956,0.000592749483373967,"arahy.Tifrunner.gnm2.ann2.Ah12g138700"
137009,3,"arahy.Tifrunner.gnm2.ann2.Ah07g058600",4.4989495,0.83798426,6.82901098885802e-06,0.000610773862979907,3,0.83798426,0.000610773862979907,"arahy.Tifrunner.gnm2.ann2.Ah07g058600"
137010,3,"arahy.Tifrunner.gnm2.ann2.Ah19g118800",4.497905,1.000003,6.86264465128029e-06,0.000612578500205654,3,1.000003,0.000612578500205654,"arahy.Tifrunner.gnm2.ann2.Ah19g118800"
137011,3,"arahy.Tifrunner.gnm2.ann2.Ah05g197200",4.4937835,2.1221666,6.9968773810184e-06,0.000623338250280786,3,2.1221666,0.000623338250280786,"arahy.Tifrunner.gnm2.ann2.Ah05g197200"
137012,3,"arahy.Tifrunner.gnm2.ann2.Ah04g290400",4.472141,2.6768653,7.74403739581626e-06,0.000688553825013944,3,2.6768653,0.000688553825013944,"arahy.Tifrunner.gnm2.ann2.Ah04g290400"
137013,3,"arahy.Tifrunner.gnm2.ann2.Ah05g438900",4.4621134,0.9566485,8.11552497062805e-06,0.000720177697393512,3,0.9566485,0.000720177697393512,"arahy.Tifrunner.gnm2.ann2.Ah05g438900"
137014,3,"arahy.Tifrunner.gnm2.ann2.Ah09g396900",4.456528,0.7504044,8.32977368227981e-06,0.000737752173369856,3,0.7504044,0.000737752173369856,"arahy.Tifrunner.gnm2.ann2.Ah09g396900"
137015,3,"arahy.Tifrunner.gnm2.ann2.Ah06g299500",4.4467306,3.9998362,8.71869773332038e-06,0.000770699020605198,3,3.9998362,0.000770699020605198,"arahy.Tifrunner.gnm2.ann2.Ah06g299500"
137016,3,"arahy.Tifrunner.gnm2.ann2.Ah10g388400",4.428942,2.620525,9.46964305317358e-06,0.000835457423164097,3,2.620525,0.000835457423164097,"arahy.Tifrunner.gnm2.ann2.Ah10g388400"
137017,3,"arahy.Tifrunner.gnm2.ann2.Ah11g047700",4.424948,0.9768027,9.64653372603446e-06,0.00084941741072339,3,0.9768027,0.00084941741072339,"arahy.Tifrunner.gnm2.ann2.Ah11g047700"
137018,3,"STRG.6299",4.4211025,0.6279219,9.81984609317949e-06,0.000863009022289388,3,0.6279219,0.000863009022289388,"STRG.6299"
137019,3,"arahy.Tifrunner.gnm2.ann2.Ah20g017500",4.4120502,1.1576152,1.02396433743969e-05,0.000896441394184703,3,1.1576152,0.000896441394184703,"arahy.Tifrunner.gnm2.ann2.Ah20g017500"
137020,3,"arahy.Tifrunner.gnm2.ann2.Ah14g442700",4.4111824,0.70631105,1.0280775747799e-05,0.000898314846723228,3,0.70631105,0.000898314846723228,"arahy.Tifrunner.gnm2.ann2.Ah14g442700"
137021,3,"STRG.2058",4.4021006,1.7868484,1.07207764917134e-05,0.000934966722239009,3,1.7868484,0.000934966722239009,"STRG.2058"
137022,3,"arahy.Tifrunner.gnm2.ann2.Ah15g473600",4.381634,3.4799147,1.17792314625144e-05,0.00102140520590382,3,3.4799147,0.00102140520590382,"arahy.Tifrunner.gnm2.ann2.Ah15g473600"
137023,3,"arahy.Tifrunner.gnm2.ann2.Ah01g289100",4.3767853,1.2097698,1.20442541603045e-05,0.00104240043040628,3,1.2097698,0.00104240043040628,"arahy.Tifrunner.gnm2.ann2.Ah01g289100"
137024,3,"arahy.Tifrunner.gnm2.ann2.Ah11g043900",4.37389,4.3575783,1.22052069263072e-05,0.00105432607232108,3,4.3575783,0.00105432607232108,"arahy.Tifrunner.gnm2.ann2.Ah11g043900"
137025,3,"arahy.Tifrunner.gnm2.ann2.Ah16g037700",4.355665,0.7613157,1.32663531178811e-05,0.00114382094571671,3,0.7613157,0.00114382094571671,"arahy.Tifrunner.gnm2.ann2.Ah16g037700"
137026,3,"STRG.4892",4.3539376,1.4466467,1.33713809145178e-05,0.00115069706002364,3,1.4466467,0.00115069706002364,"STRG.4892"
137027,3,"arahy.Tifrunner.gnm2.ann2.Ah04g020800",4.352062,0.9838162,1.34863090535388e-05,0.00115839761010057,3,0.9838162,0.00115839761010057,"arahy.Tifrunner.gnm2.ann2.Ah04g020800"
137028,3,"arahy.Tifrunner.gnm2.ann2.Ah03g193100",4.3479037,1.1342958,1.37444866428537e-05,0.00117835030118507,3,1.1342958,0.00117835030118507,"arahy.Tifrunner.gnm2.ann2.Ah03g193100"
137029,3,"arahy.Tifrunner.gnm2.ann2.Ah11g178200",4.3432107,2.2562828,1.40415239430473e-05,0.00120155326312648,3,2.2562828,0.00120155326312648,"arahy.Tifrunner.gnm2.ann2.Ah11g178200"
137030,3,"STRG.962",4.339793,0.8834302,1.42617014886038e-05,0.00121810450012608,3,0.8834302,0.00121810450012608,"STRG.962"
137031,3,"STRG.3085",4.329268,0.8303752,1.49605907415004e-05,0.00127302043535713,3,0.8303752,0.00127302043535713,"STRG.3085"
137032,3,"STRG.1694",4.3023853,1.6469177,1.68969157244701e-05,0.00143510296910593,3,1.6469177,0.00143510296910593,"STRG.1694"
137033,3,"arahy.Tifrunner.gnm2.ann2.Ah10g200900",4.2953315,0.17352442,1.74432483908763e-05,0.0014759970999001,3,0.17352442,0.0014759970999001,"arahy.Tifrunner.gnm2.ann2.Ah10g200900"
137034,3,"STRG.2131",4.256661,0.8712396,2.07502503751231e-05,0.00174286789313119,3,0.8712396,0.00174286789313119,"STRG.2131"
137035,3,"arahy.Tifrunner.gnm2.ann2.Ah04g006000",4.237787,0.85584474,2.25734171544873e-05,0.00188902985761191,3,0.85584474,0.00188902985761191,"arahy.Tifrunner.gnm2.ann2.Ah04g006000"
137036,3,"arahy.Tifrunner.gnm2.ann2.Ah19g270400",4.220035,0.9460729,2.44264484527983e-05,0.00204034796213796,3,0.9460729,0.00204034796213796,"arahy.Tifrunner.gnm2.ann2.Ah19g270400"
137037,3,"STRG.5343",4.2189283,1.2982199,2.45466072848974e-05,0.00204662957882357,3,1.2982199,0.00204662957882357,"STRG.5343"
137038,3,"STRG.1425",4.208272,0.95704347,2.57331281033682e-05,0.00213383410524177,3,0.95704347,0.00213383410524177,"STRG.1425"
137039,3,"arahy.Tifrunner.gnm2.ann2.Ah16g045500",4.2078524,1.3422455,2.57809362137378e-05,0.00213391152762582,3,1.3422455,0.00213391152762582,"arahy.Tifrunner.gnm2.ann2.Ah16g045500"
137040,3,"arahy.Tifrunner.gnm2.ann2.Ah07g018500",4.204743,4.2218194,2.61379212711128e-05,0.0021556208839604,3,4.2218194,0.0021556208839604,"arahy.Tifrunner.gnm2.ann2.Ah07g018500"
137041,3,"arahy.Tifrunner.gnm2.ann2.Ah16g513200",4.2030854,1.1398096,2.63301348378492e-05,0.00216754621764602,3,1.1398096,0.00216754621764602,"arahy.Tifrunner.gnm2.ann2.Ah16g513200"
137042,3,"arahy.Tifrunner.gnm2.ann2.Ah13g068900",4.201107,1.132697,2.65613108602642e-05,0.00217857561781085,3,1.132697,0.00217857561781085,"arahy.Tifrunner.gnm2.ann2.Ah13g068900"
137043,3,"STRG.5924",4.200712,1.2037963,2.66076804213785e-05,0.00217857561781085,3,1.2037963,0.00217857561781085,"STRG.5924"
137044,3,"arahy.Tifrunner.gnm2.ann2.Ah14g427500",4.178601,0.96226245,2.93308238287591e-05,0.00239722876836702,3,0.96226245,0.00239722876836702,"arahy.Tifrunner.gnm2.ann2.Ah14g427500"
137045,3,"STRG.4259",4.1771197,0.27693394,2.9522338136737e-05,0.0024085572066968,3,0.27693394,0.0024085572066968,"STRG.4259"
137046,3,"STRG.4404",4.1685524,1.2508655,3.06540069696246e-05,0.00249640968387333,3,1.2508655,0.00249640968387333,"STRG.4404"
137047,3,"arahy.Tifrunner.gnm2.ann2.Ah04g367200",4.166652,2.9001467,3.09105323006078e-05,0.00251208359204989,3,2.9001467,0.00251208359204989,"arahy.Tifrunner.gnm2.ann2.Ah04g367200"
137048,3,"STRG.5072",4.166311,1.5649316,3.09568336512607e-05,0.00251208359204989,3,1.5649316,0.00251208359204989,"STRG.5072"
137049,3,"arahy.Tifrunner.gnm2.ann2.Ah09g417200",4.14909,1.6958963,3.33799743392231e-05,0.00269813492005939,3,1.6958963,0.00269813492005939,"arahy.Tifrunner.gnm2.ann2.Ah09g417200"
137050,3,"arahy.Tifrunner.gnm2.ann2.Ah03g134600",4.148765,1.4255803,3.34273810498527e-05,0.00269813492005939,3,1.4255803,0.00269813492005939,"arahy.Tifrunner.gnm2.ann2.Ah03g134600"
137051,3,"STRG.2383",4.1415834,1.0459678,3.4491601357722e-05,0.00277910736320165,3,1.0459678,0.00277910736320165,"STRG.2383"
137052,3,"arahy.Tifrunner.gnm2.ann2.Ah11g409800",4.136537,2.9377098,3.52586494673457e-05,0.0028358917992075,3,2.9377098,0.0028358917992075,"arahy.Tifrunner.gnm2.ann2.Ah11g409800"
137053,3,"arahy.Tifrunner.gnm2.ann2.Ah06g041700",4.131692,2.5010798,3.60102861781741e-05,0.00289123856785749,3,2.5010798,0.00289123856785749,"arahy.Tifrunner.gnm2.ann2.Ah06g041700"
137054,3,"arahy.Tifrunner.gnm2.ann2.Ah02g253600",4.1305156,0.95506436,3.61950537818158e-05,0.00290095709218905,3,0.95506436,0.00290095709218905,"arahy.Tifrunner.gnm2.ann2.Ah02g253600"
137055,3,"arahy.Tifrunner.gnm2.ann2.Ah03g197200",4.1269536,1.2150666,3.67600299901235e-05,0.00293128339218559,3,1.2150666,0.00293128339218559,"arahy.Tifrunner.gnm2.ann2.Ah03g197200"
137056,3,"arahy.Tifrunner.gnm2.ann2.Ah07g056900",4.1269126,1.5257585,3.67666026038567e-05,0.00293128339218559,3,1.5257585,0.00293128339218559,"arahy.Tifrunner.gnm2.ann2.Ah07g056900"
137057,3,"arahy.Tifrunner.gnm2.ann2.Ah17g053400",4.110901,1.278926,3.94118636371207e-05,0.00312821011940867,3,1.278926,0.00312821011940867,"arahy.Tifrunner.gnm2.ann2.Ah17g053400"
137058,3,"arahy.Tifrunner.gnm2.ann2.Ah15g238200",4.1107197,2.591175,3.94427688371096e-05,0.00312821011940867,3,2.591175,0.00312821011940867,"arahy.Tifrunner.gnm2.ann2.Ah15g238200"
137059,3,"STRG.2924",4.1056075,2.8349445,4.03254038870765e-05,0.00319264988966134,3,2.8349445,0.00319264988966134,"STRG.2924"
137060,3,"arahy.Tifrunner.gnm2.ann2.Ah01g211600",4.099845,1.2116684,4.13426941165474e-05,0.00326750834541962,3,1.2116684,0.00326750834541962,"arahy.Tifrunner.gnm2.ann2.Ah01g211600"
137061,3,"arahy.Tifrunner.gnm2.ann2.Ah01g240700",4.091911,0.23889974,4.27832801096444e-05,0.00337550440851205,3,0.23889974,0.00337550440851205,"arahy.Tifrunner.gnm2.ann2.Ah01g240700"
137062,3,"arahy.Tifrunner.gnm2.ann2.Ah13g006200",4.090986,3.3120923,4.29543789667258e-05,0.00338314039460419,3,3.3120923,0.00338314039460419,"arahy.Tifrunner.gnm2.ann2.Ah13g006200"
137063,3,"arahy.Tifrunner.gnm2.ann2.Ah07g071600",4.0821633,0.59741753,4.46184390188579e-05,0.00350813440050861,3,0.59741753,0.00350813440050861,"arahy.Tifrunner.gnm2.ann2.Ah07g071600"
137064,3,"arahy.Tifrunner.gnm2.ann2.Ah08g020200",4.0758867,1.2433375,4.58393145573392e-05,0.00359591224342369,3,1.2433375,0.00359591224342369,"arahy.Tifrunner.gnm2.ann2.Ah08g020200"
137065,3,"arahy.Tifrunner.gnm2.ann2.Ah20g517600",4.0756154,1.0382122,4.58928260572262e-05,0.00359591224342369,3,1.0382122,0.00359591224342369,"arahy.Tifrunner.gnm2.ann2.Ah20g517600"
137066,3,"STRG.1972",4.0719385,1.2929345,4.66235245409821e-05,0.00364688888522967,3,1.2929345,0.00364688888522967,"STRG.1972"
137067,3,"arahy.Tifrunner.gnm2.ann2.Ah09g010800",4.038306,1.0618047,5.38385059399705e-05,0.00420402083089403,3,1.0618047,0.00420402083089403,"arahy.Tifrunner.gnm2.ann2.Ah09g010800"
137068,3,"arahy.Tifrunner.gnm2.ann2.Ah14g076700",4.0312033,3.8420675,5.54920319059902e-05,0.00432376856879693,3,3.8420675,0.00432376856879693,"arahy.Tifrunner.gnm2.ann2.Ah14g076700"
137069,3,"STRG.4954",4.030907,1.2824967,5.55620027402294e-05,0.00432376856879693,3,1.2824967,0.00432376856879693,"STRG.4954"
137070,3,"arahy.Tifrunner.gnm2.ann2.Ah18g427500",4.0282626,0.6334449,5.61905980454505e-05,0.00436522318331244,3,0.6334449,0.00436522318331244,"arahy.Tifrunner.gnm2.ann2.Ah18g427500"
137071,3,"arahy.Tifrunner.gnm2.ann2.Ah07g034900",4.019806,3.8649826,5.82460522643731e-05,0.00451719469043155,3,3.8649826,0.00451719469043155,"arahy.Tifrunner.gnm2.ann2.Ah07g034900"
137072,3,"arahy.Tifrunner.gnm2.ann2.Ah06g000900",4.0167336,0.54401773,5.90103365001585e-05,0.00456868462386601,3,0.54401773,0.00456868462386601,"arahy.Tifrunner.gnm2.ann2.Ah06g000900"
137073,3,"arahy.Tifrunner.gnm2.ann2.Ah20g090300",4.009363,1.5516421,6.08827021142758e-05,0.0047056436859937,3,1.5516421,0.0047056436859937,"arahy.Tifrunner.gnm2.ann2.Ah20g090300"
137074,3,"arahy.Tifrunner.gnm2.ann2.Ah14g031500",4.008487,3.5714185,6.11089581407596e-05,0.00471512578033888,3,3.5714185,0.00471512578033888,"arahy.Tifrunner.gnm2.ann2.Ah14g031500"
137075,3,"STRG.5647",4.005423,1.2995179,6.19066008938473e-05,0.00476858900015483,3,1.2995179,0.00476858900015483,"STRG.5647"
137076,3,"arahy.Tifrunner.gnm2.ann2.Ah18g016300",3.9987724,1.0628157,6.36719045850453e-05,0.00489628341947568,3,1.0628157,0.00489628341947568,"arahy.Tifrunner.gnm2.ann2.Ah18g016300"
137077,3,"arahy.Tifrunner.gnm2.ann2.Ah12g173900",3.9825466,2.2406232,6.81807750993756e-05,0.00523416796901176,3,2.2406232,0.00523416796901176,"arahy.Tifrunner.gnm2.ann2.Ah12g173900"
137078,3,"arahy.Tifrunner.gnm2.ann2.Ah13g560300",3.9712029,1.6124202,7.15106483938864e-05,0.00548055683077994,3,1.6124202,0.00548055683077994,"arahy.Tifrunner.gnm2.ann2.Ah13g560300"
137079,3,"arahy.Tifrunner.gnm2.ann2.Ah06g423100",3.9686117,1.0789574,7.22925721544611e-05,0.00553117152060452,3,1.0789574,0.00553117152060452,"arahy.Tifrunner.gnm2.ann2.Ah06g423100"
137080,3,"STRG.4601",3.961961,0.6320538,7.43366915281248e-05,0.00567802608242677,3,0.6320538,0.00567802608242677,"STRG.4601"
137081,3,"arahy.Tifrunner.gnm2.ann2.Ah05g164200",3.959851,1.5342623,7.49965369715247e-05,0.00571487544368421,3,1.5342623,0.00571487544368421,"arahy.Tifrunner.gnm2.ann2.Ah05g164200"
137082,3,"arahy.Tifrunner.gnm2.ann2.Ah12g189900",3.9596167,1.3135425,7.50701940805543e-05,0.00571487544368421,3,1.3135425,0.00571487544368421,"arahy.Tifrunner.gnm2.ann2.Ah12g189900"
137083,3,"STRG.894",3.9578767,0.82224816,7.56189488360984e-05,0.00574704011154348,3,0.82224816,0.00574704011154348,"STRG.894"
137084,3,"STRG.5900",3.9459531,0.60611165,7.94831369894622e-05,0.00601505391482804,3,0.60611165,0.00601505391482804,"STRG.5900"
137085,3,"arahy.Tifrunner.gnm2.ann2.Ah10g001800",3.9457765,1.0956826,7.95418341254389e-05,0.00601505391482804,3,1.0956826,0.00601505391482804,"arahy.Tifrunner.gnm2.ann2.Ah10g001800"
137086,3,"arahy.Tifrunner.gnm2.ann2.Ah13g588900",3.9422927,1.9524865,8.0706418132892e-05,0.00609299996530974,3,1.9524865,0.00609299996530974,"arahy.Tifrunner.gnm2.ann2.Ah13g588900"
137087,3,"arahy.Tifrunner.gnm2.ann2.Ah01g244400",3.9370198,0.17542616,8.24998084573415e-05,0.00621808158975499,3,0.17542616,0.00621808158975499,"arahy.Tifrunner.gnm2.ann2.Ah01g244400"
137088,3,"arahy.Tifrunner.gnm2.ann2.Ah08g176600",3.913407,3.1565807,9.10029276224075e-05,0.00683633214040013,3,3.1565807,0.00683633214040013,"arahy.Tifrunner.gnm2.ann2.Ah08g176600"
137089,3,"arahy.Tifrunner.gnm2.ann2.Ah08g262000",3.9073899,0.59497464,9.32985820817173e-05,0.00699723995171021,3,0.59497464,0.00699723995171021,"arahy.Tifrunner.gnm2.ann2.Ah08g262000"
137090,3,"arahy.Tifrunner.gnm2.ann2.Ah12g030600",3.9051235,0.7895535,9.41772724677839e-05,0.00705152327602532,3,0.7895535,0.00705152327602532,"arahy.Tifrunner.gnm2.ann2.Ah12g030600"
137091,3,"arahy.Tifrunner.gnm2.ann2.Ah08g224000",3.898695,3.4317222,9.67125396611602e-05,0.00722946084652653,3,3.4317222,0.00722946084652653,"arahy.Tifrunner.gnm2.ann2.Ah08g224000"
137092,3,"arahy.Tifrunner.gnm2.ann2.Ah19g018800",3.8937018,3.6741555,9.87260305728867e-05,0.00736787510786901,3,3.6741555,0.00736787510786901,"arahy.Tifrunner.gnm2.ann2.Ah19g018800"
137093,3,"arahy.Tifrunner.gnm2.ann2.Ah06g104900",3.8848588,0.88336366,0.000102389382746494,0.00762876310990405,3,0.88336366,0.00762876310990405,"arahy.Tifrunner.gnm2.ann2.Ah06g104900"
137094,3,"arahy.Tifrunner.gnm2.ann2.Ah13g070600",3.8777845,1.4008691,0.000105412051394003,0.00784114089487025,3,1.4008691,0.00784114089487025,"arahy.Tifrunner.gnm2.ann2.Ah13g070600"
137095,3,"arahy.Tifrunner.gnm2.ann2.Ah13g635500",3.869147,2.75608,0.00010921671453717,0.00811090002053857,3,2.75608,0.00811090002053857,"arahy.Tifrunner.gnm2.ann2.Ah13g635500"
137096,3,"arahy.Tifrunner.gnm2.ann2.Ah05g396600",3.859165,1.110339,0.000113775143609071,0.00843566716231166,3,1.110339,0.00843566716231166,"arahy.Tifrunner.gnm2.ann2.Ah05g396600"
137097,3,"arahy.Tifrunner.gnm2.ann2.Ah20g048300",3.843153,0.84861696,0.000121463679112144,0.00897648137646305,3,0.84861696,0.00897648137646305,"arahy.Tifrunner.gnm2.ann2.Ah20g048300"
137098,3,"arahy.Tifrunner.gnm2.ann2.Ah10g301500",3.838711,0.64648134,0.000123681906069441,0.00911266476493683,3,0.64648134,0.00911266476493683,"arahy.Tifrunner.gnm2.ann2.Ah10g301500"
137099,3,"arahy.Tifrunner.gnm2.ann2.Ah20g315500",3.8386617,0.87462413,0.000123706766205319,0.00911266476493683,3,0.87462413,0.00911266476493683,"arahy.Tifrunner.gnm2.ann2.Ah20g315500"
137100,3,"arahy.Tifrunner.gnm2.ann2.Ah08g139700",3.8371522,3.1298268,0.000124469350969251,0.00915402703315703,3,3.1298268,0.00915402703315703,"arahy.Tifrunner.gnm2.ann2.Ah08g139700"
137101,3,"arahy.Tifrunner.gnm2.ann2.Ah02g256700",3.8352191,1.2261786,0.000125452430486244,0.00921144587976737,3,1.2261786,0.00921144587976737,"arahy.Tifrunner.gnm2.ann2.Ah02g256700"
137102,3,"arahy.Tifrunner.gnm2.ann2.Ah14g481600",3.828926,0.74550754,0.000128703601505191,0.00943494807555926,3,0.74550754,0.00943494807555926,"arahy.Tifrunner.gnm2.ann2.Ah14g481600"
137103,3,"STRG.5833",3.8200667,3.440486,0.00013341554132416,0.00976464486051617,3,3.440486,0.00976464486051617,"STRG.5833"
137104,3,"arahy.Tifrunner.gnm2.ann2.Ah06g166900",3.8152876,2.8654928,0.000136024474562281,0.00990780508795727,3,2.8654928,0.00990780508795727,"arahy.Tifrunner.gnm2.ann2.Ah06g166900"
137105,3,"STRG.3374",3.81094,1.3804604,0.000138439336842346,0.0100515348810382,3,1.3804604,0.0100515348810382,"STRG.3374"
137106,3,"arahy.Tifrunner.gnm2.ann2.Ah13g645000",3.795911,1.3513318,0.000147102164523203,0.0106635014932393,3,1.3513318,0.0106635014932393,"arahy.Tifrunner.gnm2.ann2.Ah13g645000"
137107,3,"arahy.Tifrunner.gnm2.ann2.Ah03g533700",3.7943153,1.36918,0.000148051421614548,0.0107152510613366,3,1.36918,0.0107152510613366,"arahy.Tifrunner.gnm2.ann2.Ah03g533700"
137108,3,"arahy.Tifrunner.gnm2.ann2.Ah01g423200",3.7921271,1.8225474,0.000149362358770309,0.0107929714613643,3,1.8225474,0.0107929714613643,"arahy.Tifrunner.gnm2.ann2.Ah01g423200"
137109,3,"STRG.1161",3.7890918,1.28953,0.000151199018585756,0.0108911141172436,3,1.28953,0.0108911141172436,"STRG.1161"
137110,3,"arahy.Tifrunner.gnm2.ann2.Ah19g415300",3.7885325,1.1009841,0.000151539793277522,0.0108970870380278,3,1.1009841,0.0108970870380278,"arahy.Tifrunner.gnm2.ann2.Ah19g415300"
137111,3,"arahy.Tifrunner.gnm2.ann2.Ah02g372800",3.7881706,1.1879601,0.000151760679687849,0.0108970870380278,3,1.1879601,0.0108970870380278,"arahy.Tifrunner.gnm2.ann2.Ah02g372800"
137112,3,"arahy.Tifrunner.gnm2.ann2.Ah02g009700",3.7873151,0.90740585,0.000152283980288032,0.010917442391547,3,0.90740585,0.010917442391547,"arahy.Tifrunner.gnm2.ann2.Ah02g009700"
137113,3,"arahy.Tifrunner.gnm2.ann2.Ah17g290300",3.7830005,0.2592271,0.000154949111463514,0.0110736316330691,3,0.2592271,0.0110736316330691,"arahy.Tifrunner.gnm2.ann2.Ah17g290300"
137114,3,"arahy.Tifrunner.gnm2.ann2.Ah06g053900",3.775741,1.040574,0.000159532659453229,0.0113655161016413,3,1.040574,0.0113655161016413,"arahy.Tifrunner.gnm2.ann2.Ah06g053900"
137115,3,"arahy.Tifrunner.gnm2.ann2.Ah20g100100",3.7676673,3.2217035,0.000164780144709951,0.0117027321494162,3,3.2217035,0.0117027321494162,"arahy.Tifrunner.gnm2.ann2.Ah20g100100"
137116,3,"arahy.Tifrunner.gnm2.ann2.Ah07g062900",3.7667336,3.9783466,0.000165397328102742,0.0117167789232067,3,3.9783466,0.0117167789232067,"arahy.Tifrunner.gnm2.ann2.Ah07g062900"
137117,3,"arahy.Tifrunner.gnm2.ann2.Ah18g226600",3.7665896,1.4007981,0.000165492681829845,0.0117167789232067,3,1.4007981,0.0117167789232067,"arahy.Tifrunner.gnm2.ann2.Ah18g226600"
137118,3,"arahy.Tifrunner.gnm2.ann2.Ah09g435000",3.7605023,2.9985461,0.000169572442351828,0.0119869811578022,3,2.9985461,0.0119869811578022,"arahy.Tifrunner.gnm2.ann2.Ah09g435000"
137119,3,"arahy.Tifrunner.gnm2.ann2.Ah01g347700",3.7565045,1.5951816,0.000172303121168965,0.0121611275784434,3,1.5951816,0.0121611275784434,"arahy.Tifrunner.gnm2.ann2.Ah01g347700"
137120,3,"arahy.Tifrunner.gnm2.ann2.Ah01g145600",3.7543082,4.477059,0.000173820857188369,0.0122262970335508,3,4.477059,0.0122262970335508,"arahy.Tifrunner.gnm2.ann2.Ah01g145600"
137121,3,"arahy.Tifrunner.gnm2.ann2.Ah10g057700",3.7540038,0.6075097,0.000174032169355525,0.0122262970335508,3,0.6075097,0.0122262970335508,"arahy.Tifrunner.gnm2.ann2.Ah10g057700"
137122,3,"arahy.Tifrunner.gnm2.ann2.Ah13g221500",3.7494261,0.6389726,0.000177239705221602,0.0124133236007818,3,0.6389726,0.0124133236007818,"arahy.Tifrunner.gnm2.ann2.Ah13g221500"
137123,3,"arahy.Tifrunner.gnm2.ann2.Ah16g130000",3.7481923,0.6835923,0.000178113734119118,0.0124553757788613,3,0.6835923,0.0124553757788613,"arahy.Tifrunner.gnm2.ann2.Ah16g130000"
137124,3,"STRG.3733",3.7446387,1.3633245,0.000180653635818001,0.0126136136763477,3,1.3633245,0.0126136136763477,"STRG.3733"
137125,3,"arahy.Tifrunner.gnm2.ann2.Ah03g559900",3.7428865,1.4883848,0.000181918445976792,0.0126824737130896,3,1.4883848,0.0126824737130896,"arahy.Tifrunner.gnm2.ann2.Ah03g559900"
137126,3,"arahy.Tifrunner.gnm2.ann2.Ah06g214800",3.737186,0.9471064,0.000186091380476239,0.0129535535241595,3,0.9471064,0.0129535535241595,"arahy.Tifrunner.gnm2.ann2.Ah06g214800"
137127,3,"arahy.Tifrunner.gnm2.ann2.Ah09g072400",3.7290628,1.2003913,0.000192193345185659,0.013351235052257,3,1.2003913,0.013351235052257,"arahy.Tifrunner.gnm2.ann2.Ah09g072400"
137128,3,"arahy.Tifrunner.gnm2.ann2.Ah02g367300",3.7288036,0.6928654,0.000192391050748629,0.013351235052257,3,0.6928654,0.013351235052257,"arahy.Tifrunner.gnm2.ann2.Ah02g367300"
137129,3,"arahy.Tifrunner.gnm2.ann2.Ah09g006100",3.7194135,3.1854784,0.000199685841575637,0.0138363748126169,3,3.1854784,0.0138363748126169,"arahy.Tifrunner.gnm2.ann2.Ah09g006100"
137130,3,"arahy.Tifrunner.gnm2.ann2.Ah18g452600",3.7057502,2.5222423,0.000210765927462676,0.0145597998206538,3,2.5222423,0.0145597998206538,"arahy.Tifrunner.gnm2.ann2.Ah18g452600"
137131,3,"arahy.Tifrunner.gnm2.ann2.Ah05g266900",3.7047384,0.6644607,0.000211608980204146,0.0145958897194145,3,0.6644607,0.0145958897194145,"arahy.Tifrunner.gnm2.ann2.Ah05g266900"
137132,3,"STRG.5341",3.7006624,1.071562,0.000215037360668178,0.0148099255780002,3,1.071562,0.0148099255780002,"STRG.5341"
137133,3,"arahy.Tifrunner.gnm2.ann2.Ah17g472700",3.6905527,1.8610147,0.000223767308710398,0.0153878896702902,3,1.8610147,0.0153878896702902,"arahy.Tifrunner.gnm2.ann2.Ah17g472700"
137134,3,"STRG.5893",3.6860778,0.47828865,0.000227736777193763,0.0156372383785352,3,0.47828865,0.0156372383785352,"STRG.5893"
137135,3,"arahy.Tifrunner.gnm2.ann2.Ah05g416000",3.6807473,3.277969,0.000232551356448749,0.0159198014300344,3,3.277969,0.0159198014300344,"arahy.Tifrunner.gnm2.ann2.Ah05g416000"
137136,3,"arahy.Tifrunner.gnm2.ann2.Ah06g430200",3.6728423,1.9359353,0.000239867653320909,0.0163959985732448,3,1.9359353,0.0163959985732448,"arahy.Tifrunner.gnm2.ann2.Ah06g430200"
137137,3,"STRG.4796",3.669597,1.0673977,0.00024293313621955,0.0165806418189787,3,1.0673977,0.0165806418189787,"STRG.4796"
137138,3,"arahy.Tifrunner.gnm2.ann2.Ah12g386700",3.6679025,1.0241674,0.000244548439092322,0.0166659029060462,3,1.0241674,0.0166659029060462,"arahy.Tifrunner.gnm2.ann2.Ah12g386700"
137139,3,"arahy.Tifrunner.gnm2.ann2.Ah01g303800",3.6622636,1.6641322,0.00024999647628772,0.0169863277410779,3,1.6641322,0.0169863277410779,"arahy.Tifrunner.gnm2.ann2.Ah01g303800"
137140,3,"arahy.Tifrunner.gnm2.ann2.Ah09g428000",3.6568592,3.1409705,0.000255324667124459,0.0173225039436273,3,3.1409705,0.0173225039436273,"arahy.Tifrunner.gnm2.ann2.Ah09g428000"
137141,3,"arahy.Tifrunner.gnm2.ann2.Ah10g020300",3.6501014,1.2642846,0.000262136788713333,0.0177582070973003,3,1.2642846,0.0177582070973003,"arahy.Tifrunner.gnm2.ann2.Ah10g020300"
137142,3,"arahy.Tifrunner.gnm2.ann2.Ah11g011400",3.6497066,3.3656213,0.000262540041613111,0.0177590978519989,3,3.3656213,0.0177590978519989,"arahy.Tifrunner.gnm2.ann2.Ah11g011400"
137143,3,"arahy.Tifrunner.gnm2.ann2.Ah17g490100",3.6446352,1.1410985,0.000267771294489068,0.0180592894967709,3,1.1410985,0.0180592894967709,"arahy.Tifrunner.gnm2.ann2.Ah17g490100"
137144,3,"arahy.Tifrunner.gnm2.ann2.Ah13g517000",3.6402385,0.602924,0.000272385665740862,0.0183433210757204,3,0.602924,0.0183433210757204,"arahy.Tifrunner.gnm2.ann2.Ah13g517000"
137145,3,"arahy.Tifrunner.gnm2.ann2.Ah01g295300",3.6375034,0.6666775,0.000275293649953297,0.0185117697495921,3,0.6666775,0.0185117697495921,"arahy.Tifrunner.gnm2.ann2.Ah01g295300"
137146,3,"STRG.1254",3.6338222,1.0896128,0.000279253351818286,0.0187503386256278,3,1.0896128,0.0187503386256278,"STRG.1254"
137147,3,"arahy.Tifrunner.gnm2.ann2.Ah04g061900",3.63258,3.8407567,0.000280601473850497,0.0188131097136525,3,3.8407567,0.0188131097136525,"arahy.Tifrunner.gnm2.ann2.Ah04g061900"
137148,3,"arahy.Tifrunner.gnm2.ann2.Ah06g412600",3.6318562,1.2090088,0.000281389944552655,0.0188382291703163,3,1.2090088,0.0188382291703163,"arahy.Tifrunner.gnm2.ann2.Ah06g412600"
137149,3,"arahy.Tifrunner.gnm2.ann2.Ah18g215400",3.6296968,4.3935237,0.000283754267075543,0.0189686185820074,3,4.3935237,0.0189686185820074,"arahy.Tifrunner.gnm2.ann2.Ah18g215400"
137150,3,"STRG.2599",3.619978,2.273414,0.000294628239533494,0.0196359692983902,3,2.273414,0.0196359692983902,"STRG.2599"
137151,3,"arahy.Tifrunner.gnm2.ann2.Ah11g312300",3.6178102,0.8087989,0.00029710602622249,0.019745189398179,3,0.8087989,0.019745189398179,"arahy.Tifrunner.gnm2.ann2.Ah11g312300"
137152,3,"arahy.Tifrunner.gnm2.ann2.Ah05g075600",3.6169178,1.950246,0.000298131953018886,0.0197844883808043,3,1.950246,0.0197844883808043,"arahy.Tifrunner.gnm2.ann2.Ah05g075600"
137153,3,"arahy.Tifrunner.gnm2.ann2.Ah01g390400",3.6159759,2.4153824,0.000299218210743054,0.0198276707800099,3,2.4153824,0.0198276707800099,"arahy.Tifrunner.gnm2.ann2.Ah01g390400"
137154,3,"arahy.Tifrunner.gnm2.ann2.Ah06g366500",3.6129405,1.6480733,0.000302744176321259,0.0200321597134433,3,1.6480733,0.0200321597134433,"arahy.Tifrunner.gnm2.ann2.Ah06g366500"
137155,3,"arahy.Tifrunner.gnm2.ann2.Ah15g425700",3.6094856,0.8384403,0.000306804805567503,0.0202713816671335,3,0.8384403,0.0202713816671335,"arahy.Tifrunner.gnm2.ann2.Ah15g425700"
137156,3,"arahy.Tifrunner.gnm2.ann2.Ah09g128600",3.6040235,1.6202368,0.00031332865710873,0.0206663814913349,3,1.6202368,0.0206663814913349,"arahy.Tifrunner.gnm2.ann2.Ah09g128600"
137157,3,"arahy.Tifrunner.gnm2.ann2.Ah03g400200",3.6037233,1.5665879,0.000313691011565602,0.0206663814913349,3,1.5665879,0.0206663814913349,"arahy.Tifrunner.gnm2.ann2.Ah03g400200"
137158,3,"arahy.Tifrunner.gnm2.ann2.Ah09g212400",3.59975,1.8191875,0.000318523096097796,0.0209241636749726,3,1.8191875,0.0209241636749726,"arahy.Tifrunner.gnm2.ann2.Ah09g212400"
137159,3,"arahy.Tifrunner.gnm2.ann2.Ah20g520900",3.597122,0.18084337,0.000321757668900605,0.0211061903732437,3,0.18084337,0.0211061903732437,"arahy.Tifrunner.gnm2.ann2.Ah20g520900"
137160,3,"arahy.Tifrunner.gnm2.ann2.Ah13g470800",3.5963404,1.4053435,0.000322725349348012,0.0211392069118258,3,1.4053435,0.0211392069118258,"arahy.Tifrunner.gnm2.ann2.Ah13g470800"
137161,3,"arahy.Tifrunner.gnm2.ann2.Ah13g617300",3.5848734,4.1573734,0.000337241700961373,0.022058320681847,3,4.1573734,0.022058320681847,"arahy.Tifrunner.gnm2.ann2.Ah13g617300"
137162,3,"STRG.3107",3.581575,0.89492655,0.000341529297497061,0.0223067141165799,3,0.89492655,0.0223067141165799,"STRG.3107"
137163,3,"arahy.Tifrunner.gnm2.ann2.Ah01g243100",3.5802052,0.22833836,0.000343324498028858,0.0223918401837618,3,0.22833836,0.0223918401837618,"arahy.Tifrunner.gnm2.ann2.Ah01g243100"
137164,3,"arahy.Tifrunner.gnm2.ann2.Ah04g250900",3.5651598,0.93402874,0.000363634480269069,0.0236379444920802,3,0.93402874,0.0236379444920802,"arahy.Tifrunner.gnm2.ann2.Ah04g250900"
137165,3,"arahy.Tifrunner.gnm2.ann2.Ah17g477000",3.564905,1.4167129,0.000363988205978126,0.0236379444920802,3,1.4167129,0.0236379444920802,"arahy.Tifrunner.gnm2.ann2.Ah17g477000"
137166,3,"arahy.Tifrunner.gnm2.ann2.Ah11g441000",3.56101,1.2854106,0.00036943122502522,0.0239572465641711,3,1.2854106,0.0239572465641711,"arahy.Tifrunner.gnm2.ann2.Ah11g441000"
137167,3,"arahy.Tifrunner.gnm2.ann2.Ah14g395200",3.557958,2.2354333,0.000373749045663172,0.02420277603808,3,2.2354333,0.02420277603808,"arahy.Tifrunner.gnm2.ann2.Ah14g395200"
137168,3,"arahy.Tifrunner.gnm2.ann2.Ah20g396700",3.557378,0.8950786,0.000374574863593176,0.0242217984236019,3,0.8950786,0.0242217984236019,"arahy.Tifrunner.gnm2.ann2.Ah20g396700"
137169,3,"arahy.Tifrunner.gnm2.ann2.Ah18g301600",3.554355,0.5892026,0.000378907349162864,0.0244672030684968,3,0.5892026,0.0244672030684968,"arahy.Tifrunner.gnm2.ann2.Ah18g301600"
137170,3,"arahy.Tifrunner.gnm2.ann2.Ah16g369700",3.5528827,0.27777556,0.000381034515409422,0.0245697100276183,3,0.27777556,0.0245697100276183,"arahy.Tifrunner.gnm2.ann2.Ah16g369700"
137171,3,"arahy.Tifrunner.gnm2.ann2.Ah17g302000",3.550855,0.16017894,0.00038398209808621,0.0246898319679048,3,0.16017894,0.0246898319679048,"arahy.Tifrunner.gnm2.ann2.Ah17g302000"
137172,3,"arahy.Tifrunner.gnm2.ann2.Ah13g400400",3.5455985,0.18008298,0.000391722616705343,0.0251520174935036,3,0.18008298,0.0251520174935036,"arahy.Tifrunner.gnm2.ann2.Ah13g400400"
137173,3,"STRG.3268",3.5407658,1.6074249,0.00039896771395668,0.0255451564137326,3,1.6074249,0.0255451564137326,"STRG.3268"
137174,3,"arahy.Tifrunner.gnm2.ann2.Ah17g344700",3.5336378,2.394366,0.000409882248819663,0.0262066431635304,3,2.394366,0.0262066431635304,"arahy.Tifrunner.gnm2.ann2.Ah17g344700"
137175,3,"arahy.Tifrunner.gnm2.ann2.Ah17g471100",3.5332718,1.2098991,0.000410450236701459,0.0262066431635304,3,1.2098991,0.0262066431635304,"arahy.Tifrunner.gnm2.ann2.Ah17g471100"
137176,3,"arahy.Tifrunner.gnm2.ann2.Ah13g039100",3.5288258,1.0831434,0.000417408003714186,0.0265763384071113,3,1.0831434,0.0265763384071113,"arahy.Tifrunner.gnm2.ann2.Ah13g039100"
137177,3,"arahy.Tifrunner.gnm2.ann2.Ah15g227000",3.520723,1.1489209,0.000430371829300722,0.0273634736830811,3,1.1489209,0.0273634736830811,"arahy.Tifrunner.gnm2.ann2.Ah15g227000"
137178,3,"STRG.2657",3.5166266,0.79930943,0.000437068288991895,0.0277504836653655,3,0.79930943,0.0277504836653655,"STRG.2657"
137179,3,"arahy.Tifrunner.gnm2.ann2.Ah14g013200",3.5162523,0.67459095,0.000437684939119716,0.0277509319895348,3,0.67459095,0.0277509319895348,"arahy.Tifrunner.gnm2.ann2.Ah14g013200"
137180,3,"arahy.Tifrunner.gnm2.ann2.Ah14g038300",3.5115552,1.6448284,0.00044549292516734,0.0282067036513463,3,1.6448284,0.0282067036513463,"arahy.Tifrunner.gnm2.ann2.Ah14g038300"
137181,3,"arahy.Tifrunner.gnm2.ann2.Ah16g120000",3.5111399,1.0001287,0.00044618969503633,0.0282115828844915,3,1.0001287,0.0282115828844915,"arahy.Tifrunner.gnm2.ann2.Ah16g120000"
137182,3,"STRG.2277",3.509614,0.4797664,0.000448757856716065,0.0283346084176729,3,0.4797664,0.0283346084176729,"STRG.2277"
137183,3,"arahy.Tifrunner.gnm2.ann2.Ah13g005700",3.5025353,1.0374223,0.000460852523746704,0.0289776937721616,3,1.0374223,0.0289776937721616,"arahy.Tifrunner.gnm2.ann2.Ah13g005700"
137184,3,"arahy.Tifrunner.gnm2.ann2.Ah04g412300",3.5015194,0.5027249,0.000462613116618446,0.0290172201437352,3,0.5027249,0.0290172201437352,"arahy.Tifrunner.gnm2.ann2.Ah04g412300"
137185,3,"arahy.Tifrunner.gnm2.ann2.Ah11g257800",3.5014372,0.17455734,0.000462755949045597,0.0290172201437352,3,0.17455734,0.0290172201437352,"arahy.Tifrunner.gnm2.ann2.Ah11g257800"
137186,3,"arahy.Tifrunner.gnm2.ann2.Ah13g517400",3.4992738,0.6201449,0.000466527245962436,0.0292134612726189,3,0.6201449,0.0292134612726189,"arahy.Tifrunner.gnm2.ann2.Ah13g517400"
137187,3,"arahy.Tifrunner.gnm2.ann2.Ah10g086700",3.4940462,1.2431266,0.000475758698647208,0.0297506030181532,3,1.2431266,0.0297506030181532,"arahy.Tifrunner.gnm2.ann2.Ah10g086700"
137188,3,"arahy.Tifrunner.gnm2.ann2.Ah10g190500",3.4866552,0.17424123,0.000489101611850614,0.0305011805176539,3,0.17424123,0.0305011805176539,"arahy.Tifrunner.gnm2.ann2.Ah10g190500"
137189,3,"arahy.Tifrunner.gnm2.ann2.Ah11g464900",3.4815962,1.1615868,0.000498434789126813,0.0310287686990021,3,1.1615868,0.0310287686990021,"arahy.Tifrunner.gnm2.ann2.Ah11g464900"
137190,3,"arahy.Tifrunner.gnm2.ann2.Ah0g055800",3.4726422,1.7371131,0.000515361979283864,0.0319636767641943,3,1.7371131,0.0319636767641943,"arahy.Tifrunner.gnm2.ann2.Ah0g055800"
137191,3,"arahy.Tifrunner.gnm2.ann2.Ah15g156400",3.4703019,0.9221668,0.000519873723841223,0.0321996345634665,3,0.9221668,0.0321996345634665,"arahy.Tifrunner.gnm2.ann2.Ah15g156400"
137192,3,"arahy.Tifrunner.gnm2.ann2.Ah18g023500",3.4667194,2.7355864,0.000526851461153622,0.0325874808662466,3,2.7355864,0.0325874808662466,"arahy.Tifrunner.gnm2.ann2.Ah18g023500"
137193,3,"arahy.Tifrunner.gnm2.ann2.Ah09g276500",3.4634743,0.8041367,0.000533247525758141,0.0329383451324472,3,0.8041367,0.0329383451324472,"arahy.Tifrunner.gnm2.ann2.Ah09g276500"
137194,3,"arahy.Tifrunner.gnm2.ann2.Ah06g430600",3.4534633,0.8920589,0.000553437654293385,0.0340929577456726,3,0.8920589,0.0340929577456726,"arahy.Tifrunner.gnm2.ann2.Ah06g430600"
137195,3,"arahy.Tifrunner.gnm2.ann2.Ah11g257500",3.4513657,0.21683504,0.000557757371147009,0.0343126304920222,3,0.21683504,0.0343126304920222,"arahy.Tifrunner.gnm2.ann2.Ah11g257500"
137196,3,"arahy.Tifrunner.gnm2.ann2.Ah16g480500",3.4490583,0.7402774,0.000562545319496628,0.0345475601356561,3,0.7402774,0.0345475601356561,"arahy.Tifrunner.gnm2.ann2.Ah16g480500"
137197,3,"arahy.Tifrunner.gnm2.ann2.Ah01g444300",3.448795,0.73713315,0.00056309396407734,0.0345475601356561,3,0.73713315,0.0345475601356561,"arahy.Tifrunner.gnm2.ann2.Ah01g444300"
137198,3,"arahy.Tifrunner.gnm2.ann2.Ah08g093500",3.4400015,0.36235332,0.000581711081097595,0.0356417432784481,3,0.36235332,0.0356417432784481,"arahy.Tifrunner.gnm2.ann2.Ah08g093500"
137199,3,"arahy.Tifrunner.gnm2.ann2.Ah17g137100",3.4348643,4.134659,0.000592850587638272,0.0362754437522106,3,4.134659,0.0362754437522106,"arahy.Tifrunner.gnm2.ann2.Ah17g137100"
137200,3,"arahy.Tifrunner.gnm2.ann2.Ah04g061600",3.426412,1.6532688,0.000611611655110566,0.0372855247621554,3,1.6532688,0.0372855247621554,"arahy.Tifrunner.gnm2.ann2.Ah04g061600"
137201,3,"STRG.3819",3.4263217,0.5742148,0.000611815459918506,0.0372855247621554,3,0.5742148,0.0372855247621554,"STRG.3819"
137202,3,"STRG.3928",3.4154346,0.8568055,0.000636803356749685,0.0387047209782012,3,0.8568055,0.0387047209782012,"STRG.3928"
137203,3,"arahy.Tifrunner.gnm2.ann2.Ah15g425000",3.414069,0.88558656,0.000640003613039319,0.038847365973336,3,0.88558656,0.038847365973336,"arahy.Tifrunner.gnm2.ann2.Ah15g425000"
137204,3,"arahy.Tifrunner.gnm2.ann2.Ah05g365700",3.4098203,0.8580725,0.000650056976448775,0.0394050516589268,3,0.8580725,0.0394050516589268,"arahy.Tifrunner.gnm2.ann2.Ah05g365700"
137205,3,"arahy.Tifrunner.gnm2.ann2.Ah19g017100",3.4081216,3.1722994,0.000654117318843685,0.0395984532221276,3,3.1722994,0.0395984532221276,"arahy.Tifrunner.gnm2.ann2.Ah19g017100"
137206,3,"arahy.Tifrunner.gnm2.ann2.Ah05g383600",3.4061556,3.6383665,0.000658846138306651,0.039831755113243,3,3.6383665,0.039831755113243,"arahy.Tifrunner.gnm2.ann2.Ah05g383600"
137207,3,"arahy.Tifrunner.gnm2.ann2.Ah09g445300",3.4051232,1.0251465,0.000661341973368244,0.0399213968891584,3,1.0251465,0.0399213968891584,"arahy.Tifrunner.gnm2.ann2.Ah09g445300"
137208,3,"arahy.Tifrunner.gnm2.ann2.Ah09g202700",3.4041936,1.0707965,0.000663596738055464,0.0399213968891584,3,1.0707965,0.0399213968891584,"arahy.Tifrunner.gnm2.ann2.Ah09g202700"
137209,3,"arahy.Tifrunner.gnm2.ann2.Ah20g058700",3.4041443,1.294498,0.000663716659685089,0.0399213968891584,3,1.294498,0.0399213968891584,"arahy.Tifrunner.gnm2.ann2.Ah20g058700"
137210,3,"arahy.Tifrunner.gnm2.ann2.Ah20g389300",3.404095,0.7176604,0.000663836601465006,0.0399213968891584,3,0.7176604,0.0399213968891584,"arahy.Tifrunner.gnm2.ann2.Ah20g389300"
137211,3,"arahy.Tifrunner.gnm2.ann2.Ah19g068700",3.4027047,1.168692,0.000667223251401023,0.0400721257213459,3,1.168692,0.0400721257213459,"arahy.Tifrunner.gnm2.ann2.Ah19g068700"
137212,3,"STRG.4046",3.4010513,0.8181137,0.000671272073185485,0.0402621737281898,3,0.8181137,0.0402621737281898,"STRG.4046"
137213,3,"arahy.Tifrunner.gnm2.ann2.Ah13g604600",3.40064,1.5164157,0.000672282784469074,0.0402697387896975,3,1.5164157,0.0402697387896975,"arahy.Tifrunner.gnm2.ann2.Ah13g604600"
137214,3,"arahy.Tifrunner.gnm2.ann2.Ah01g053500",3.4000478,5.086679,0.000673740694444102,0.0403040359709242,3,5.086679,0.0403040359709242,"arahy.Tifrunner.gnm2.ann2.Ah01g053500"
137215,3,"STRG.6205",3.3828883,0.9955433,0.000717277714505117,0.0428521662403293,3,0.9955433,0.0428521662403293,"STRG.6205"
137216,3,"STRG.1852",3.3777843,1.155051,0.000730724059346795,0.0435982727099653,3,1.155051,0.0435982727099653,"STRG.1852"
137217,3,"arahy.Tifrunner.gnm2.ann2.Ah05g122600",3.3736835,0.9963767,0.000741695860671787,0.0441372057009443,3,0.9963767,0.0441372057009443,"arahy.Tifrunner.gnm2.ann2.Ah05g122600"
137218,3,"arahy.Tifrunner.gnm2.ann2.Ah13g481000",3.3711581,0.4006491,0.000748528742160638,0.0444856690053797,3,0.4006491,0.0444856690053797,"arahy.Tifrunner.gnm2.ann2.Ah13g481000"
137219,3,"arahy.Tifrunner.gnm2.ann2.Ah13g518100",3.357976,3.1575272,0.000785154297463364,0.0465671610412971,3,3.1575272,0.0465671610412971,"arahy.Tifrunner.gnm2.ann2.Ah13g518100"
137220,3,"arahy.Tifrunner.gnm2.ann2.Ah01g242700",3.3578198,0.24072905,0.000785598358661721,0.0465671610412971,3,0.24072905,0.0465671610412971,"arahy.Tifrunner.gnm2.ann2.Ah01g242700"
137221,3,"arahy.Tifrunner.gnm2.ann2.Ah15g473400",3.345999,1.0614289,0.000819867027786269,0.0483803830280459,3,1.0614289,0.0483803830280459,"arahy.Tifrunner.gnm2.ann2.Ah15g473400"
137222,3,"arahy.Tifrunner.gnm2.ann2.Ah10g330800",3.3458056,3.9847808,0.000820438794869771,0.0483803830280459,3,3.9847808,0.0483803830280459,"arahy.Tifrunner.gnm2.ann2.Ah10g330800"
137223,3,"arahy.Tifrunner.gnm2.ann2.Ah15g124000",3.3441727,0.8687921,0.000825283182780895,0.0486030939365038,3,0.8687921,0.0486030939365038,"arahy.Tifrunner.gnm2.ann2.Ah15g124000"
137224,3,"arahy.Tifrunner.gnm2.ann2.Ah11g002000",3.3413513,3.190195,0.000833716683267368,0.049036328538842,3,3.190195,0.049036328538842,"arahy.Tifrunner.gnm2.ann2.Ah11g002000"
137225,3,"arahy.Tifrunner.gnm2.ann2.Ah10g397500",3.3400104,2.380715,0.000837752399434648,0.0492101164282102,3,2.380715,0.0492101164282102,"arahy.Tifrunner.gnm2.ann2.Ah10g397500"
137226,3,"arahy.Tifrunner.gnm2.ann2.Ah09g122300",3.3385792,2.0695162,0.000842080455370969,0.0494006065081289,3,2.0695162,0.0494006065081289,"arahy.Tifrunner.gnm2.ann2.Ah09g122300"
181975,3,"STRG.285",-3.3474631,-1.9583,0.000815548186541185,0.0482169034338973,3,-1.9583,0.0482169034338973,"STRG.285"
181976,3,"arahy.Tifrunner.gnm2.ann2.Ah01g079700",-3.349129,-1.6427612,0.000810660569354405,0.0479902623657867,3,-1.6427612,0.0479902623657867,"arahy.Tifrunner.gnm2.ann2.Ah01g079700"
181977,3,"STRG.4743",-3.3741112,-1.5588328,0.000740544252844153,0.0441263567624048,3,-1.5588328,0.0441263567624048,"STRG.4743"
181978,3,"arahy.Tifrunner.gnm2.ann2.Ah16g119900",-3.4247751,-1.7887896,0.000615308454054013,0.0374482647892445,3,-1.7887896,0.0374482647892445,"arahy.Tifrunner.gnm2.ann2.Ah16g119900"
181979,3,"arahy.Tifrunner.gnm2.ann2.Ah16g132000",-3.4279215,-1.6576073,0.00060822112423975,0.03716598450992,3,-1.6576073,0.03716598450992,"arahy.Tifrunner.gnm2.ann2.Ah16g132000"
181980,3,"arahy.Tifrunner.gnm2.ann2.Ah08g070300",-3.4630713,-0.88794935,0.000534046999462457,0.0329430292730744,3,-0.88794935,0.0329430292730744,"arahy.Tifrunner.gnm2.ann2.Ah08g070300"
181981,3,"arahy.Tifrunner.gnm2.ann2.Ah06g436200",-3.47497,-1.8829578,0.000510910253005314,0.0317308026709603,3,-1.8829578,0.0317308026709603,"arahy.Tifrunner.gnm2.ann2.Ah06g436200"
181982,3,"arahy.Tifrunner.gnm2.ann2.Ah15g532900",-3.481333,-1.8764069,0.000498924933829838,0.0310287686990021,3,-1.8764069,0.0310287686990021,"arahy.Tifrunner.gnm2.ann2.Ah15g532900"
181983,3,"STRG.358",-3.4894643,-1.6792241,0.000483989676137781,0.0302237942613119,3,-1.6792241,0.0302237942613119,"STRG.358"
181984,3,"arahy.Tifrunner.gnm2.ann2.Ah15g394700",-3.5040655,-1.8827869,0.000458212737486099,0.0288515583144083,3,-1.8827869,0.0288515583144083,"arahy.Tifrunner.gnm2.ann2.Ah15g394700"
181985,3,"STRG.373",-3.5073764,-1.8215302,0.000452548525545834,0.0285343754528373,3,-1.8215302,0.0285343754528373,"STRG.373"
181986,3,"arahy.Tifrunner.gnm2.ann2.Ah14g469900",-3.5294468,-1.7774403,0.000416429529847718,0.0265511735529237,3,-1.7774403,0.0265511735529237,"arahy.Tifrunner.gnm2.ann2.Ah14g469900"
181987,3,"arahy.Tifrunner.gnm2.ann2.Ah11g098900",-3.542855,-1.8906206,0.000395820136612446,0.0253793181678099,3,-1.8906206,0.0253793181678099,"arahy.Tifrunner.gnm2.ann2.Ah11g098900"
181988,3,"arahy.Tifrunner.gnm2.ann2.Ah07g271800",-3.5523808,-2.570384,0.000381761961910362,0.0245817985205195,3,-2.570384,0.0245817985205195,"arahy.Tifrunner.gnm2.ann2.Ah07g271800"
181989,3,"STRG.5429",-3.5662045,-0.911773,0.000362188698885718,0.0235883810129806,3,-0.911773,0.0235883810129806,"STRG.5429"
181990,3,"arahy.Tifrunner.gnm2.ann2.Ah12g291200",-3.5997708,-2.0801394,0.000318497906891677,0.0209241636749726,3,-2.0801394,0.0209241636749726,"arahy.Tifrunner.gnm2.ann2.Ah12g291200"
181991,3,"arahy.Tifrunner.gnm2.ann2.Ah13g380800",-3.6196241,-1.1812248,0.000295031258239586,0.0196359692983902,3,-1.1812248,0.0196359692983902,"arahy.Tifrunner.gnm2.ann2.Ah13g380800"
181992,3,"STRG.1498",-3.627661,-1.2368451,0.000286000522492967,0.019090744554208,3,-1.2368451,0.019090744554208,"STRG.1498"
181993,3,"arahy.Tifrunner.gnm2.ann2.Ah01g328300",-3.6467535,-2.5200741,0.000265574530173051,0.0179377075839733,3,-2.5200741,0.0179377075839733,"arahy.Tifrunner.gnm2.ann2.Ah01g328300"
181994,3,"arahy.Tifrunner.gnm2.ann2.Ah19g025500",-3.6664135,-2.930199,0.000245976020066823,0.0167381350336652,3,-2.930199,0.0167381350336652,"arahy.Tifrunner.gnm2.ann2.Ah19g025500"
181995,3,"arahy.Tifrunner.gnm2.ann2.Ah12g289100",-3.6820757,-1.653536,0.000231342569237261,0.015860902292104,3,-1.653536,0.015860902292104,"arahy.Tifrunner.gnm2.ann2.Ah12g289100"
181996,3,"arahy.Tifrunner.gnm2.ann2.Ah05g381100",-3.7178836,-1.9494892,0.000200898823121336,0.0138992675133369,3,-1.9494892,0.0138992675133369,"arahy.Tifrunner.gnm2.ann2.Ah05g381100"
181997,3,"STRG.1669",-3.7523053,-1.6465133,0.000175215963417983,0.0122904954062253,3,-1.6465133,0.0122904954062253,"STRG.1669"
181998,3,"STRG.4665",-3.755645,-1.6798396,0.000172895650889413,0.012184058221501,3,-1.6798396,0.012184058221501,"STRG.4665"
181999,3,"arahy.Tifrunner.gnm2.ann2.Ah02g344400",-3.7692056,-1.3016413,0.000163768011003609,0.0116490233327004,3,-1.3016413,0.0116490233327004,"arahy.Tifrunner.gnm2.ann2.Ah02g344400"
182000,3,"arahy.Tifrunner.gnm2.ann2.Ah14g470000",-3.781709,-2.4144883,0.000155755370770766,0.0111138048573172,3,-2.4144883,0.0111138048573172,"arahy.Tifrunner.gnm2.ann2.Ah14g470000"
182001,3,"arahy.Tifrunner.gnm2.ann2.Ah03g326000",-3.7835803,-1.4574823,0.000154588344590827,0.0110652198099887,3,-1.4574823,0.0110652198099887,"arahy.Tifrunner.gnm2.ann2.Ah03g326000"
182002,3,"STRG.36",-3.7893345,-1.1545169,0.000151051406987282,0.0108911141172436,3,-1.1545169,0.0108911141172436,"STRG.36"
182003,3,"arahy.Tifrunner.gnm2.ann2.Ah10g329400",-3.8136547,-2.4397707,0.000136926784668963,0.00995759575921707,3,-2.4397707,0.00995759575921707,"arahy.Tifrunner.gnm2.ann2.Ah10g329400"
182004,3,"arahy.Tifrunner.gnm2.ann2.Ah0g033200",-3.8153698,-0.10734507,0.000135979166669609,0.00990780508795727,3,-0.10734507,0.00990780508795727,"arahy.Tifrunner.gnm2.ann2.Ah0g033200"
182005,3,"arahy.Tifrunner.gnm2.ann2.Ah06g385500",-3.8175497,-2.2633495,0.000134783675253024,0.00984894387194008,3,-2.2633495,0.00984894387194008,"arahy.Tifrunner.gnm2.ann2.Ah06g385500"
182006,3,"arahy.Tifrunner.gnm2.ann2.Ah02g312700",-3.8576307,-2.6829493,0.000114491428549397,0.00847497202159797,3,-2.6829493,0.00847497202159797,"arahy.Tifrunner.gnm2.ann2.Ah02g312700"
182007,3,"STRG.2274",-3.9219415,-1.3443215,8.78383047267896e-05,0.0066095057593097,3,-1.3443215,0.0066095057593097,"STRG.2274"
182008,3,"arahy.Tifrunner.gnm2.ann2.Ah05g069400",-3.9520323,-2.4040053,7.74903068570915e-05,0.00587944788227039,3,-2.4040053,0.00587944788227039,"arahy.Tifrunner.gnm2.ann2.Ah05g069400"
182009,3,"arahy.Tifrunner.gnm2.ann2.Ah06g040500",-4.1261187,-1.8317963,3.68936728276189e-05,0.00293627196119672,3,-1.8317963,0.00293627196119672,"arahy.Tifrunner.gnm2.ann2.Ah06g040500"
182010,3,"arahy.Tifrunner.gnm2.ann2.Ah15g445500",-4.126958,-2.006313,3.67593727901085e-05,0.00293128339218559,3,-2.006313,0.00293128339218559,"arahy.Tifrunner.gnm2.ann2.Ah15g445500"
182011,3,"arahy.Tifrunner.gnm2.ann2.Ah13g490500",-4.151615,-1.8291807,3.30136931777378e-05,0.00267422663384935,3,-1.8291807,0.00267422663384935,"arahy.Tifrunner.gnm2.ann2.Ah13g490500"
182012,3,"arahy.Tifrunner.gnm2.ann2.Ah12g239600",-4.2016993,-1.8150651,2.64919005820889e-05,0.00217692650198378,3,-1.8150651,0.00217692650198378,"arahy.Tifrunner.gnm2.ann2.Ah12g239600"
182013,3,"STRG.3208",-4.2048125,-1.0974214,2.6129842412976e-05,0.0021556208839604,3,-1.0974214,0.0021556208839604,"STRG.3208"
182014,3,"arahy.Tifrunner.gnm2.ann2.Ah04g426200",-4.2086377,-1.504246,2.56914820811316e-05,0.00213383410524177,3,-1.504246,0.00213383410524177,"arahy.Tifrunner.gnm2.ann2.Ah04g426200"
182015,3,"arahy.Tifrunner.gnm2.ann2.Ah13g645700",-4.2180033,-1.6644068,2.46475435550522e-05,0.00205128843290712,3,-1.6644068,0.00205128843290712,"arahy.Tifrunner.gnm2.ann2.Ah13g645700"
182016,3,"arahy.Tifrunner.gnm2.ann2.Ah04g152300",-4.2468843,-0.32171252,2.16763590351261e-05,0.00181730123151948,3,-0.32171252,0.00181730123151948,"arahy.Tifrunner.gnm2.ann2.Ah04g152300"
182017,3,"arahy.Tifrunner.gnm2.ann2.Ah18g019500",-4.2629128,-2.100142,2.0177920180819e-05,0.00169792909114899,3,-2.100142,0.00169792909114899,"arahy.Tifrunner.gnm2.ann2.Ah18g019500"
182018,3,"arahy.Tifrunner.gnm2.ann2.Ah20g158000",-4.2715664,-1.1284219,1.94104520595924e-05,0.00163637299918682,3,-1.1284219,0.00163637299918682,"arahy.Tifrunner.gnm2.ann2.Ah20g158000"
182019,3,"arahy.Tifrunner.gnm2.ann2.Ah03g078700",-4.275441,-2.23036,1.90759263457567e-05,0.00161115486264235,3,-2.23036,0.00161115486264235,"arahy.Tifrunner.gnm2.ann2.Ah03g078700"
182020,3,"arahy.Tifrunner.gnm2.ann2.Ah02g237800",-4.296434,-1.5643868,1.73567782431775e-05,0.00147141521925961,3,-1.5643868,0.00147141521925961,"arahy.Tifrunner.gnm2.ann2.Ah02g237800"
182021,3,"arahy.Tifrunner.gnm2.ann2.Ah12g037400",-4.3363094,-2.8645422,1.44895044791267e-05,0.00123524382379731,3,-2.8645422,0.00123524382379731,"arahy.Tifrunner.gnm2.ann2.Ah12g037400"
182022,3,"arahy.Tifrunner.gnm2.ann2.Ah07g179100",-4.3914933,-2.1404853,1.12574801943528e-05,0.000978025817495643,3,-2.1404853,0.000978025817495643,"arahy.Tifrunner.gnm2.ann2.Ah07g179100"
182023,3,"arahy.Tifrunner.gnm2.ann2.Ah01g013100",-4.3925133,-1.7655311,1.12047758344454e-05,0.000975308250644918,3,-1.7655311,0.000975308250644918,"arahy.Tifrunner.gnm2.ann2.Ah01g013100"
182024,3,"arahy.Tifrunner.gnm2.ann2.Ah03g231100",-4.412165,-2.3371398,1.02341968763035e-05,0.000896441394184703,3,-2.3371398,0.000896441394184703,"arahy.Tifrunner.gnm2.ann2.Ah03g231100"
182025,3,"arahy.Tifrunner.gnm2.ann2.Ah18g033300",-4.5305824,-2.1984599,5.88212976274828e-06,0.000530253614493768,3,-2.1984599,0.000530253614493768,"arahy.Tifrunner.gnm2.ann2.Ah18g033300"
182026,3,"arahy.Tifrunner.gnm2.ann2.Ah20g079200",-4.621171,-2.329499,3.8157984663113e-06,0.00035596395364827,3,-2.329499,0.00035596395364827,"arahy.Tifrunner.gnm2.ann2.Ah20g079200"
182027,3,"arahy.Tifrunner.gnm2.ann2.Ah19g512300",-4.6449523,-1.7031217,3.40154769177602e-06,0.000319282592000849,3,-1.7031217,0.000319282592000849,"arahy.Tifrunner.gnm2.ann2.Ah19g512300"
182028,3,"STRG.4246",-4.7885904,-1.8424037,1.67956765200792e-06,0.000164078621866971,3,-1.8424037,0.000164078621866971,"STRG.4246"
182029,3,"arahy.Tifrunner.gnm2.ann2.Ah19g376300",-4.815819,-2.3841088,1.46597667951625e-06,0.000145080700778909,3,-2.3841088,0.000145080700778909,"arahy.Tifrunner.gnm2.ann2.Ah19g376300"
182030,3,"arahy.Tifrunner.gnm2.ann2.Ah19g489100",-4.8220415,-1.4250383,1.42096341077389e-06,0.000142171292993562,3,-1.4250383,0.000142171292993562,"arahy.Tifrunner.gnm2.ann2.Ah19g489100"
182031,3,"arahy.Tifrunner.gnm2.ann2.Ah17g200800",-4.8993535,-0.89944094,9.61525147737462e-07,9.88091892225738e-05,3,-0.89944094,9.88091892225738e-05,"arahy.Tifrunner.gnm2.ann2.Ah17g200800"
182032,3,"STRG.5564",-4.9443207,-1.6567667,7.64097657199725e-07,7.9417309923197e-05,3,-1.6567667,7.9417309923197e-05,"STRG.5564"
182033,3,"arahy.Tifrunner.gnm2.ann2.Ah13g256600",-5.01337,-2.379158,5.34849604865117e-07,5.66244032834409e-05,3,-2.379158,5.66244032834409e-05,"arahy.Tifrunner.gnm2.ann2.Ah13g256600"
182034,3,"STRG.1658",-5.0349054,-1.4761628,4.7808475513024e-07,5.10899774472983e-05,3,-1.4761628,5.10899774472983e-05,"STRG.1658"
182035,3,"STRG.857",-5.1100335,-1.2347205,3.22101863743801e-07,3.51639454318292e-05,3,-1.2347205,3.51639454318292e-05,"STRG.857"
182036,3,"arahy.Tifrunner.gnm2.ann2.Ah14g462000",-5.135131,-1.4881318,2.8194772559903e-07,3.10033532854354e-05,3,-1.4881318,3.10033532854354e-05,"arahy.Tifrunner.gnm2.ann2.Ah14g462000"
182037,3,"arahy.Tifrunner.gnm2.ann2.Ah04g064900",-5.1793537,-2.7156618,2.22655826156525e-07,2.4843587818504e-05,3,-2.7156618,2.4843587818504e-05,"arahy.Tifrunner.gnm2.ann2.Ah04g064900"
182038,3,"arahy.Tifrunner.gnm2.ann2.Ah17g409000",-5.22187,-1.7428466,1.77125466680504e-07,1.99590587751566e-05,3,-1.7428466,1.99590587751566e-05,"arahy.Tifrunner.gnm2.ann2.Ah17g409000"
182039,3,"STRG.561",-5.265924,-2.5184922,1.39485902600048e-07,1.59618104367911e-05,3,-2.5184922,1.59618104367911e-05,"STRG.561"
182040,3,"STRG.1416",-5.342467,-1.8774592,9.16901023439869e-08,1.07579902554321e-05,3,-1.8774592,1.07579902554321e-05,"STRG.1416"
182041,3,"STRG.1454",-5.463652,-2.6511161,4.66437006881844e-08,5.65246907312863e-06,3,-2.6511161,5.65246907312863e-06,"STRG.1454"
182042,3,"STRG.7087",-5.466605,-0.21464226,4.5873589902327e-08,5.58382167570464e-06,3,-0.21464226,5.58382167570464e-06,"STRG.7087"
182043,3,"arahy.Tifrunner.gnm2.ann2.Ah16g516300",-5.5738926,-2.381759,2.49109090453494e-08,3.09848148464613e-06,3,-2.381759,3.09848148464613e-06,"arahy.Tifrunner.gnm2.ann2.Ah16g516300"
182044,3,"STRG.3916",-5.579507,-1.957632,2.4120121876737e-08,3.01660557229828e-06,3,-1.957632,3.01660557229828e-06,"STRG.3916"
182045,3,"arahy.Tifrunner.gnm2.ann2.Ah10g327300",-5.5886583,-1.9662222,2.28830554268337e-08,2.86977469766164e-06,3,-1.9662222,2.86977469766164e-06,"arahy.Tifrunner.gnm2.ann2.Ah10g327300"
182046,3,"arahy.Tifrunner.gnm2.ann2.Ah08g021700",-5.865936,-2.0150502,4.46606228421064e-09,5.99743420136889e-07,3,-2.0150502,5.99743420136889e-07,"arahy.Tifrunner.gnm2.ann2.Ah08g021700"
182047,3,"arahy.Tifrunner.gnm2.ann2.Ah20g419300",-5.8847733,-2.2082548,3.98599611342186e-09,5.40928644094437e-07,3,-2.2082548,5.40928644094437e-07,"arahy.Tifrunner.gnm2.ann2.Ah20g419300"
182048,3,"arahy.Tifrunner.gnm2.ann2.Ah09g409800",-5.940114,-1.7894714,2.84824315372934e-09,3.92919458576893e-07,3,-1.7894714,3.92919458576893e-07,"arahy.Tifrunner.gnm2.ann2.Ah09g409800"
182049,3,"STRG.5769",-5.983436,-2.4888237,2.1847896934597e-09,3.03294114547189e-07,3,-2.4888237,3.03294114547189e-07,"STRG.5769"
182050,3,"arahy.Tifrunner.gnm2.ann2.Ah06g377400",-6.050753,-2.1208498,1.44170056096647e-09,2.05742872531152e-07,3,-2.1208498,2.05742872531152e-07,"arahy.Tifrunner.gnm2.ann2.Ah06g377400"
182051,3,"arahy.Tifrunner.gnm2.ann2.Ah17g203300",-6.109705,-2.2415218,9.98155452700328e-10,1.45175810954408e-07,3,-2.2415218,1.45175810954408e-07,"arahy.Tifrunner.gnm2.ann2.Ah17g203300"
182052,3,"STRG.4331",-6.200092,-2.0345955,5.64301509719768e-10,8.39518363675906e-08,3,-2.0345955,8.39518363675906e-08,"STRG.4331"
182053,3,"arahy.Tifrunner.gnm2.ann2.Ah05g232400",-6.2633457,-2.3735995,3.76803807819108e-10,5.71787218238569e-08,3,-2.3735995,5.71787218238569e-08,"arahy.Tifrunner.gnm2.ann2.Ah05g232400"
182054,3,"arahy.Tifrunner.gnm2.ann2.Ah18g105700",-6.2985573,-1.3355631,3.00429018238591e-10,4.57415740009819e-08,3,-1.3355631,4.57415740009819e-08,"arahy.Tifrunner.gnm2.ann2.Ah18g105700"
182055,3,"arahy.Tifrunner.gnm2.ann2.Ah17g352100",-6.3704357,-2.182889,1.88491823504833e-10,2.91867407252858e-08,3,-2.182889,2.91867407252858e-08,"arahy.Tifrunner.gnm2.ann2.Ah17g352100"
182056,3,"STRG.4813",-6.4020443,-0.81783575,1.53310298513179e-10,2.41498201713286e-08,3,-0.81783575,2.41498201713286e-08,"STRG.4813"
182057,3,"STRG.5721",-6.4777646,-1.8511894,9.30915614786184e-11,1.47662029433889e-08,3,-1.8511894,1.47662029433889e-08,"STRG.5721"
182058,3,"STRG.2239",-6.495302,-1.6992668,8.2866898906259e-11,1.32366059852931e-08,3,-1.6992668,1.32366059852931e-08,"STRG.2239"
182059,3,"arahy.Tifrunner.gnm2.ann2.Ah07g177500",-6.50097,-2.7617588,7.98037971578644e-11,1.27922114852627e-08,3,-2.7617588,1.27922114852627e-08,"arahy.Tifrunner.gnm2.ann2.Ah07g177500"
182060,3,"STRG.345",-6.632627,-1.3067279,3.29764724188981e-11,5.36150332284971e-09,3,-1.3067279,5.36150332284971e-09,"STRG.345"
182061,3,"arahy.Tifrunner.gnm2.ann2.Ah14g066500",-6.8195252,-1.9727927,9.1341749455633e-12,1.54581479636366e-09,3,-1.9727927,1.54581479636366e-09,"arahy.Tifrunner.gnm2.ann2.Ah14g066500"
182062,3,"STRG.1171",-6.903307,-1.3225619,5.08056258312962e-12,8.79420270092748e-10,3,-1.3225619,8.79420270092748e-10,"STRG.1171"
182063,3,"STRG.4844",-6.9733925,-1.9610428,3.09387787409296e-12,5.45913551706232e-10,3,-1.9610428,5.45913551706232e-10,"STRG.4844"
182064,3,"arahy.Tifrunner.gnm2.ann2.Ah15g171100",-6.976679,-2.3584561,3.02239579290022e-12,5.35375665665329e-10,3,-2.3584561,5.35375665665329e-10,"arahy.Tifrunner.gnm2.ann2.Ah15g171100"
182065,3,"STRG.3892",-7.0177307,-1.9092249,2.25500773775916e-12,4.02576361779404e-10,3,-1.9092249,4.02576361779404e-10,"STRG.3892"
182066,3,"arahy.Tifrunner.gnm2.ann2.Ah14g062700",-7.0997148,-1.4459087,1.25014485911518e-12,2.27646378265439e-10,3,-1.4459087,2.27646378265439e-10,"arahy.Tifrunner.gnm2.ann2.Ah14g062700"
182067,3,"arahy.Tifrunner.gnm2.ann2.Ah14g495900",-7.621469,-2.3950331,2.50805239379806e-14,5.2859526470029e-12,3,-2.3950331,5.2859526470029e-12,"arahy.Tifrunner.gnm2.ann2.Ah14g495900"
182068,3,"arahy.Tifrunner.gnm2.ann2.Ah08g177500",-7.899836,-2.2073512,2.79270041520054e-15,6.23210263243085e-13,3,-2.2073512,6.23210263243085e-13,"arahy.Tifrunner.gnm2.ann2.Ah08g177500"
182069,3,"arahy.Tifrunner.gnm2.ann2.Ah14g403700",-7.9138618,-2.2297246,2.49525733734303e-15,5.62347005075267e-13,3,-2.2297246,5.62347005075267e-13,"arahy.Tifrunner.gnm2.ann2.Ah14g403700"
182070,3,"STRG.719",-7.966997,-2.3594291,1.62576154037752e-15,3.70055841820732e-13,3,-2.3594291,3.70055841820732e-13,"STRG.719"
182071,3,"arahy.Tifrunner.gnm2.ann2.Ah16g466800",-8.318646,-2.6267877,8.89738421770723e-17,2.1894298331184e-14,3,-2.6267877,2.1894298331184e-14,"arahy.Tifrunner.gnm2.ann2.Ah16g466800"
182072,3,"arahy.Tifrunner.gnm2.ann2.Ah18g058000",-8.36518,-2.4058359,6.00230010886099e-17,1.50136653931751e-14,3,-2.4058359,1.50136653931751e-14,"arahy.Tifrunner.gnm2.ann2.Ah18g058000"
182073,3,"STRG.4756",-8.403802,-1.9886584,4.32253281177124e-17,1.09932393141382e-14,3,-1.9886584,1.09932393141382e-14,"STRG.4756"
182074,3,"STRG.3538",-8.871239,-2.2550597,7.23364329551011e-19,2.12454437022453e-16,3,-2.2550597,2.12454437022453e-16,"STRG.3538"
182075,3,"arahy.Tifrunner.gnm2.ann2.Ah05g371500",-9.021503,-1.5797498,1.85525720120088e-19,5.52660794036995e-17,3,-1.5797498,5.52660794036995e-17,"arahy.Tifrunner.gnm2.ann2.Ah05g371500"
182076,3,"arahy.Tifrunner.gnm2.ann2.Ah14g403600",-9.033501,-2.3296342,1.66265664867008e-19,5.01263452146072e-17,3,-2.3296342,5.01263452146072e-17,"arahy.Tifrunner.gnm2.ann2.Ah14g403600"
182077,3,"arahy.Tifrunner.gnm2.ann2.Ah04g104700",-9.122025,-2.214856,7.37336234029937e-20,2.25278488040126e-17,3,-2.214856,2.25278488040126e-17,"arahy.Tifrunner.gnm2.ann2.Ah04g104700"
182078,3,"arahy.Tifrunner.gnm2.ann2.Ah04g425900",-9.255216,-2.433486,2.13797821690542e-20,6.80624617807009e-18,3,-2.433486,6.80624617807009e-18,"arahy.Tifrunner.gnm2.ann2.Ah04g425900"
182079,3,"STRG.687",-9.345303,-1.5514653,9.16268748710604e-21,2.95831336995046e-18,3,-1.5514653,2.95831336995046e-18,"STRG.687"
182080,3,"arahy.Tifrunner.gnm2.ann2.Ah14g119300",-9.390229,-1.7485778,5.98698993617398e-21,1.94679807038846e-18,3,-1.7485778,1.94679807038846e-18,"arahy.Tifrunner.gnm2.ann2.Ah14g119300"
182081,3,"arahy.Tifrunner.gnm2.ann2.Ah16g477300",-9.5864105,-2.3300564,9.1202666695432e-22,3.05287514606092e-19,3,-2.3300564,3.05287514606092e-19,"arahy.Tifrunner.gnm2.ann2.Ah16g477300"
182082,3,"STRG.1614",-9.6735115,-1.5669259,3.90735799275703e-22,1.34756488835054e-19,3,-1.5669259,1.34756488835054e-19,"STRG.1614"
182083,3,"arahy.Tifrunner.gnm2.ann2.Ah06g385700",-10.142742,-2.5288222,3.56935446456532e-24,1.32106741987701e-21,3,-2.5288222,1.32106741987701e-21,"arahy.Tifrunner.gnm2.ann2.Ah06g385700"
182084,3,"arahy.Tifrunner.gnm2.ann2.Ah19g485300",-10.41448,-1.3648401,2.12958586481799e-25,8.50414622017315e-23,3,-1.3648401,8.50414622017315e-23,"arahy.Tifrunner.gnm2.ann2.Ah19g485300"
182085,3,"arahy.Tifrunner.gnm2.ann2.Ah10g030800",-10.452294,-2.4981408,1.43022198918777e-25,5.7618960916623e-23,3,-2.4981408,5.7618960916623e-23,"arahy.Tifrunner.gnm2.ann2.Ah10g030800"
182086,3,"arahy.Tifrunner.gnm2.ann2.Ah08g256000",-10.598055,-2.2127466,3.04241475100254e-26,1.28243415856148e-23,3,-2.2127466,1.28243415856148e-23,"arahy.Tifrunner.gnm2.ann2.Ah08g256000"
182087,3,"arahy.Tifrunner.gnm2.ann2.Ah15g406500",-10.649295,-2.1557515,1.75690992716883e-26,7.54543089853149e-24,3,-2.1557515,7.54543089853149e-24,"arahy.Tifrunner.gnm2.ann2.Ah15g406500"
182088,3,"arahy.Tifrunner.gnm2.ann2.Ah20g052000",-11.211998,-2.415023,3.56065325217945e-29,1.72441679417252e-26,3,-2.415023,1.72441679417252e-26,"arahy.Tifrunner.gnm2.ann2.Ah20g052000"
182089,3,"arahy.Tifrunner.gnm2.ann2.Ah04g350700",-11.250689,-2.1298447,2.29791112035158e-29,1.13706636785745e-26,3,-2.1298447,1.13706636785745e-26,"arahy.Tifrunner.gnm2.ann2.Ah04g350700"
182090,3,"arahy.Tifrunner.gnm2.ann2.Ah11g485700",-11.658488,-2.2546618,2.07698282495749e-31,1.08681110486626e-28,3,-2.2546618,1.08681110486626e-28,"arahy.Tifrunner.gnm2.ann2.Ah11g485700"
182091,3,"arahy.Tifrunner.gnm2.ann2.Ah06g310100",-13.9456005,-2.0233657,3.34619580518984e-44,2.7696766879175e-41,3,-2.0233657,2.7696766879175e-41,"arahy.Tifrunner.gnm2.ann2.Ah06g310100"
182092,3,"STRG.4445",-18.685003,-1.5512496,6.55741970321474e-78,9.95066581897159e-75,3,-1.5512496,9.95066581897159e-75,"STRG.4445"
182093,3,"STRG.4806",-20.021427,-1.6497573,3.58312946262288e-89,6.52473542625776e-86,3,-1.6497573,6.52473542625776e-86,"STRG.4806"
182094,3,"arahy.Tifrunner.gnm2.ann2.Ah06g130300",-20.442923,-1.8412803,6.94535170636912e-93,1.43718268673067e-89,3,-1.8412803,1.43718268673067e-89,"arahy.Tifrunner.gnm2.ann2.Ah06g130300"
182095,3,"arahy.Tifrunner.gnm2.ann2.Ah0g033100",-26.788359,-1.081029,4.41585668027036e-158,2.01027459512628e-154,3,-1.081029,2.01027459512628e-154,"arahy.Tifrunner.gnm2.ann2.Ah0g033100"
182096,4,"arahy.Tifrunner.gnm2.ann2.Ah13g645700",33.797882,4.440873,2.11868539785156e-250,9.64510340517946e-246,4,4.440873,9.64510340517946e-246,"arahy.Tifrunner.gnm2.ann2.Ah13g645700"
182097,4,"STRG.3356",26.41919,3.426285,8.24821783578691e-154,1.87745934378182e-149,4,3.426285,1.87745934378182e-149,"STRG.3356"
182098,4,"arahy.Tifrunner.gnm2.ann2.Ah20g531500",25.363676,4.0473914,6.34966761064674e-142,9.6354089435694e-138,4,4.0473914,9.6354089435694e-138,"arahy.Tifrunner.gnm2.ann2.Ah20g531500"
182099,4,"arahy.Tifrunner.gnm2.ann2.Ah19g053800",23.274658,2.7248423,8.00720469356889e-120,9.11299966175075e-116,4,2.7248423,9.11299966175075e-116,"arahy.Tifrunner.gnm2.ann2.Ah19g053800"
182100,4,"arahy.Tifrunner.gnm2.ann2.Ah16g450800",22.349606,3.9094858,1.21813977487996e-110,1.1090919022327e-106,4,3.9094858,1.1090919022327e-106,"arahy.Tifrunner.gnm2.ann2.Ah16g450800"
182101,4,"arahy.Tifrunner.gnm2.ann2.Ah09g033900",21.791536,2.9782083,2.79128094034764e-105,2.11783789213976e-101,4,2.9782083,2.11783789213976e-101,"arahy.Tifrunner.gnm2.ann2.Ah09g033900"
182102,4,"arahy.Tifrunner.gnm2.ann2.Ah18g105700",20.046526,2.2542658,2.16445887570608e-89,1.40764036939491e-85,4,2.2542658,1.40764036939491e-85,"arahy.Tifrunner.gnm2.ann2.Ah18g105700"
182103,4,"arahy.Tifrunner.gnm2.ann2.Ah06g363700",19.572456,3.7973728,2.65571774618802e-85,1.51123618346829e-81,4,3.7973728,1.51123618346829e-81,"arahy.Tifrunner.gnm2.ann2.Ah06g363700"
182104,4,"STRG.3892",18.74112,2.1953769,2.28766348324553e-78,1.15715102679188e-74,4,2.1953769,1.15715102679188e-74,"STRG.3892"
182105,4,"arahy.Tifrunner.gnm2.ann2.Ah17g411500",18.084988,2.9256685,4.18462797067371e-73,1.9050100373695e-69,4,2.9256685,1.9050100373695e-69,"arahy.Tifrunner.gnm2.ann2.Ah17g411500"
182106,4,"arahy.Tifrunner.gnm2.ann2.Ah06g371900",17.480305,4.1263533,2.02413882257062e-68,8.37699052351863e-65,4,4.1263533,8.37699052351863e-65,"arahy.Tifrunner.gnm2.ann2.Ah06g371900"
182107,4,"arahy.Tifrunner.gnm2.ann2.Ah04g080000",17.338074,2.9650621,2.42740210548171e-67,9.20875445416244e-64,4,2.9650621,9.20875445416244e-64,"arahy.Tifrunner.gnm2.ann2.Ah04g080000"
182108,4,"STRG.4827",16.955082,3.506728,1.76517953676788e-64,6.18138717167854e-61,4,3.506728,6.18138717167854e-61,"STRG.4827"
182109,4,"arahy.Tifrunner.gnm2.ann2.Ah12g309700",16.308847,4.597629,8.53893191509231e-60,2.77661668930473e-56,4,4.597629,2.77661668930473e-56,"arahy.Tifrunner.gnm2.ann2.Ah12g309700"
182110,4,"STRG.2033",16.072153,3.5750031,3.99949146976046e-58,1.21381899779583e-54,4,3.5750031,1.21381899779583e-54,"STRG.2033"
182111,4,"STRG.5451",15.867413,3.2613962,1.06543459742063e-56,3.03142778831105e-53,4,3.2613962,3.03142778831105e-53,"STRG.5451"
182112,4,"arahy.Tifrunner.gnm2.ann2.Ah10g367500",15.123867,3.295526,1.12723548248799e-51,3.01860400616372e-48,4,3.295526,3.01860400616372e-48,"arahy.Tifrunner.gnm2.ann2.Ah10g367500"
182113,4,"STRG.5564",13.9243555,2.1986687,4.50588465845424e-44,1.13958829550817e-40,4,2.1986687,1.13958829550817e-40,"STRG.5564"
182114,4,"arahy.Tifrunner.gnm2.ann2.Ah0g033100",13.907611,0.6189997,5.69498909184824e-44,1.36451938640684e-40,4,0.6189997,1.36451938640684e-40,"arahy.Tifrunner.gnm2.ann2.Ah0g033100"
182115,4,"arahy.Tifrunner.gnm2.ann2.Ah05g371500",13.596633,1.4758742,4.19296383231598e-42,9.54402427511763e-39,4,1.4758742,9.54402427511763e-39,"arahy.Tifrunner.gnm2.ann2.Ah05g371500"
182116,4,"arahy.Tifrunner.gnm2.ann2.Ah11g341400",13.444474,3.7337322,3.31756016919173e-41,7.19183853058497e-38,4,3.7337322,7.19183853058497e-38,"arahy.Tifrunner.gnm2.ann2.Ah11g341400"
182117,4,"STRG.1658",13.2355,1.8146626,5.4730696241198e-40,1.13252737076559e-36,4,1.8146626,1.13252737076559e-36,"STRG.1658"
182118,4,"STRG.857",12.058942,1.4892093,1.74003349082566e-33,3.16853138545389e-30,4,1.4892093,3.16853138545389e-30,"STRG.857"
182119,4,"arahy.Tifrunner.gnm2.ann2.Ah03g276000",11.909756,3.3733099,1.05285590447372e-32,1.84346969981776e-29,4,3.3733099,1.84346969981776e-29,"arahy.Tifrunner.gnm2.ann2.Ah03g276000"
182120,4,"arahy.Tifrunner.gnm2.ann2.Ah08g256000",11.678128,1.2309238,1.6488679207974e-31,2.68082368665646e-28,4,1.2309238,2.68082368665646e-28,"arahy.Tifrunner.gnm2.ann2.Ah08g256000"
182121,4,"arahy.Tifrunner.gnm2.ann2.Ah03g432100",11.303047,2.7698069,1.26742256461613e-29,1.86123047843822e-26,4,2.7698069,1.86123047843822e-26,"arahy.Tifrunner.gnm2.ann2.Ah03g432100"
182122,4,"arahy.Tifrunner.gnm2.ann2.Ah17g340400",11.250495,2.8849523,2.30296026024172e-29,3.27624884022638e-26,4,2.8849523,3.27624884022638e-26,"arahy.Tifrunner.gnm2.ann2.Ah17g340400"
182123,4,"arahy.Tifrunner.gnm2.ann2.Ah02g246000",11.029172,1.2767669,2.76397916429712e-28,3.81295113562006e-25,4,1.2767669,3.81295113562006e-25,"arahy.Tifrunner.gnm2.ann2.Ah02g246000"
182124,4,"arahy.Tifrunner.gnm2.ann2.Ah15g406500",10.696383,1.1731766,1.05828635180614e-26,1.37649793941779e-23,4,1.1731766,1.37649793941779e-23,"arahy.Tifrunner.gnm2.ann2.Ah15g406500"
182125,4,"STRG.5896",10.196324,2.5192134,2.05918013381373e-24,2.53357071383071e-21,4,2.5192134,2.53357071383071e-21,"STRG.5896"
182126,4,"arahy.Tifrunner.gnm2.ann2.Ah13g021500",9.814716,3.6262527,9.73116864421479e-23,1.16579400357693e-19,4,3.6262527,1.16579400357693e-19,"arahy.Tifrunner.gnm2.ann2.Ah13g021500"
182127,4,"arahy.Tifrunner.gnm2.ann2.Ah20g464000",9.80115,3.4118574,1.11311134956356e-22,1.27188648586336e-19,4,3.4118574,1.27188648586336e-19,"arahy.Tifrunner.gnm2.ann2.Ah20g464000"
182128,4,"arahy.Tifrunner.gnm2.ann2.Ah08g055200",9.6958885,2.1049166,3.13893980180459e-22,3.48529501310615e-19,4,2.1049166,3.48529501310615e-19,"arahy.Tifrunner.gnm2.ann2.Ah08g055200"
182129,4,"arahy.Tifrunner.gnm2.ann2.Ah07g102400",9.615655,1.7422256,6.86710499923955e-22,7.44328780917574e-19,4,1.7422256,7.44328780917574e-19,"arahy.Tifrunner.gnm2.ann2.Ah07g102400"
182130,4,"arahy.Tifrunner.gnm2.ann2.Ah15g092900",9.57018,1.102612,1.06720002005803e-21,1.12984217937493e-18,4,1.102612,1.12984217937493e-18,"arahy.Tifrunner.gnm2.ann2.Ah15g092900"
182131,4,"STRG.3558",9.501614,0.660838,2.06661885322755e-21,2.13819901532571e-18,4,0.660838,2.13819901532571e-18,"STRG.3558"
182132,4,"STRG.4246",9.47972,1.7238513,2.54966047339774e-21,2.57934985313241e-18,4,1.7238513,2.57934985313241e-18,"STRG.4246"
182133,4,"arahy.Tifrunner.gnm2.ann2.Ah03g042400",9.303902,2.699351,1.35384371827836e-20,1.31132726448732e-17,4,2.699351,1.31132726448732e-17,"arahy.Tifrunner.gnm2.ann2.Ah03g042400"
182134,4,"STRG.7092",9.039845,3.5525653,1.56893726410339e-19,1.45763877573557e-16,4,3.5525653,1.45763877573557e-16,"STRG.7092"
182135,4,"arahy.Tifrunner.gnm2.ann2.Ah08g028300",8.97459,2.564398,2.84408590210215e-19,2.58948333214596e-16,4,2.564398,2.58948333214596e-16,"arahy.Tifrunner.gnm2.ann2.Ah08g028300"
182136,4,"arahy.Tifrunner.gnm2.ann2.Ah12g347600",8.967557,3.6991894,3.03163496675672e-19,2.70612059267908e-16,4,3.6991894,2.70612059267908e-16,"arahy.Tifrunner.gnm2.ann2.Ah12g347600"
182137,4,"STRG.5721",8.785137,1.1095786,1.56174048746536e-18,1.3414466783278e-15,4,1.1095786,1.3414466783278e-15,"STRG.5721"
182138,4,"arahy.Tifrunner.gnm2.ann2.Ah01g093300",8.452432,1.7720433,2.85297628848123e-17,2.40516467697814e-14,4,1.7720433,2.40516467697814e-14,"arahy.Tifrunner.gnm2.ann2.Ah01g093300"
182139,4,"STRG.5857",8.346542,1.2586823,7.02904820436831e-17,5.71411411527969e-14,4,1.2586823,5.71411411527969e-14,"STRG.5857"
182140,4,"arahy.Tifrunner.gnm2.ann2.Ah06g380400",8.214178,2.2057219,2.13622228375322e-16,1.67671350423416e-13,4,2.2057219,1.67671350423416e-13,"arahy.Tifrunner.gnm2.ann2.Ah06g380400"
182141,4,"arahy.Tifrunner.gnm2.ann2.Ah20g196500",8.153082,4.3423753,3.54764548866521e-16,2.73733920722025e-13,4,4.3423753,2.73733920722025e-13,"arahy.Tifrunner.gnm2.ann2.Ah20g196500"
182142,4,"STRG.1587",8.080049,4.2576523,6.4741080403051e-16,4.83159499060409e-13,4,4.2576523,4.83159499060409e-13,"STRG.1587"
182143,4,"STRG.6974",7.9101987,0.5980621,2.56978315835287e-15,1.82791888282587e-12,4,0.5980621,1.82791888282587e-12,"STRG.6974"
182144,4,"STRG.1982",7.79837,1.4520775,6.27119194201213e-15,4.39214987643323e-12,4,1.4520775,4.39214987643323e-12,"STRG.1982"
182145,4,"STRG.5668",7.5434117,1.8973036,4.57833242852999e-14,2.97748579251999e-11,4,1.8973036,2.97748579251999e-11,"STRG.5668"
182146,4,"STRG.3961",7.535775,3.3266208,4.85442234198674e-14,3.06934337078617e-11,4,3.3266208,3.06934337078617e-11,"STRG.3961"
182147,4,"arahy.Tifrunner.gnm2.ann2.Ah02g235100",7.531773,2.9639635,5.0055891889499e-14,3.12156770188706e-11,4,2.9639635,3.12156770188706e-11,"arahy.Tifrunner.gnm2.ann2.Ah02g235100"
182148,4,"arahy.Tifrunner.gnm2.ann2.Ah06g441300",7.4849887,1.7321509,7.15533821998786e-14,4.34319489502303e-11,4,1.7321509,4.34319489502303e-11,"arahy.Tifrunner.gnm2.ann2.Ah06g441300"
182149,4,"arahy.Tifrunner.gnm2.ann2.Ah08g070300",7.4539084,1.0975505,9.06149428383818e-14,5.42783507601907e-11,4,1.0975505,5.42783507601907e-11,"arahy.Tifrunner.gnm2.ann2.Ah08g070300"
182150,4,"arahy.Tifrunner.gnm2.ann2.Ah13g570200",7.391655,4.080794,1.45012546230003e-13,8.46352712124958e-11,4,4.080794,8.46352712124958e-11,"arahy.Tifrunner.gnm2.ann2.Ah13g570200"
182151,4,"arahy.Tifrunner.gnm2.ann2.Ah05g110500",7.2549696,2.9286742,4.01751432663841e-13,2.28616652757359e-10,4,2.9286742,2.28616652757359e-10,"arahy.Tifrunner.gnm2.ann2.Ah05g110500"
182152,4,"arahy.Tifrunner.gnm2.ann2.Ah18g019500",7.1324687,1.4057875,9.85844717633189e-13,5.40718011151004e-10,4,1.4057875,5.40718011151004e-10,"arahy.Tifrunner.gnm2.ann2.Ah18g019500"
182153,4,"STRG.3940",6.937861,1.1686952,3.98081374875749e-12,2.10723912905158e-09,4,1.1686952,2.10723912905158e-09,"STRG.3940"
182154,4,"arahy.Tifrunner.gnm2.ann2.Ah04g088300",6.9100766,1.8400488,4.84392083563809e-12,2.53465117381136e-09,4,1.8400488,2.53465117381136e-09,"arahy.Tifrunner.gnm2.ann2.Ah04g088300"
182155,4,"arahy.Tifrunner.gnm2.ann2.Ah01g120400",6.90809,3.4207053,4.91221448039949e-12,2.54117786370121e-09,4,3.4207053,2.54117786370121e-09,"arahy.Tifrunner.gnm2.ann2.Ah01g120400"
182156,4,"arahy.Tifrunner.gnm2.ann2.Ah12g365700",6.848907,3.5250442,7.44163588890805e-12,3.80643856411966e-09,4,3.5250442,3.80643856411966e-09,"arahy.Tifrunner.gnm2.ann2.Ah12g365700"
182157,4,"STRG.5429",6.83924,0.9554567,7.96143492823636e-12,4.02707070747814e-09,4,0.9554567,4.02707070747814e-09,"STRG.5429"
182158,4,"arahy.Tifrunner.gnm2.ann2.Ah07g229300",6.796095,2.283239,1.07493105103958e-11,5.37749023818964e-09,4,2.283239,5.37749023818964e-09,"arahy.Tifrunner.gnm2.ann2.Ah07g229300"
182159,4,"STRG.5302",6.7887626,1.3466232,1.13099501864561e-11,5.59645839443728e-09,4,1.3466232,5.59645839443728e-09,"STRG.5302"
182160,4,"arahy.Tifrunner.gnm2.ann2.Ah03g304700",6.752591,2.1977303,1.45227578446064e-11,7.03334072465811e-09,4,2.1977303,7.03334072465811e-09,"arahy.Tifrunner.gnm2.ann2.Ah03g304700"
182161,4,"STRG.3206",6.7481036,2.2733526,1.49789912866258e-11,7.17793262455109e-09,4,2.2733526,7.17793262455109e-09,"STRG.3206"
182162,4,"arahy.Tifrunner.gnm2.ann2.Ah15g111800",6.7372546,2.5599034,1.61407004934652e-11,7.65405467983865e-09,4,2.5599034,7.65405467983865e-09,"arahy.Tifrunner.gnm2.ann2.Ah15g111800"
182163,4,"arahy.Tifrunner.gnm2.ann2.Ah13g067900",6.7269845,2.3578773,1.73214999954843e-11,8.12931923499409e-09,4,2.3578773,8.12931923499409e-09,"arahy.Tifrunner.gnm2.ann2.Ah13g067900"
182164,4,"arahy.Tifrunner.gnm2.ann2.Ah20g452500",6.602458,1.4916598,4.04395858896731e-11,1.85956738186008e-08,4,1.4916598,1.85956738186008e-08,"arahy.Tifrunner.gnm2.ann2.Ah20g452500"
182165,4,"arahy.Tifrunner.gnm2.ann2.Ah16g274500",6.5476937,1.1816593,5.84323915010793e-11,2.66007619069513e-08,4,1.1816593,2.66007619069513e-08,"arahy.Tifrunner.gnm2.ann2.Ah16g274500"
182166,4,"arahy.Tifrunner.gnm2.ann2.Ah05g371000",6.536158,2.2824054,6.31191388605527e-11,2.81709380145863e-08,4,2.2824054,2.81709380145863e-08,"arahy.Tifrunner.gnm2.ann2.Ah05g371000"
182167,4,"arahy.Tifrunner.gnm2.ann2.Ah20g017900",6.5195365,2.5478246,7.05248870928734e-11,3.11706306797667e-08,4,2.5478246,3.11706306797667e-08,"arahy.Tifrunner.gnm2.ann2.Ah20g017900"
182168,4,"STRG.4813",6.378663,0.58152187,1.78640461186676e-10,7.53002625468725e-08,4,0.58152187,7.53002625468725e-08,"STRG.4813"
182169,4,"arahy.Tifrunner.gnm2.ann2.Ah06g223900",6.287978,1.0675517,3.21627609574138e-10,1.31907885569848e-07,4,1.0675517,1.31907885569848e-07,"arahy.Tifrunner.gnm2.ann2.Ah06g223900"
182170,4,"arahy.Tifrunner.gnm2.ann2.Ah16g119900",6.286477,1.4058384,3.24750806796506e-10,1.3199960471968e-07,4,1.4058384,1.3199960471968e-07,"arahy.Tifrunner.gnm2.ann2.Ah16g119900"
182171,4,"arahy.Tifrunner.gnm2.ann2.Ah13g471000",6.236264,2.0219808,4.48143679197992e-10,1.77402546537473e-07,4,2.0219808,1.77402546537473e-07,"arahy.Tifrunner.gnm2.ann2.Ah13g471000"
182172,4,"arahy.Tifrunner.gnm2.ann2.Ah07g178800",6.154236,0.77069944,7.54404540078516e-10,2.93534293013114e-07,4,0.77069944,2.93534293013114e-07,"arahy.Tifrunner.gnm2.ann2.Ah07g178800"
182173,4,"arahy.Tifrunner.gnm2.ann2.Ah14g026800",6.040141,2.7984197,1.5397964830916e-09,5.84147459135517e-07,4,2.7984197,5.84147459135517e-07,"arahy.Tifrunner.gnm2.ann2.Ah14g026800"
182174,4,"arahy.Tifrunner.gnm2.ann2.Ah13g127700",6.0370116,2.3008726,1.56994192709166e-09,5.90661456933229e-07,4,2.3008726,5.90661456933229e-07,"arahy.Tifrunner.gnm2.ann2.Ah13g127700"
182175,4,"STRG.347",5.9887214,2.5584934,2.11496820457462e-09,7.82778963780934e-07,4,2.5584934,7.82778963780934e-07,"STRG.347"
182176,4,"STRG.4553",5.982071,1.6423275,2.20318149809812e-09,8.0238107615535e-07,4,1.6423275,8.0238107615535e-07,"STRG.4553"
182177,4,"arahy.Tifrunner.gnm2.ann2.Ah03g273500",5.971605,0.6357921,2.34931199229686e-09,8.48810151883509e-07,4,0.6357921,8.48810151883509e-07,"arahy.Tifrunner.gnm2.ann2.Ah03g273500"
182178,4,"arahy.Tifrunner.gnm2.ann2.Ah14g099200",5.856485,1.8861276,4.72766280694968e-09,1.6814228251842e-06,4,1.8861276,1.6814228251842e-06,"arahy.Tifrunner.gnm2.ann2.Ah14g099200"
182179,4,"STRG.704",5.818651,1.9624944,5.93243616364714e-09,2.07744787626056e-06,4,1.9624944,2.07744787626056e-06,"STRG.704"
182180,4,"arahy.Tifrunner.gnm2.ann2.Ah20g053900",5.7986064,2.23368,6.6868294574057e-09,2.32374980319799e-06,4,2.23368,2.32374980319799e-06,"arahy.Tifrunner.gnm2.ann2.Ah20g053900"
182181,4,"arahy.Tifrunner.gnm2.ann2.Ah06g254800",5.7950406,3.1185727,6.83046020716438e-09,2.35568083690115e-06,4,3.1185727,2.35568083690115e-06,"arahy.Tifrunner.gnm2.ann2.Ah06g254800"
182182,4,"arahy.Tifrunner.gnm2.ann2.Ah13g320400",5.7432194,2.131872,9.28933481832669e-09,3.13250132051485e-06,4,2.131872,3.13250132051485e-06,"arahy.Tifrunner.gnm2.ann2.Ah13g320400"
182183,4,"arahy.Tifrunner.gnm2.ann2.Ah19g097200",5.7233605,1.2738581,1.0443722920654e-08,3.49588266352832e-06,4,1.2738581,3.49588266352832e-06,"arahy.Tifrunner.gnm2.ann2.Ah19g097200"
182184,4,"arahy.Tifrunner.gnm2.ann2.Ah13g001100",5.7045074,3.8424757,1.16679923252567e-08,3.86585411354793e-06,4,3.8424757,3.86585411354793e-06,"arahy.Tifrunner.gnm2.ann2.Ah13g001100"
182185,4,"arahy.Tifrunner.gnm2.ann2.Ah05g465900",5.703767,1.841283,1.17188267215011e-08,3.86585411354793e-06,4,1.841283,3.86585411354793e-06,"arahy.Tifrunner.gnm2.ann2.Ah05g465900"
182186,4,"arahy.Tifrunner.gnm2.ann2.Ah09g400700",5.666247,2.2443032,1.45958982881763e-08,4.7803141990715e-06,4,2.2443032,4.7803141990715e-06,"arahy.Tifrunner.gnm2.ann2.Ah09g400700"
182187,4,"arahy.Tifrunner.gnm2.ann2.Ah12g065900",5.6537895,2.7422347,1.56948366399421e-08,5.06731732763635e-06,4,2.7422347,5.06731732763635e-06,"arahy.Tifrunner.gnm2.ann2.Ah12g065900"
182188,4,"arahy.Tifrunner.gnm2.ann2.Ah11g011900",5.5861163,1.1095065,2.32203502673385e-08,7.34085573312721e-06,4,1.1095065,7.34085573312721e-06,"arahy.Tifrunner.gnm2.ann2.Ah11g011900"
182189,4,"arahy.Tifrunner.gnm2.ann2.Ah17g187800",5.526232,2.7671556,3.27181647248934e-08,1.00639306144327e-05,4,2.7671556,1.00639306144327e-05,"arahy.Tifrunner.gnm2.ann2.Ah17g187800"
182190,4,"arahy.Tifrunner.gnm2.ann2.Ah18g476200",5.4561214,0.6168356,4.86647644659889e-08,1.48685552855683e-05,4,0.6168356,1.48685552855683e-05,"arahy.Tifrunner.gnm2.ann2.Ah18g476200"
182191,4,"arahy.Tifrunner.gnm2.ann2.Ah04g414600",5.2544756,2.2327652,1.48446992474186e-07,4.25025212917914e-05,4,2.2327652,4.25025212917914e-05,"arahy.Tifrunner.gnm2.ann2.Ah04g414600"
182192,4,"arahy.Tifrunner.gnm2.ann2.Ah19g521900",5.237903,2.3117192,1.62411467401189e-07,4.57367299926443e-05,4,2.3117192,4.57367299926443e-05,"arahy.Tifrunner.gnm2.ann2.Ah19g521900"
182193,4,"arahy.Tifrunner.gnm2.ann2.Ah07g194500",5.2375107,1.239442,1.62757012977954e-07,4.57367299926443e-05,4,1.239442,4.57367299926443e-05,"arahy.Tifrunner.gnm2.ann2.Ah07g194500"
182194,4,"arahy.Tifrunner.gnm2.ann2.Ah06g377800",5.1555996,1.8828483,2.52820664997303e-07,6.94718480959247e-05,4,1.8828483,6.94718480959247e-05,"arahy.Tifrunner.gnm2.ann2.Ah06g377800"
182195,4,"arahy.Tifrunner.gnm2.ann2.Ah01g401700",5.1552267,1.5682335,2.53324110006228e-07,6.94718480959247e-05,4,1.5682335,6.94718480959247e-05,"arahy.Tifrunner.gnm2.ann2.Ah01g401700"
182196,4,"STRG.6520",5.143343,0.97220224,2.69892098248972e-07,7.35722627585999e-05,4,0.97220224,7.35722627585999e-05,"STRG.6520"
182197,4,"arahy.Tifrunner.gnm2.ann2.Ah19g203000",5.1035376,4.2816334,3.33362046301577e-07,8.97986615138046e-05,4,4.2816334,8.97986615138046e-05,"arahy.Tifrunner.gnm2.ann2.Ah19g203000"
182198,4,"arahy.Tifrunner.gnm2.ann2.Ah09g388700",5.0695786,2.3668697,3.98697522528958e-07,0.000106142140442154,4,2.3668697,0.000106142140442154,"arahy.Tifrunner.gnm2.ann2.Ah09g388700"
182199,4,"arahy.Tifrunner.gnm2.ann2.Ah18g463300",5.047655,0.7942731,4.4726537972814e-07,0.000117695428593895,4,0.7942731,0.000117695428593895,"arahy.Tifrunner.gnm2.ann2.Ah18g463300"
182200,4,"arahy.Tifrunner.gnm2.ann2.Ah15g376700",4.988653,3.5673647,6.08016167900402e-07,0.000156392293296027,4,3.5673647,0.000156392293296027,"arahy.Tifrunner.gnm2.ann2.Ah15g376700"
182201,4,"arahy.Tifrunner.gnm2.ann2.Ah01g090000",4.988639,1.2819877,6.0806247063959e-07,0.000156392293296027,4,1.2819877,0.000156392293296027,"arahy.Tifrunner.gnm2.ann2.Ah01g090000"
182202,4,"STRG.7247",4.9712224,1.063773,6.65319985048675e-07,0.000169206854745005,4,1.063773,0.000169206854745005,"STRG.7247"
182203,4,"STRG.3376",4.9471216,0.7743741,7.53189124489914e-07,0.000188396602765268,4,0.7743741,0.000188396602765268,"STRG.3376"
182204,4,"arahy.Tifrunner.gnm2.ann2.Ah15g406600",4.919455,2.892627,8.6785496323125e-07,0.000214718637750758,4,2.892627,0.000214718637750758,"arahy.Tifrunner.gnm2.ann2.Ah15g406600"
182205,4,"arahy.Tifrunner.gnm2.ann2.Ah12g414300",4.9147124,2.6661105,8.89129108132631e-07,0.000218793046046648,4,2.6661105,0.000218793046046648,"arahy.Tifrunner.gnm2.ann2.Ah12g414300"
182206,4,"arahy.Tifrunner.gnm2.ann2.Ah03g586800",4.884314,3.5408957,1.03789611334205e-06,0.000254027863783782,4,3.5408957,0.000254027863783782,"arahy.Tifrunner.gnm2.ann2.Ah03g586800"
182207,4,"arahy.Tifrunner.gnm2.ann2.Ah14g014100",4.8670597,2.4045951,1.13270828567645e-06,0.000275750866294838,4,2.4045951,0.000275750866294838,"arahy.Tifrunner.gnm2.ann2.Ah14g014100"
182208,4,"STRG.2701",4.8578734,2.4669852,1.18653199366353e-06,0.000285797261796499,4,2.4669852,0.000285797261796499,"STRG.2701"
182209,4,"arahy.Tifrunner.gnm2.ann2.Ah13g015800",4.855892,2.1829686,1.19846003352886e-06,0.000287151024033516,4,2.1829686,0.000287151024033516,"arahy.Tifrunner.gnm2.ann2.Ah13g015800"
182210,4,"arahy.Tifrunner.gnm2.ann2.Ah03g083700",4.8248267,0.6100458,1.4012514989249e-06,0.000333982058832761,4,0.6100458,0.000333982058832761,"arahy.Tifrunner.gnm2.ann2.Ah03g083700"
182211,4,"STRG.5244",4.759743,0.7483552,1.93839508883047e-06,0.000454863391875868,4,0.7483552,0.000454863391875868,"STRG.5244"
182212,4,"arahy.Tifrunner.gnm2.ann2.Ah14g489600",4.7326603,0.9804449,2.2159632291479e-06,0.000517330820737072,4,0.9804449,0.000517330820737072,"arahy.Tifrunner.gnm2.ann2.Ah14g489600"
182213,4,"STRG.2324",4.7157445,2.1659727,2.40828667388476e-06,0.000559361441540459,4,2.1659727,0.000559361441540459,"STRG.2324"
182214,4,"arahy.Tifrunner.gnm2.ann2.Ah17g127200",4.684463,2.7690582,2.80694723490117e-06,0.000642127969455481,4,2.7690582,0.000642127969455481,"arahy.Tifrunner.gnm2.ann2.Ah17g127200"
182215,4,"arahy.Tifrunner.gnm2.ann2.Ah15g376200",4.668013,2.7891011,3.04126327759579e-06,0.000692252347246353,4,2.7891011,0.000692252347246353,"arahy.Tifrunner.gnm2.ann2.Ah15g376200"
182216,4,"arahy.Tifrunner.gnm2.ann2.Ah02g306000",4.6555605,4.144682,3.23100414941246e-06,0.000721656128408729,4,4.144682,0.000721656128408729,"arahy.Tifrunner.gnm2.ann2.Ah02g306000"
182217,4,"arahy.Tifrunner.gnm2.ann2.Ah11g006200",4.6553793,1.6216028,3.23385137939067e-06,0.000721656128408729,4,1.6216028,0.000721656128408729,"arahy.Tifrunner.gnm2.ann2.Ah11g006200"
182218,4,"arahy.Tifrunner.gnm2.ann2.Ah09g076300",4.6246767,1.2563609,3.75183353041108e-06,0.000825113379895816,4,1.2563609,0.000825113379895816,"arahy.Tifrunner.gnm2.ann2.Ah09g076300"
182219,4,"STRG.5138",4.6209984,0.8668988,3.81898160930383e-06,0.000831843630535633,4,0.8668988,0.000831843630535633,"STRG.5138"
182220,4,"arahy.Tifrunner.gnm2.ann2.Ah01g287100",4.5972505,1.2505369,4.28103200827594e-06,0.0009280461959274,4,1.2505369,0.0009280461959274,"arahy.Tifrunner.gnm2.ann2.Ah01g287100"
182221,4,"arahy.Tifrunner.gnm2.ann2.Ah18g074500",4.5567436,2.9705944,5.19527822136931e-06,0.00111561247995102,4,2.9705944,0.00111561247995102,"arahy.Tifrunner.gnm2.ann2.Ah18g074500"
182222,4,"STRG.5351",4.5498967,2.6952345,5.36722253523888e-06,0.00114712412532495,4,2.6952345,0.00114712412532495,"STRG.5351"
182223,4,"arahy.Tifrunner.gnm2.ann2.Ah08g216200",4.5369143,1.3949916,5.70832434255986e-06,0.00120867794125905,4,1.3949916,0.00120867794125905,"arahy.Tifrunner.gnm2.ann2.Ah08g216200"
182224,4,"STRG.4362",4.519572,1.3443044,6.19647828817501e-06,0.00130596517403185,4,1.3443044,0.00130596517403185,"STRG.4362"
182225,4,"arahy.Tifrunner.gnm2.ann2.Ah17g201300",4.470497,0.8082309,7.80380437011237e-06,0.00162219356230592,4,0.8082309,0.00162219356230592,"arahy.Tifrunner.gnm2.ann2.Ah17g201300"
182226,4,"STRG.930",4.3818474,1.4247695,1.17677354869032e-05,0.00239158209957937,4,1.4247695,0.00239158209957937,"STRG.930"
182227,4,"STRG.515",4.373372,2.7418194,1.22341942472577e-05,0.00247533092849848,4,2.7418194,0.00247533092849848,"STRG.515"
182228,4,"STRG.3146",4.362391,0.8198325,1.28648812040897e-05,0.00259141969882733,4,0.8198325,0.00259141969882733,"STRG.3146"
182229,4,"arahy.Tifrunner.gnm2.ann2.Ah18g337400",4.3382897,1.9282361,1.43595729922555e-05,0.0028546078641897,4,1.9282361,0.0028546078641897,"arahy.Tifrunner.gnm2.ann2.Ah18g337400"
182230,4,"arahy.Tifrunner.gnm2.ann2.Ah16g521300",4.3347635,1.0363028,1.45916959777185e-05,0.00288814072908546,4,1.0363028,0.00288814072908546,"arahy.Tifrunner.gnm2.ann2.Ah16g521300"
182231,4,"arahy.Tifrunner.gnm2.ann2.Ah08g070700",4.3219967,2.2843854,1.54623383346455e-05,0.00303624351113967,4,2.2843854,0.00303624351113967,"arahy.Tifrunner.gnm2.ann2.Ah08g070700"
182232,4,"STRG.2824",4.32184,0.69943976,1.5473343611818e-05,0.00303624351113967,4,0.69943976,0.00303624351113967,"STRG.2824"
182233,4,"STRG.1905",4.311104,2.4824271,1.62441585276214e-05,0.00317381576313922,4,2.4824271,0.00317381576313922,"STRG.1905"
182234,4,"arahy.Tifrunner.gnm2.ann2.Ah06g414700",4.2662272,2.254125,1.98806346860815e-05,0.00381875955041846,4,2.254125,0.00381875955041846,"arahy.Tifrunner.gnm2.ann2.Ah06g414700"
182235,4,"arahy.Tifrunner.gnm2.ann2.Ah06g156000",4.2412286,1.2380536,2.22299522496244e-05,0.0042520854882853,4,1.2380536,0.0042520854882853,"arahy.Tifrunner.gnm2.ann2.Ah06g156000"
182236,4,"arahy.Tifrunner.gnm2.ann2.Ah12g329500",4.221723,3.1039004,2.42441675205274e-05,0.0046179559924874,4,3.1039004,0.0046179559924874,"arahy.Tifrunner.gnm2.ann2.Ah12g329500"
182237,4,"arahy.Tifrunner.gnm2.ann2.Ah18g301600",4.204003,1.0039812,2.62235359908933e-05,0.00495352801846235,4,1.0039812,0.00495352801846235,"arahy.Tifrunner.gnm2.ann2.Ah18g301600"
182238,4,"STRG.1282",4.1715593,1.3171133,3.02522098978709e-05,0.00564426886635523,4,1.3171133,0.00564426886635523,"STRG.1282"
182239,4,"STRG.2914",4.125187,1.7626207,3.70433835117652e-05,0.00685513410971381,4,1.7626207,0.00685513410971381,"STRG.2914"
182240,4,"arahy.Tifrunner.gnm2.ann2.Ah02g317800",4.1145244,3.5454555,3.87978547456968e-05,0.00715074307466842,4,3.5454555,0.00715074307466842,"arahy.Tifrunner.gnm2.ann2.Ah02g317800"
182241,4,"arahy.Tifrunner.gnm2.ann2.Ah12g196900",4.094043,3.9635172,4.23915710242235e-05,0.007719335517227,4,3.9635172,0.007719335517227,"arahy.Tifrunner.gnm2.ann2.Ah12g196900"
182242,4,"arahy.Tifrunner.gnm2.ann2.Ah10g137100",4.0600395,5.0162306,4.9064376634499e-05,0.00886351857900371,4,5.0162306,0.00886351857900371,"arahy.Tifrunner.gnm2.ann2.Ah10g137100"
182243,4,"arahy.Tifrunner.gnm2.ann2.Ah08g356200",4.047685,1.5866079,5.17266709767564e-05,0.00930752952389668,4,1.5866079,0.00930752952389668,"arahy.Tifrunner.gnm2.ann2.Ah08g356200"
182244,4,"STRG.7087",4.0217595,0.18827537,5.77649899365488e-05,0.0102722398510603,4,0.18827537,0.0102722398510603,"STRG.7087"
182245,4,"STRG.6607",3.9751663,0.77850777,7.03300774691774e-05,0.012361800952536,4,0.77850777,0.012361800952536,"STRG.6607"
182246,4,"arahy.Tifrunner.gnm2.ann2.Ah09g364800",3.9498785,1.0407065,7.81908832143241e-05,0.0136906221824957,4,1.0407065,0.0136906221824957,"arahy.Tifrunner.gnm2.ann2.Ah09g364800"
182247,4,"arahy.Tifrunner.gnm2.ann2.Ah20g502400",3.9259346,1.3847064,8.63936881663704e-05,0.0150689128738921,4,1.3847064,0.0150689128738921,"arahy.Tifrunner.gnm2.ann2.Ah20g502400"
182248,4,"arahy.Tifrunner.gnm2.ann2.Ah04g403000",3.9140263,1.9956744,9.0769789646562e-05,0.0157717706254583,4,1.9956744,0.0157717706254583,"arahy.Tifrunner.gnm2.ann2.Ah04g403000"
182249,4,"STRG.4252",3.891318,0.89240766,9.97011258796859e-05,0.0171924017217683,4,0.89240766,0.0171924017217683,"STRG.4252"
182250,4,"arahy.Tifrunner.gnm2.ann2.Ah03g552100",3.8742747,1.4153203,0.000106942703647985,0.0183024798528981,4,1.4153203,0.0183024798528981,"arahy.Tifrunner.gnm2.ann2.Ah03g552100"
182251,4,"arahy.Tifrunner.gnm2.ann2.Ah09g343800",3.8666873,1.7000355,0.000110323690016713,0.0187402077026898,4,1.7000355,0.0187402077026898,"arahy.Tifrunner.gnm2.ann2.Ah09g343800"
182252,4,"arahy.Tifrunner.gnm2.ann2.Ah10g357100",3.8450387,1.0487688,0.000120533412265511,0.0203983756876398,4,1.0487688,0.0203983756876398,"arahy.Tifrunner.gnm2.ann2.Ah10g357100"
182253,4,"arahy.Tifrunner.gnm2.ann2.Ah07g233300",3.834685,1.8618215,0.000125725218027982,0.0211982030574291,4,1.8618215,0.0211982030574291,"arahy.Tifrunner.gnm2.ann2.Ah07g233300"
182254,4,"arahy.Tifrunner.gnm2.ann2.Ah02g049200",3.8330815,4.7447367,0.000126548056058644,0.0212011826766278,4,4.7447367,0.0212011826766278,"arahy.Tifrunner.gnm2.ann2.Ah02g049200"
182255,4,"arahy.Tifrunner.gnm2.ann2.Ah02g186500",3.8328362,2.1009257,0.000126674318777848,0.0212011826766278,4,2.1009257,0.0212011826766278,"arahy.Tifrunner.gnm2.ann2.Ah02g186500"
182256,4,"arahy.Tifrunner.gnm2.ann2.Ah04g262600",3.809667,1.2937638,0.000139154057885931,0.0231198880700698,4,1.2937638,0.0231198880700698,"arahy.Tifrunner.gnm2.ann2.Ah04g262600"
182257,4,"arahy.Tifrunner.gnm2.ann2.Ah02g082900",3.7768507,0.9974404,0.000158823886046178,0.0261021609688311,4,0.9974404,0.0261021609688311,"arahy.Tifrunner.gnm2.ann2.Ah02g082900"
182258,4,"arahy.Tifrunner.gnm2.ann2.Ah19g228100",3.7653298,1.1415347,0.000166329341731229,0.0271397023404031,4,1.1415347,0.0271397023404031,"arahy.Tifrunner.gnm2.ann2.Ah19g228100"
182259,4,"STRG.2472",3.7611217,1.4811445,0.000169153054297201,0.0274577887244136,4,1.4811445,0.0274577887244136,"STRG.2472"
182260,4,"arahy.Tifrunner.gnm2.ann2.Ah17g095100",3.7606313,0.8446542,0.000169485076697131,0.0274577887244136,4,0.8446542,0.0274577887244136,"arahy.Tifrunner.gnm2.ann2.Ah17g095100"
182261,4,"arahy.Tifrunner.gnm2.ann2.Ah03g094300",3.7554471,1.7424799,0.000173032239856779,0.027933048536312,4,1.7424799,0.027933048536312,"arahy.Tifrunner.gnm2.ann2.Ah03g094300"
182262,4,"STRG.920",3.7421951,2.3715398,0.000182419806021049,0.0293444496441776,4,2.3715398,0.0293444496441776,"STRG.920"
182263,4,"arahy.Tifrunner.gnm2.ann2.Ah18g304800",3.7184472,1.4628294,0.000200451150901429,0.0320187305039882,4,1.4628294,0.0320187305039882,"arahy.Tifrunner.gnm2.ann2.Ah18g304800"
182264,4,"arahy.Tifrunner.gnm2.ann2.Ah05g402500",3.7111835,0.9440227,0.000206292414806794,0.0327072428681401,4,0.9440227,0.0327072428681401,"arahy.Tifrunner.gnm2.ann2.Ah05g402500"
182265,4,"STRG.1881",3.7104185,1.6344459,0.000206916921756092,0.0327072428681401,4,1.6344459,0.0327072428681401,"STRG.1881"
182266,4,"STRG.3832",3.7080398,1.3197508,0.00020886985909684,0.0329017005727492,4,1.3197508,0.0329017005727492,"STRG.3832"
182267,4,"arahy.Tifrunner.gnm2.ann2.Ah09g380300",3.6676705,2.1531684,0.000244770447101119,0.0384238959787288,4,2.1531684,0.0384238959787288,"arahy.Tifrunner.gnm2.ann2.Ah09g380300"
182268,4,"STRG.1962",3.649298,1.5756756,0.000262958009025842,0.0408563153682336,4,1.5756756,0.0408563153682336,"STRG.1962"
182269,4,"arahy.Tifrunner.gnm2.ann2.Ah03g591200",3.6217687,1.878187,0.000292595740314354,0.0451529779053242,4,1.878187,0.0451529779053242,"arahy.Tifrunner.gnm2.ann2.Ah03g591200"
182270,4,"STRG.6439",3.5976825,0.81325597,0.000321065359428732,0.0492127253287326,4,0.81325597,0.0492127253287326,"STRG.6439"
227498,4,"arahy.Tifrunner.gnm2.ann2.Ah0g033200",-3.608394,-0.13471766,0.000308098437155596,0.0473847069360519,4,-0.13471766,0.0473847069360519,"arahy.Tifrunner.gnm2.ann2.Ah0g033200"
227499,4,"arahy.Tifrunner.gnm2.ann2.Ah17g482000",-3.6392682,-0.90939236,0.000273414032729615,0.0423363960067449,4,-0.90939236,0.0423363960067449,"arahy.Tifrunner.gnm2.ann2.Ah17g482000"
227500,4,"arahy.Tifrunner.gnm2.ann2.Ah01g013100",-3.6560514,-1.8700563,0.000256129934379218,0.0399317093584914,4,-1.8700563,0.0399317093584914,"arahy.Tifrunner.gnm2.ann2.Ah01g013100"
227501,4,"STRG.1454",-3.6647277,-1.6227024,0.00024760192717,0.0387348114518457,4,-1.6227024,0.0387348114518457,"STRG.1454"
227502,4,"arahy.Tifrunner.gnm2.ann2.Ah19g376300",-3.71162,-1.8997477,0.000205936919179038,0.0327072428681401,4,-1.8997477,0.0327072428681401,"arahy.Tifrunner.gnm2.ann2.Ah19g376300"
227503,4,"arahy.Tifrunner.gnm2.ann2.Ah08g267500",-3.7404344,-1.8111317,0.000183702521316614,0.0294467379592167,4,-1.8111317,0.0294467379592167,"arahy.Tifrunner.gnm2.ann2.Ah08g267500"
227504,4,"STRG.4258",-3.7696705,-0.25606248,0.000163463269997421,0.0267679924581388,4,-0.25606248,0.0267679924581388,"STRG.4258"
227505,4,"arahy.Tifrunner.gnm2.ann2.Ah13g517000",-3.7886705,-1.3243456,0.000151455539039498,0.0249813839102686,4,-1.3243456,0.0249813839102686,"arahy.Tifrunner.gnm2.ann2.Ah13g517000"
227506,4,"arahy.Tifrunner.gnm2.ann2.Ah17g260500",-3.7903235,-0.10777286,0.000150451216282572,0.024905967891083,4,-0.10777286,0.024905967891083,"arahy.Tifrunner.gnm2.ann2.Ah17g260500"
227507,4,"STRG.3194",-3.8136153,-2.0866196,0.000136948633399533,0.0228368116735543,4,-2.0866196,0.0228368116735543,"STRG.3194"
227508,4,"arahy.Tifrunner.gnm2.ann2.Ah01g247000",-3.8713467,-0.3455838,0.000108235701693643,0.0184543898273461,4,-0.3455838,0.0184543898273461,"arahy.Tifrunner.gnm2.ann2.Ah01g247000"
227509,4,"arahy.Tifrunner.gnm2.ann2.Ah09g327600",-3.8749712,-1.8578997,0.000106637309260123,0.0183024798528981,4,-1.8578997,0.0183024798528981,"arahy.Tifrunner.gnm2.ann2.Ah09g327600"
227510,4,"arahy.Tifrunner.gnm2.ann2.Ah03g326000",-3.8987339,-1.568506,9.66970182874253e-05,0.0167377758955009,4,-1.568506,0.0167377758955009,"arahy.Tifrunner.gnm2.ann2.Ah03g326000"
227511,4,"STRG.3394",-3.9774861,-0.47557995,6.96476599685011e-05,0.012289302606225,4,-0.47557995,0.012289302606225,"STRG.3394"
227512,4,"arahy.Tifrunner.gnm2.ann2.Ah04g152300",-4.0022197,-0.34694707,6.27509394924045e-05,0.0111154621379464,4,-0.34694707,0.0111154621379464,"arahy.Tifrunner.gnm2.ann2.Ah04g152300"
227513,4,"arahy.Tifrunner.gnm2.ann2.Ah13g380800",-4.0337563,-1.603435,5.48922772835241e-05,0.0097996707100202,4,-1.603435,0.0097996707100202,"arahy.Tifrunner.gnm2.ann2.Ah13g380800"
227514,4,"STRG.100",-4.045483,-1.0369515,5.22153633072669e-05,0.00935847322519692,4,-1.0369515,0.00935847322519692,"STRG.100"
227515,4,"STRG.4331",-4.067794,-1.2981292,4.74603532051093e-05,0.0086079088418701,4,-1.2981292,0.0086079088418701,"STRG.4331"
227516,4,"arahy.Tifrunner.gnm2.ann2.Ah20g132400",-4.1091733,-2.253519,3.97077653590633e-05,0.00725966389640963,4,-2.253519,0.00725966389640963,"arahy.Tifrunner.gnm2.ann2.Ah20g132400"
227517,4,"arahy.Tifrunner.gnm2.ann2.Ah16g516300",-4.1121063,-2.0835407,3.92065458037633e-05,0.00719693060955854,4,-2.0835407,0.00719693060955854,"arahy.Tifrunner.gnm2.ann2.Ah16g516300"
227518,4,"arahy.Tifrunner.gnm2.ann2.Ah04g064900",-4.126663,-2.4380329,3.68064898464232e-05,0.00683909650517783,4,-2.4380329,0.00683909650517783,"arahy.Tifrunner.gnm2.ann2.Ah04g064900"
227519,4,"arahy.Tifrunner.gnm2.ann2.Ah13g256600",-4.1756697,-2.193539,2.97110963670956e-05,0.00556612325520848,4,-2.193539,0.00556612325520848,"arahy.Tifrunner.gnm2.ann2.Ah13g256600"
227520,4,"arahy.Tifrunner.gnm2.ann2.Ah03g031500",-4.175807,-1.5589297,2.96931759921237e-05,0.00556612325520848,4,-1.5589297,0.00556612325520848,"arahy.Tifrunner.gnm2.ann2.Ah03g031500"
227521,4,"arahy.Tifrunner.gnm2.ann2.Ah15g235200",-4.217201,-0.38097617,2.47353211776577e-05,0.0046918781720487,4,-0.38097617,0.0046918781720487,"arahy.Tifrunner.gnm2.ann2.Ah15g235200"
227522,4,"STRG.3916",-4.2680025,-1.7172285,1.97231008945164e-05,0.00380455273356765,4,-1.7172285,0.00380455273356765,"STRG.3916"
227523,4,"STRG.4259",-4.268807,-0.41147074,1.96521239265108e-05,0.00380455273356765,4,-0.41147074,0.00380455273356765,"STRG.4259"
227524,4,"arahy.Tifrunner.gnm2.ann2.Ah06g157000",-4.29693,-0.6798912,1.73180095869499e-05,0.00336916695912953,4,-0.6798912,0.00336916695912953,"arahy.Tifrunner.gnm2.ann2.Ah06g157000"
227525,4,"STRG.561",-4.3384566,-2.2494051,1.43486840487206e-05,0.0028546078641897,4,-2.2494051,0.0028546078641897,"STRG.561"
227526,4,"arahy.Tifrunner.gnm2.ann2.Ah13g051400",-4.350409,-1.3931514,1.35883865883338e-05,0.00272510004866655,4,-1.3931514,0.00272510004866655,"arahy.Tifrunner.gnm2.ann2.Ah13g051400"
227527,4,"arahy.Tifrunner.gnm2.ann2.Ah03g031400",-4.3966146,-1.018821,1.09952234663599e-05,0.00224460337705187,4,-1.018821,0.00224460337705187,"arahy.Tifrunner.gnm2.ann2.Ah03g031400"
227528,4,"STRG.1416",-4.401534,-1.830514,1.07488201278998e-05,0.00220418597974103,4,-1.830514,0.00220418597974103,"STRG.1416"
227529,4,"arahy.Tifrunner.gnm2.ann2.Ah17g301300",-4.4157915,-0.33862835,1.00641018639447e-05,0.00207311390612769,4,-0.33862835,0.00207311390612769,"arahy.Tifrunner.gnm2.ann2.Ah17g301300"
227530,4,"arahy.Tifrunner.gnm2.ann2.Ah19g300100",-4.439466,-0.14802407,9.01824156215915e-06,0.00186612013125333,4,-0.14802407,0.00186612013125333,"arahy.Tifrunner.gnm2.ann2.Ah19g300100"
227531,4,"arahy.Tifrunner.gnm2.ann2.Ah01g246600",-4.4719634,-0.2717348,7.75046771854125e-06,0.00161849675421501,4,-0.2717348,0.00161849675421501,"arahy.Tifrunner.gnm2.ann2.Ah01g246600"
227532,4,"arahy.Tifrunner.gnm2.ann2.Ah03g393200",-4.501273,-0.13337328,6.75476580784286e-06,0.00141706893380755,4,-0.13337328,0.00141706893380755,"arahy.Tifrunner.gnm2.ann2.Ah03g393200"
227533,4,"arahy.Tifrunner.gnm2.ann2.Ah16g037700",-4.547734,-1.7641906,5.42266336710563e-06,0.00115355760338372,4,-1.7641906,0.00115355760338372,"arahy.Tifrunner.gnm2.ann2.Ah16g037700"
227534,4,"STRG.4844",-4.5869946,-1.3769208,4.4967170196511e-06,0.000970182680581026,4,-1.3769208,0.000970182680581026,"STRG.4844"
227535,4,"arahy.Tifrunner.gnm2.ann2.Ah19g512300",-4.62321,-1.9067767,3.77846644010972e-06,0.000826975510670937,4,-1.9067767,0.000826975510670937,"arahy.Tifrunner.gnm2.ann2.Ah19g512300"
227536,4,"arahy.Tifrunner.gnm2.ann2.Ah03g486200",-4.6340003,-1.5659187,3.58666756420939e-06,0.000792618709675089,4,-1.5659187,0.000792618709675089,"arahy.Tifrunner.gnm2.ann2.Ah03g486200"
227537,4,"arahy.Tifrunner.gnm2.ann2.Ah09g404400",-4.6414895,-1.9292411,3.45906783115676e-06,0.000768149287539416,4,-1.9292411,0.000768149287539416,"arahy.Tifrunner.gnm2.ann2.Ah09g404400"
227538,4,"arahy.Tifrunner.gnm2.ann2.Ah09g220200",-4.6600285,-1.1361842,3.16165435330244e-06,0.000712530459305644,4,-1.1361842,0.000712530459305644,"arahy.Tifrunner.gnm2.ann2.Ah09g220200"
227539,4,"arahy.Tifrunner.gnm2.ann2.Ah07g188600",-4.6649528,-0.27144495,3.08687911444064e-06,0.000699139725401968,4,-0.27144495,0.000699139725401968,"arahy.Tifrunner.gnm2.ann2.Ah07g188600"
227540,4,"arahy.Tifrunner.gnm2.ann2.Ah14g062700",-4.688941,-0.9825206,2.74622598484904e-06,0.000631410059263979,4,-0.9825206,0.000631410059263979,"arahy.Tifrunner.gnm2.ann2.Ah14g062700"
227541,4,"arahy.Tifrunner.gnm2.ann2.Ah20g419300",-4.6984115,-2.1377482,2.62192554690546e-06,0.000605891058869667,4,-2.1377482,0.000605891058869667,"arahy.Tifrunner.gnm2.ann2.Ah20g419300"
227542,4,"arahy.Tifrunner.gnm2.ann2.Ah14g066500",-4.775075,-1.4644123,1.79640509144198e-06,0.000423728214418677,4,-1.4644123,0.000423728214418677,"arahy.Tifrunner.gnm2.ann2.Ah14g066500"
227543,4,"arahy.Tifrunner.gnm2.ann2.Ah19g519200",-4.8184066,-1.9737366,1.44709311282814e-06,0.000343111806606189,4,-1.9737366,0.000343111806606189,"arahy.Tifrunner.gnm2.ann2.Ah19g519200"
227544,4,"STRG.2766",-4.8613753,-0.95559216,1.16573001205589e-06,0.000282280282281023,4,-0.95559216,0.000282280282281023,"STRG.2766"
227545,4,"arahy.Tifrunner.gnm2.ann2.Ah09g409800",-4.94078,-1.6829512,7.78106440021706e-07,0.000193565669811738,4,-1.6829512,0.000193565669811738,"arahy.Tifrunner.gnm2.ann2.Ah09g409800"
227546,4,"arahy.Tifrunner.gnm2.ann2.Ah19g291900",-4.9473815,-1.2013065,7.52184342076422e-07,0.000188396602765268,4,-1.2013065,0.000188396602765268,"arahy.Tifrunner.gnm2.ann2.Ah19g291900"
227547,4,"STRG.5769",-4.9620414,-2.2312398,6.97561585429671e-07,0.000176421075639446,4,-2.2312398,0.000176421075639446,"STRG.5769"
227548,4,"STRG.2561",-4.974146,-1.4984452,6.5535992183475e-07,0.000167610140907894,4,-1.4984452,0.000167610140907894,"STRG.2561"
227549,4,"arahy.Tifrunner.gnm2.ann2.Ah19g563700",-5.0003705,-0.39975002,5.72202814380065e-07,0.000148851205267646,4,-0.39975002,0.000148851205267646,"arahy.Tifrunner.gnm2.ann2.Ah19g563700"
227550,4,"arahy.Tifrunner.gnm2.ann2.Ah17g352100",-5.042854,-1.8839809,4.58640030829932e-07,0.000119994992893689,4,-1.8839809,0.000119994992893689,"arahy.Tifrunner.gnm2.ann2.Ah17g352100"
227551,4,"arahy.Tifrunner.gnm2.ann2.Ah10g190500",-5.0601225,-0.35431445,4.18987010410072e-07,0.000110895143383187,4,-0.35431445,0.000110895143383187,"arahy.Tifrunner.gnm2.ann2.Ah10g190500"
227552,4,"arahy.Tifrunner.gnm2.ann2.Ah08g021700",-5.0751157,-2.219843,3.87260056869834e-07,0.000103703687229073,4,-2.219843,0.000103703687229073,"arahy.Tifrunner.gnm2.ann2.Ah08g021700"
227553,4,"arahy.Tifrunner.gnm2.ann2.Ah16g303900",-5.1290364,-0.519305,2.91228891139338e-07,7.8916095477543e-05,4,-0.519305,7.8916095477543e-05,"arahy.Tifrunner.gnm2.ann2.Ah16g303900"
227554,4,"arahy.Tifrunner.gnm2.ann2.Ah10g200200",-5.1923103,-0.31287494,2.07700616601665e-07,5.76546516474038e-05,4,-0.31287494,5.76546516474038e-05,"arahy.Tifrunner.gnm2.ann2.Ah10g200200"
227555,4,"arahy.Tifrunner.gnm2.ann2.Ah10g201100",-5.2336555,-0.38799843,1.66190019899981e-07,4.64149353737836e-05,4,-0.38799843,4.64149353737836e-05,"arahy.Tifrunner.gnm2.ann2.Ah10g201100"
227556,4,"arahy.Tifrunner.gnm2.ann2.Ah03g120500",-5.245642,-2.157174,1.55738811859874e-07,4.43115854444308e-05,4,-2.157174,4.43115854444308e-05,"arahy.Tifrunner.gnm2.ann2.Ah03g120500"
227557,4,"arahy.Tifrunner.gnm2.ann2.Ah20g520900",-5.279763,-0.34416205,1.29350893947462e-07,3.72694309877484e-05,4,-0.34416205,3.72694309877484e-05,"arahy.Tifrunner.gnm2.ann2.Ah20g520900"
227558,4,"arahy.Tifrunner.gnm2.ann2.Ah15g171100",-5.2912107,-2.047401,1.21509408158921e-07,3.52330846944377e-05,4,-2.047401,3.52330846944377e-05,"arahy.Tifrunner.gnm2.ann2.Ah15g171100"
227559,4,"arahy.Tifrunner.gnm2.ann2.Ah14g403700",-5.2969,-1.5960996,1.17785290087194e-07,3.43721637559579e-05,4,-1.5960996,3.43721637559579e-05,"arahy.Tifrunner.gnm2.ann2.Ah14g403700"
227560,4,"arahy.Tifrunner.gnm2.ann2.Ah10g199200",-5.3025155,-0.31433433,1.14217761019374e-07,3.35461248557806e-05,4,-0.31433433,3.35461248557806e-05,"arahy.Tifrunner.gnm2.ann2.Ah10g199200"
227561,4,"arahy.Tifrunner.gnm2.ann2.Ah17g259000",-5.33388,-0.34703532,9.6135995806743e-08,2.84187991760141e-05,4,-0.34703532,2.84187991760141e-05,"arahy.Tifrunner.gnm2.ann2.Ah17g259000"
227562,4,"arahy.Tifrunner.gnm2.ann2.Ah17g300600",-5.3786244,-0.26693144,7.50571150336249e-08,2.23326804234689e-05,4,-0.26693144,2.23326804234689e-05,"arahy.Tifrunner.gnm2.ann2.Ah17g300600"
227563,4,"arahy.Tifrunner.gnm2.ann2.Ah17g300100",-5.389017,-0.39281464,7.08440485439308e-08,2.12177925389073e-05,4,-0.39281464,2.12177925389073e-05,"arahy.Tifrunner.gnm2.ann2.Ah17g300100"
227564,4,"arahy.Tifrunner.gnm2.ann2.Ah10g327300",-5.3909693,-2.4950128,7.00787033602148e-08,2.11275688196716e-05,4,-2.4950128,2.11275688196716e-05,"arahy.Tifrunner.gnm2.ann2.Ah10g327300"
227565,4,"arahy.Tifrunner.gnm2.ann2.Ah11g257800",-5.3994784,-0.49424613,6.6834870699316e-08,2.02839376914377e-05,4,-0.49424613,2.02839376914377e-05,"arahy.Tifrunner.gnm2.ann2.Ah11g257800"
227566,4,"arahy.Tifrunner.gnm2.ann2.Ah03g031700",-5.538459,-1.5422331,3.05144775518755e-08,9.44993929300394e-06,4,-1.5422331,9.44993929300394e-06,"arahy.Tifrunner.gnm2.ann2.Ah03g031700"
227567,4,"STRG.409",-5.562506,-1.4614006,2.6592793428625e-08,8.29185156195016e-06,4,-1.4614006,8.29185156195016e-06,"STRG.409"
227568,4,"arahy.Tifrunner.gnm2.ann2.Ah17g203300",-5.5634527,-2.478186,2.64488808863526e-08,8.29185156195016e-06,4,-2.478186,8.29185156195016e-06,"arahy.Tifrunner.gnm2.ann2.Ah17g203300"
227569,4,"STRG.330",-5.593851,-1.1746645,2.22087594253503e-08,7.07015079775977e-06,4,-1.1746645,7.07015079775977e-06,"STRG.330"
227570,4,"STRG.719",-5.6466975,-1.7737516,1.63559191659651e-08,5.2435694655732e-06,4,-1.7737516,5.2435694655732e-06,"STRG.719"
227571,4,"arahy.Tifrunner.gnm2.ann2.Ah13g400400",-5.6566978,-0.4128778,1.54312985330261e-08,5.01781738869628e-06,4,-0.4128778,5.01781738869628e-06,"arahy.Tifrunner.gnm2.ann2.Ah13g400400"
227572,4,"arahy.Tifrunner.gnm2.ann2.Ah14g495900",-5.750066,-2.0666976,8.9208638490577e-09,3.03069705869032e-06,4,-2.0666976,3.03069705869032e-06,"arahy.Tifrunner.gnm2.ann2.Ah14g495900"
227573,4,"arahy.Tifrunner.gnm2.ann2.Ah18g058000",-5.7658587,-1.7285829,8.12431421693444e-09,2.78083669482499e-06,4,-1.7285829,2.78083669482499e-06,"arahy.Tifrunner.gnm2.ann2.Ah18g058000"
227574,4,"STRG.3538",-5.821035,-1.6161807,5.84843645510691e-09,2.06390869133556e-06,4,-1.6161807,2.06390869133556e-06,"STRG.3538"
227575,4,"arahy.Tifrunner.gnm2.ann2.Ah04g425900",-5.9479403,-1.4898744,2.71537699838264e-09,9.73345058853318e-07,4,-1.4898744,9.73345058853318e-07,"arahy.Tifrunner.gnm2.ann2.Ah04g425900"
227576,4,"arahy.Tifrunner.gnm2.ann2.Ah16g226800",-5.982856,-0.31112254,2.19258923176808e-09,8.0238107615535e-07,4,-0.31112254,8.0238107615535e-07,"arahy.Tifrunner.gnm2.ann2.Ah16g226800"
227577,4,"arahy.Tifrunner.gnm2.ann2.Ah07g188100",-5.992503,-0.23111823,2.06635599196001e-09,7.71055657196618e-07,4,-0.23111823,7.71055657196618e-07,"arahy.Tifrunner.gnm2.ann2.Ah07g188100"
227578,4,"STRG.1034",-6.0581503,-0.37141204,1.37695548194604e-09,5.26760683698417e-07,4,-0.37141204,5.26760683698417e-07,"STRG.1034"
227579,4,"arahy.Tifrunner.gnm2.ann2.Ah12g106400",-6.106406,-0.36650145,1.01899345421945e-09,3.93124220422765e-07,4,-0.36650145,3.93124220422765e-07,"arahy.Tifrunner.gnm2.ann2.Ah12g106400"
227580,4,"STRG.4756",-6.224459,-1.6775703,4.83220351170973e-10,1.89638993678512e-07,4,-1.6775703,1.89638993678512e-07,"STRG.4756"
227581,4,"arahy.Tifrunner.gnm2.ann2.Ah12g166200",-6.23649,-1.1208985,4.47498143453468e-10,1.77402546537473e-07,4,-1.1208985,1.77402546537473e-07,"arahy.Tifrunner.gnm2.ann2.Ah12g166200"
227582,4,"arahy.Tifrunner.gnm2.ann2.Ah14g403600",-6.252704,-1.6202891,4.03405309860527e-10,1.62518790496377e-07,4,-1.6202891,1.62518790496377e-07,"arahy.Tifrunner.gnm2.ann2.Ah14g403600"
227583,4,"arahy.Tifrunner.gnm2.ann2.Ah13g051300",-6.2965317,-1.4774996,3.0437948929677e-10,1.25968835188601e-07,4,-1.4774996,1.25968835188601e-07,"arahy.Tifrunner.gnm2.ann2.Ah13g051300"
227584,4,"arahy.Tifrunner.gnm2.ann2.Ah08g177500",-6.3136926,-2.0490165,2.72455015928058e-10,1.13791212340449e-07,4,-2.0490165,1.13791212340449e-07,"arahy.Tifrunner.gnm2.ann2.Ah08g177500"
227585,4,"arahy.Tifrunner.gnm2.ann2.Ah19g485300",-6.420298,-0.9707192,1.36007901974179e-10,5.7865642331519e-08,4,-0.9707192,5.7865642331519e-08,"arahy.Tifrunner.gnm2.ann2.Ah19g485300"
227586,4,"arahy.Tifrunner.gnm2.ann2.Ah10g092000",-6.476911,-2.400946,9.36192485400303e-11,4.02068176465692e-08,4,-2.400946,4.02068176465692e-08,"arahy.Tifrunner.gnm2.ann2.Ah10g092000"
227587,4,"arahy.Tifrunner.gnm2.ann2.Ah06g385700",-6.5074077,-1.6528356,7.64586860343289e-11,3.31495735526361e-08,4,-1.6528356,3.31495735526361e-08,"arahy.Tifrunner.gnm2.ann2.Ah06g385700"
227588,4,"arahy.Tifrunner.gnm2.ann2.Ah02g197000",-6.5153384,-0.37046757,7.25259697316029e-11,3.1746848519822e-08,4,-0.37046757,3.1746848519822e-08,"arahy.Tifrunner.gnm2.ann2.Ah02g197000"
227589,4,"arahy.Tifrunner.gnm2.ann2.Ah16g477300",-6.5422645,-1.6644379,6.05942502284866e-11,2.73118083901151e-08,4,-1.6644379,2.73118083901151e-08,"arahy.Tifrunner.gnm2.ann2.Ah16g477300"
227590,4,"STRG.231",-6.662519,-1.3788749,2.69173170052036e-11,1.25039177484172e-08,4,-1.3788749,1.25039177484172e-08,"STRG.231"
227591,4,"arahy.Tifrunner.gnm2.ann2.Ah04g104700",-6.771175,-1.7609041,1.27740914101621e-11,6.25298642318517e-09,4,-1.7609041,6.25298642318517e-09,"arahy.Tifrunner.gnm2.ann2.Ah04g104700"
227592,4,"arahy.Tifrunner.gnm2.ann2.Ah17g302000",-6.9575233,-0.45972374,3.4630678066389e-12,1.8547376332874e-09,4,-0.45972374,1.8547376332874e-09,"arahy.Tifrunner.gnm2.ann2.Ah17g302000"
227593,4,"arahy.Tifrunner.gnm2.ann2.Ah10g200900",-7.126775,-0.3784569,1.02748178230107e-12,5.56846198303259e-10,4,-0.3784569,5.56846198303259e-10,"arahy.Tifrunner.gnm2.ann2.Ah10g200900"
227594,4,"arahy.Tifrunner.gnm2.ann2.Ah13g051500",-7.202648,-1.4427757,5.90542785723012e-13,3.27852070454322e-10,4,-1.4427757,3.27852070454322e-10,"arahy.Tifrunner.gnm2.ann2.Ah13g051500"
227595,4,"arahy.Tifrunner.gnm2.ann2.Ah01g244400",-7.217754,-0.41574606,5.28531958865366e-13,2.9704801105416e-10,4,-0.41574606,2.9704801105416e-10,"arahy.Tifrunner.gnm2.ann2.Ah01g244400"
227596,4,"arahy.Tifrunner.gnm2.ann2.Ah18g353800",-7.31071,-0.39009282,2.65734336364815e-13,1.53130252261669e-10,4,-0.39009282,1.53130252261669e-10,"arahy.Tifrunner.gnm2.ann2.Ah18g353800"
227597,4,"arahy.Tifrunner.gnm2.ann2.Ah01g239800",-7.4398518,-0.41800174,1.00798229345395e-13,5.95940076976595e-11,4,-0.41800174,5.95940076976595e-11,"arahy.Tifrunner.gnm2.ann2.Ah01g239800"
227598,4,"STRG.687",-7.5141315,-1.3941633,5.7290020378527e-14,3.52442011852981e-11,4,-1.3941633,3.52442011852981e-11,"STRG.687"
227599,4,"arahy.Tifrunner.gnm2.ann2.Ah02g197100",-7.5411606,-0.2938498,4.65807726539928e-14,2.98668041450756e-11,4,-0.2938498,2.98668041450756e-11,"arahy.Tifrunner.gnm2.ann2.Ah02g197100"
227600,4,"arahy.Tifrunner.gnm2.ann2.Ah04g350700",-7.5536227,-1.5964159,4.23314751751557e-14,2.79289576213592e-11,4,-1.5964159,2.79289576213592e-11,"arahy.Tifrunner.gnm2.ann2.Ah04g350700"
227601,4,"arahy.Tifrunner.gnm2.ann2.Ah14g119300",-7.6753,-1.624326,1.6503197812873e-14,1.10484055475475e-11,4,-1.624326,1.10484055475475e-11,"arahy.Tifrunner.gnm2.ann2.Ah14g119300"
227602,4,"arahy.Tifrunner.gnm2.ann2.Ah10g030800",-7.6969438,-1.9877841,1.3935916828232e-14,9.46893548788709e-12,4,-1.9877841,9.46893548788709e-12,"arahy.Tifrunner.gnm2.ann2.Ah10g030800"
227603,4,"arahy.Tifrunner.gnm2.ann2.Ah20g052000",-7.7636065,-1.7519928,8.25477463355179e-15,5.69379333966381e-12,4,-1.7519928,5.69379333966381e-12,"arahy.Tifrunner.gnm2.ann2.Ah20g052000"
227604,4,"arahy.Tifrunner.gnm2.ann2.Ah06g147500",-7.94354,-0.8393964,1.96491439661529e-15,1.41985338081769e-12,4,-0.8393964,1.41985338081769e-12,"arahy.Tifrunner.gnm2.ann2.Ah06g147500"
227605,4,"arahy.Tifrunner.gnm2.ann2.Ah02g092500",-8.044485,-0.75921184,8.6608544215061e-16,6.35930220459103e-13,4,-0.75921184,6.35930220459103e-13,"arahy.Tifrunner.gnm2.ann2.Ah02g092500"
227606,4,"arahy.Tifrunner.gnm2.ann2.Ah01g245200",-8.131001,-0.58954144,4.25756995672062e-16,3.23036024516249e-13,4,-0.58954144,3.23036024516249e-13,"arahy.Tifrunner.gnm2.ann2.Ah01g245200"
227607,4,"arahy.Tifrunner.gnm2.ann2.Ah10g201700",-8.342839,-0.5560659,7.25276677012321e-17,5.79254306040507e-14,4,-0.5560659,5.79254306040507e-14,"arahy.Tifrunner.gnm2.ann2.Ah10g201700"
227608,4,"arahy.Tifrunner.gnm2.ann2.Ah11g485700",-8.359687,-1.8644341,6.28851430117622e-17,5.20506045539538e-14,4,-1.8644341,5.20506045539538e-14,"arahy.Tifrunner.gnm2.ann2.Ah11g485700"
227609,4,"arahy.Tifrunner.gnm2.ann2.Ah06g310100",-8.803019,-1.438156,1.33183965852292e-18,1.16597439643457e-15,4,-1.438156,1.16597439643457e-15,"arahy.Tifrunner.gnm2.ann2.Ah06g310100"
227610,4,"arahy.Tifrunner.gnm2.ann2.Ah17g130900",-9.07814,-1.440197,1.10445993741312e-19,1.04748821230822e-16,4,-1.440197,1.04748821230822e-16,"arahy.Tifrunner.gnm2.ann2.Ah17g130900"
227611,4,"STRG.192",-9.373085,-0.9187012,7.04426767267748e-21,6.97137481589064e-18,4,-0.9187012,6.97137481589064e-18,"STRG.192"
227612,4,"arahy.Tifrunner.gnm2.ann2.Ah07g120100",-9.800748,-1.1693494,1.11755248735908e-22,1.27188648586336e-19,4,-1.1693494,1.27188648586336e-19,"arahy.Tifrunner.gnm2.ann2.Ah07g120100"
227613,4,"arahy.Tifrunner.gnm2.ann2.Ah17g200800",-10.314142,-1.8505142,6.08222191649446e-25,7.69130751462483e-22,4,-1.8505142,7.69130751462483e-22,"arahy.Tifrunner.gnm2.ann2.Ah17g200800"
227614,4,"STRG.2911",-10.811307,-1.0164325,3.04303889113134e-27,4.07445007293715e-24,4,-1.0164325,4.07445007293715e-24,"STRG.2911"
227615,4,"STRG.4806",-11.312513,-1.1641363,1.13783095688303e-29,1.72662054937143e-26,4,-1.1641363,1.72662054937143e-26,"STRG.4806"
227616,4,"arahy.Tifrunner.gnm2.ann2.Ah06g130300",-11.373438,-1.2992358,5.67093728047118e-30,8.90219823297138e-27,4,-1.2992358,8.90219823297138e-27,"arahy.Tifrunner.gnm2.ann2.Ah06g130300"
227617,4,"STRG.4445",-11.793032,-1.2097284,4.23996956682965e-32,7.14890276149456e-29,4,-1.2097284,7.14890276149456e-29,"STRG.4445"
227618,4,"arahy.Tifrunner.gnm2.ann2.Ah18g045800",-12.152634,-1.7879969,5.55467633049864e-34,1.05362952195675e-30,4,-1.7879969,1.05362952195675e-30,"arahy.Tifrunner.gnm2.ann2.Ah18g045800"
227619,4,"arahy.Tifrunner.gnm2.ann2.Ah08g165700",-13.085902,-1.7474114,3.96425691154576e-39,7.84647094092215e-36,4,-1.7474114,7.84647094092215e-36,"arahy.Tifrunner.gnm2.ann2.Ah08g165700"
227620,5,"arahy.Tifrunner.gnm2.ann2.Ah03g215500",30.798111,4.6376705,2.77755203783951e-208,1.26445278970606e-203,5,4.6376705,1.26445278970606e-203,"arahy.Tifrunner.gnm2.ann2.Ah03g215500"
227621,5,"arahy.Tifrunner.gnm2.ann2.Ah16g516300",29.310293,4.2601156,7.66813149236295e-189,1.74542009029165e-184,5,4.2601156,1.74542009029165e-184,"arahy.Tifrunner.gnm2.ann2.Ah16g516300"
227622,5,"arahy.Tifrunner.gnm2.ann2.Ah02g237800",28.830101,4.8172245,9.00052852492545e-183,1.36580020189569e-178,5,4.8172245,1.36580020189569e-178,"arahy.Tifrunner.gnm2.ann2.Ah02g237800"
227623,5,"arahy.Tifrunner.gnm2.ann2.Ah06g436200",27.720694,4.55636,3.93214817218148e-169,4.47517783475974e-165,5,4.55636,4.47517783475974e-165,"arahy.Tifrunner.gnm2.ann2.Ah06g436200"
227624,5,"arahy.Tifrunner.gnm2.ann2.Ah13g243500",25.959387,5.1459613,1.42465706796397e-148,1.29712176723983e-144,5,5.1459613,1.29712176723983e-144,"arahy.Tifrunner.gnm2.ann2.Ah13g243500"
227625,5,"STRG.4363",24.90338,4.4153495,6.83863629941399e-137,5.18870131490871e-133,5,4.4153495,5.18870131490871e-133,"STRG.4363"
227626,5,"STRG.4870",24.1385,4.4218874,9.86088285754268e-129,6.41295473152533e-125,5,4.4218874,6.41295473152533e-125,"STRG.4870"
227627,5,"STRG.5063",23.989897,3.9633281,3.54521939290783e-127,2.0174070955342e-123,5,3.9633281,2.0174070955342e-123,"STRG.5063"
227628,5,"arahy.Tifrunner.gnm2.ann2.Ah04g104700",22.674202,2.5084467,8.05273110472624e-114,4.07325034235064e-110,5,2.5084467,4.07325034235064e-110,"arahy.Tifrunner.gnm2.ann2.Ah04g104700"
227629,5,"arahy.Tifrunner.gnm2.ann2.Ah08g295000",22.3517,5.01711,1.1623167002099e-110,5.29133054603557e-107,5,5.01711,5.29133054603557e-107,"arahy.Tifrunner.gnm2.ann2.Ah08g295000"
227630,5,"arahy.Tifrunner.gnm2.ann2.Ah06g389500",22.10337,4.3406963,2.9333464623577e-108,1.21397876683974e-104,5,4.3406963,1.21397876683974e-104,"arahy.Tifrunner.gnm2.ann2.Ah06g389500"
227631,5,"STRG.4590",21.721195,5.728639,1.29366818753222e-104,4.90774588076808e-101,5,5.728639,4.90774588076808e-101,"STRG.4590"
227632,5,"STRG.1804",21.351593,3.2819204,3.76869346191152e-101,1.319738470462e-97,5,3.2819204,1.319738470462e-97,"STRG.1804"
227633,5,"arahy.Tifrunner.gnm2.ann2.Ah14g119300",21.215832,2.101331,6.82102723289483e-100,2.21800316964503e-96,5,2.101331,2.21800316964503e-96,"arahy.Tifrunner.gnm2.ann2.Ah14g119300"
227634,5,"STRG.2833",21.076792,5.599697,1.29897166307989e-98,3.94229239933658e-95,5,5.599697,3.94229239933658e-95,"STRG.2833"
227635,5,"arahy.Tifrunner.gnm2.ann2.Ah20g511800",20.593536,4.3949537,3.13625169217713e-94,8.92342012716698e-91,5,4.3949537,8.92342012716698e-91,"arahy.Tifrunner.gnm2.ann2.Ah20g511800"
227636,5,"arahy.Tifrunner.gnm2.ann2.Ah03g330800",20.351585,3.651073,4.49504004579378e-92,1.20371884143951e-88,5,3.651073,1.20371884143951e-88,"arahy.Tifrunner.gnm2.ann2.Ah03g330800"
227637,5,"arahy.Tifrunner.gnm2.ann2.Ah13g385600",20.169645,3.4806724,1.80933326994681e-90,4.57600487672548e-87,5,3.4806724,4.57600487672548e-87,"arahy.Tifrunner.gnm2.ann2.Ah13g385600"
227638,5,"arahy.Tifrunner.gnm2.ann2.Ah12g291200",20.051052,4.6333785,1.97624650964463e-89,4.73508663710854e-86,5,4.6333785,4.73508663710854e-86,"arahy.Tifrunner.gnm2.ann2.Ah12g291200"
227639,5,"arahy.Tifrunner.gnm2.ann2.Ah09g162300",19.483732,2.0189521,1.50871587670114e-84,3.43413907854713e-81,5,2.0189521,3.43413907854713e-81,"arahy.Tifrunner.gnm2.ann2.Ah09g162300"
227640,5,"arahy.Tifrunner.gnm2.ann2.Ah11g066900",18.857298,5.9092603,2.55972255935797e-79,5.54899094248629e-76,5,5.9092603,5.54899094248629e-76,"arahy.Tifrunner.gnm2.ann2.Ah11g066900"
227641,5,"arahy.Tifrunner.gnm2.ann2.Ah11g128300",18.60696,5.466922,2.82176335890433e-77,5.83899796139821e-74,5,5.466922,5.83899796139821e-74,"arahy.Tifrunner.gnm2.ann2.Ah11g128300"
227642,5,"arahy.Tifrunner.gnm2.ann2.Ah01g035600",18.467884,5.889298,3.7447664700938e-76,7.41203255585002e-73,5,5.889298,7.41203255585002e-73,"arahy.Tifrunner.gnm2.ann2.Ah01g035600"
227643,5,"STRG.5123",18.115643,4.5035477,2.39856404016374e-73,4.54967622351725e-70,5,4.5035477,4.54967622351725e-70,"STRG.5123"
227644,5,"arahy.Tifrunner.gnm2.ann2.Ah19g219300",17.834175,1.7263848,3.83675935399579e-71,6.98658531325218e-68,5,1.7263848,6.98658531325218e-68,"arahy.Tifrunner.gnm2.ann2.Ah19g219300"
227645,5,"STRG.885",17.378876,1.8123553,1.19268408844146e-67,2.08829809393111e-64,5,1.8123553,2.08829809393111e-64,"STRG.885"
227646,5,"arahy.Tifrunner.gnm2.ann2.Ah17g441500",16.394258,1.9615098,2.10189459472184e-60,3.54394998259694e-57,5,1.9615098,3.54394998259694e-57,"arahy.Tifrunner.gnm2.ann2.Ah17g441500"
227647,5,"STRG.356",15.834991,3.4422224,1.78483224330519e-56,2.90188225157948e-53,5,3.4422224,2.90188225157948e-53,"STRG.356"
227648,5,"STRG.3069",15.072384,5.0789886,2.4607107551124e-51,3.86280677295644e-48,5,5.0789886,3.86280677295644e-48,"STRG.3069"
227649,5,"STRG.5163",14.703814,3.967538,6.0929869356314e-49,9.24590457525613e-46,5,3.967538,9.24590457525613e-46,"STRG.5163"
227650,5,"arahy.Tifrunner.gnm2.ann2.Ah08g301700",14.0994,5.454783,3.83013301655508e-45,5.62461211115011e-42,5,5.454783,5.62461211115011e-42,"arahy.Tifrunner.gnm2.ann2.Ah08g301700"
227651,5,"arahy.Tifrunner.gnm2.ann2.Ah01g120600",13.959078,5.5567822,2.76996019177658e-44,3.94061461782616e-41,5,5.5567822,3.94061461782616e-41,"arahy.Tifrunner.gnm2.ann2.Ah01g120600"
227652,5,"arahy.Tifrunner.gnm2.ann2.Ah03g011800",13.682612,3.7985296,1.28973623709758e-42,1.77921068053425e-39,5,3.7985296,1.77921068053425e-39,"arahy.Tifrunner.gnm2.ann2.Ah03g011800"
227653,5,"arahy.Tifrunner.gnm2.ann2.Ah05g109800",13.659623,4.0679007,1.76897782102633e-42,2.36855724483537e-39,5,4.0679007,2.36855724483537e-39,"arahy.Tifrunner.gnm2.ann2.Ah05g109800"
227654,5,"arahy.Tifrunner.gnm2.ann2.Ah16g480700",13.635475,4.482987,2.46379277050503e-42,3.20462005955631e-39,5,4.482987,3.20462005955631e-39,"arahy.Tifrunner.gnm2.ann2.Ah16g480700"
227655,5,"arahy.Tifrunner.gnm2.ann2.Ah04g426000",13.387067,4.808054,7.1966914047033e-41,9.10061609743648e-38,5,4.808054,9.10061609743648e-38,"arahy.Tifrunner.gnm2.ann2.Ah04g426000"
227656,5,"arahy.Tifrunner.gnm2.ann2.Ah10g092000",13.290343,1.8532484,2.63367990292728e-40,3.24042280813139e-37,5,1.8532484,3.24042280813139e-37,"arahy.Tifrunner.gnm2.ann2.Ah10g092000"
227657,5,"STRG.4445",13.270214,0.8966817,3.44593647618971e-40,4.12823189847527e-37,5,0.8966817,4.12823189847527e-37,"STRG.4445"
227658,5,"arahy.Tifrunner.gnm2.ann2.Ah18g446700",13.159042,3.000287,1.50986803027801e-39,1.76244185154811e-36,5,3.000287,1.76244185154811e-36,"arahy.Tifrunner.gnm2.ann2.Ah18g446700"
227659,5,"arahy.Tifrunner.gnm2.ann2.Ah06g301900",12.982168,3.1962967,1.54444684071673e-38,1.75773494941971e-35,5,3.1962967,1.75773494941971e-35,"arahy.Tifrunner.gnm2.ann2.Ah06g301900"
227660,5,"arahy.Tifrunner.gnm2.ann2.Ah16g382700",12.848809,2.9940977,8.73440098272063e-38,9.69816756920424e-35,5,2.9940977,9.69816756920424e-35,"arahy.Tifrunner.gnm2.ann2.Ah16g382700"
227661,5,"arahy.Tifrunner.gnm2.ann2.Ah13g384000",12.711968,2.4946625,5.07406298494349e-37,5.49980103158494e-34,5,2.4946625,5.49980103158494e-34,"arahy.Tifrunner.gnm2.ann2.Ah13g384000"
227662,5,"arahy.Tifrunner.gnm2.ann2.Ah14g044900",12.706803,2.9102788,5.42050170982201e-37,5.73867255437063e-34,5,2.9102788,5.73867255437063e-34,"arahy.Tifrunner.gnm2.ann2.Ah14g044900"
227663,5,"arahy.Tifrunner.gnm2.ann2.Ah16g046300",11.890987,5.101842,1.31839218313824e-32,1.36405649420875e-29,5,5.101842,1.36405649420875e-29,"arahy.Tifrunner.gnm2.ann2.Ah16g046300"
227664,5,"STRG.630",11.741919,3.022307,7.77030477131249e-32,7.86078565353844e-29,5,3.022307,7.86078565353844e-29,"STRG.630"
227665,5,"arahy.Tifrunner.gnm2.ann2.Ah14g393600",11.664422,4.3231564,1.93714238126424e-31,1.91709716879724e-28,5,4.3231564,1.91709716879724e-28,"arahy.Tifrunner.gnm2.ann2.Ah14g393600"
227666,5,"arahy.Tifrunner.gnm2.ann2.Ah17g002400",11.630586,3.974868,2.88113722966484e-31,2.79065726049494e-28,5,3.974868,2.79065726049494e-28,"arahy.Tifrunner.gnm2.ann2.Ah17g002400"
227667,5,"STRG.2633",11.594487,6.0710473,4.39488383286941e-31,4.16818107515723e-28,5,6.0710473,4.16818107515723e-28,"STRG.2633"
227668,5,"arahy.Tifrunner.gnm2.ann2.Ah20g358100",11.523562,5.8104987,1.00373088462945e-30,9.32527444732065e-28,5,5.8104987,9.32527444732065e-28,"arahy.Tifrunner.gnm2.ann2.Ah20g358100"
227669,5,"arahy.Tifrunner.gnm2.ann2.Ah10g243100",11.494355,5.3277054,1.40829285893451e-30,1.28222248220269e-27,5,5.3277054,1.28222248220269e-27,"arahy.Tifrunner.gnm2.ann2.Ah10g243100"
227670,5,"arahy.Tifrunner.gnm2.ann2.Ah03g045200",11.4352665,2.9563286,2.78679637109682e-30,2.48757094113356e-27,5,2.9563286,2.48757094113356e-27,"arahy.Tifrunner.gnm2.ann2.Ah03g045200"
227671,5,"STRG.103",11.368731,4.831847,5.98518736083064e-30,5.23980133489335e-27,5,4.831847,5.23980133489335e-27,"STRG.103"
227672,5,"arahy.Tifrunner.gnm2.ann2.Ah04g371900",11.263297,6.256373,1.99165143995095e-29,1.7107158519307e-26,5,6.256373,1.7107158519307e-26,"arahy.Tifrunner.gnm2.ann2.Ah04g371900"
227673,5,"STRG.4891",11.228705,5.5810504,2.94766837966146e-29,2.48499361695756e-26,5,5.5810504,2.48499361695756e-26,"STRG.4891"
227674,5,"STRG.5120",11.197553,5.7097025,4.1915141820298e-29,3.46935439314045e-26,5,5.7097025,3.46935439314045e-26,"STRG.5120"
227675,5,"STRG.3635",11.048688,3.1932404,2.22441348405764e-28,1.80828927586143e-25,5,3.1932404,1.80828927586143e-25,"STRG.3635"
227676,5,"arahy.Tifrunner.gnm2.ann2.Ah15g111200",10.918967,3.5630143,9.35536703593658e-28,7.47181980603468e-25,5,3.5630143,7.47181980603468e-25,"arahy.Tifrunner.gnm2.ann2.Ah15g111200"
227677,5,"STRG.4806",10.838155,0.71691656,2.27002284048935e-27,1.78173309983512e-24,5,0.71691656,1.78173309983512e-24,"STRG.4806"
227678,5,"STRG.6391",10.262246,5.953602,1.0425293218221e-24,8.04408556722527e-22,5,5.953602,8.04408556722527e-22,"STRG.6391"
227679,5,"arahy.Tifrunner.gnm2.ann2.Ah17g047000",9.953191,4.7617226,2.44223795326061e-23,1.8530073430706e-20,5,4.7617226,1.8530073430706e-20,"arahy.Tifrunner.gnm2.ann2.Ah17g047000"
227680,5,"arahy.Tifrunner.gnm2.ann2.Ah03g329200",9.892617,2.3144388,4.48154700710052e-23,3.344556491004e-20,5,2.3144388,3.344556491004e-20,"arahy.Tifrunner.gnm2.ann2.Ah03g329200"
227681,5,"arahy.Tifrunner.gnm2.ann2.Ah18g446800",9.751106,3.781348,1.82468077191204e-22,1.33978657194393e-19,5,3.781348,1.33978657194393e-19,"arahy.Tifrunner.gnm2.ann2.Ah18g446800"
227682,5,"arahy.Tifrunner.gnm2.ann2.Ah10g280000",9.646101,4.741153,5.10603856246984e-22,3.68963967488694e-19,5,4.741153,3.68963967488694e-19,"arahy.Tifrunner.gnm2.ann2.Ah10g280000"
227683,5,"STRG.2002",9.623257,4.336659,6.37792186574022e-22,4.53669554712434e-19,5,4.336659,4.53669554712434e-19,"STRG.2002"
227684,5,"STRG.2239",9.466152,1.3978827,2.90343506451627e-21,2.03347658272367e-18,5,1.3978827,2.03347658272367e-18,"STRG.2239"
227685,5,"arahy.Tifrunner.gnm2.ann2.Ah15g334200",9.434234,5.327158,3.93863243790852e-21,2.71670156217193e-18,5,5.327158,2.71670156217193e-18,"arahy.Tifrunner.gnm2.ann2.Ah15g334200"
227686,5,"STRG.4211",9.377407,2.5246074,6.76149267445082e-21,4.59418197778655e-18,5,2.5246074,4.59418197778655e-18,"STRG.4211"
227687,5,"arahy.Tifrunner.gnm2.ann2.Ah14g496100",9.348199,5.057978,8.91525952191737e-21,5.96850403640833e-18,5,5.057978,5.96850403640833e-18,"arahy.Tifrunner.gnm2.ann2.Ah14g496100"
227688,5,"arahy.Tifrunner.gnm2.ann2.Ah10g078000",9.195634,5.20242,3.72789787528287e-20,2.45954815759967e-17,5,5.20242,2.45954815759967e-17,"arahy.Tifrunner.gnm2.ann2.Ah10g078000"
227689,5,"arahy.Tifrunner.gnm2.ann2.Ah18g018400",9.143264,2.059153,6.05952811895659e-20,3.94077082981971e-17,5,2.059153,3.94077082981971e-17,"arahy.Tifrunner.gnm2.ann2.Ah18g018400"
227690,5,"STRG.3978",8.87825,2.814423,6.79204419365735e-19,4.23563040920626e-16,5,2.814423,4.23563040920626e-16,"STRG.3978"
227691,5,"arahy.Tifrunner.gnm2.ann2.Ah09g073400",8.836059,2.6291125,9.91544486890737e-19,6.09987448935323e-16,5,2.6291125,6.09987448935323e-16,"arahy.Tifrunner.gnm2.ann2.Ah09g073400"
227692,5,"arahy.Tifrunner.gnm2.ann2.Ah17g203300",8.79245,1.521043,1.46332955008136e-18,8.88221525838718e-16,5,1.521043,8.88221525838718e-16,"arahy.Tifrunner.gnm2.ann2.Ah17g203300"
227693,5,"arahy.Tifrunner.gnm2.ann2.Ah15g448300",8.74842,2.324549,2.16361798088878e-18,1.29600717055238e-15,5,2.324549,1.29600717055238e-15,"arahy.Tifrunner.gnm2.ann2.Ah15g448300"
227694,5,"arahy.Tifrunner.gnm2.ann2.Ah10g085800",8.717664,3.9061954,2.84001588155822e-18,1.67907640249424e-15,5,3.9061954,1.67907640249424e-15,"arahy.Tifrunner.gnm2.ann2.Ah10g085800"
227695,5,"STRG.6975",8.663719,0.57486826,4.56616450535103e-18,2.66500093514872e-15,5,0.57486826,2.66500093514872e-15,"STRG.6975"
227696,5,"arahy.Tifrunner.gnm2.ann2.Ah15g189000",8.556931,1.946545,1.1591185678698e-17,6.67945742831705e-15,5,1.946545,6.67945742831705e-15,"arahy.Tifrunner.gnm2.ann2.Ah15g189000"
227697,5,"STRG.5274",8.535979,3.56184,1.3897382409032e-17,7.90830545985966e-15,5,3.56184,7.90830545985966e-15,"STRG.5274"
227698,5,"arahy.Tifrunner.gnm2.ann2.Ah06g115500",8.526644,4.5241146,1.50654411240461e-17,8.46714989791451e-15,5,4.5241146,8.46714989791451e-15,"arahy.Tifrunner.gnm2.ann2.Ah06g115500"
227699,5,"arahy.Tifrunner.gnm2.ann2.Ah08g292400",8.416389,4.3649898,3.88263991440715e-17,2.15552804223745e-14,5,4.3649898,2.15552804223745e-14,"arahy.Tifrunner.gnm2.ann2.Ah08g292400"
227700,5,"STRG.5840",8.334077,2.013692,7.81051772150709e-17,4.28392781631191e-14,5,2.013692,4.28392781631191e-14,"STRG.5840"
227701,5,"arahy.Tifrunner.gnm2.ann2.Ah19g025500",8.304515,2.1528876,1.00228454424769e-16,5.43190495146808e-14,5,2.1528876,5.43190495146808e-14,"arahy.Tifrunner.gnm2.ann2.Ah19g025500"
227702,5,"arahy.Tifrunner.gnm2.ann2.Ah07g335300",8.272675,2.436212,1.30987013179804e-16,7.01535622117339e-14,5,2.436212,7.01535622117339e-14,"arahy.Tifrunner.gnm2.ann2.Ah07g335300"
227703,5,"STRG.821",8.25953,2.1690676,1.46247409052485e-16,7.74158959268061e-14,5,2.1690676,7.74158959268061e-14,"STRG.821"
227704,5,"STRG.3553",8.123294,1.711759,4.53699713174375e-16,2.37404893592531e-13,5,1.711759,2.37404893592531e-13,"STRG.3553"
227705,5,"arahy.Tifrunner.gnm2.ann2.Ah09g013100",8.0788145,2.2955196,6.53993781759689e-16,3.38322874100319e-13,5,2.2955196,3.38322874100319e-13,"arahy.Tifrunner.gnm2.ann2.Ah09g013100"
227706,5,"arahy.Tifrunner.gnm2.ann2.Ah04g010000",8.046667,2.6143007,8.50792359422394e-16,4.35185071576911e-13,5,2.6143007,4.35185071576911e-13,"arahy.Tifrunner.gnm2.ann2.Ah04g010000"
227707,5,"arahy.Tifrunner.gnm2.ann2.Ah05g158800",8.031938,2.2475562,9.59448828431535e-16,4.85310538505746e-13,5,2.2475562,4.85310538505746e-13,"arahy.Tifrunner.gnm2.ann2.Ah05g158800"
227708,5,"arahy.Tifrunner.gnm2.ann2.Ah18g108400",7.991519,2.4139416,1.33286163769235e-15,6.66782342794575e-13,5,2.4139416,6.66782342794575e-13,"arahy.Tifrunner.gnm2.ann2.Ah18g108400"
227709,5,"arahy.Tifrunner.gnm2.ann2.Ah03g053900",7.9820437,4.374964,1.43930151105404e-15,7.1220393466548e-13,5,4.374964,7.1220393466548e-13,"arahy.Tifrunner.gnm2.ann2.Ah03g053900"
227710,5,"arahy.Tifrunner.gnm2.ann2.Ah11g069400",7.979646,2.295041,1.46753447253765e-15,7.18366014277461e-13,5,2.295041,7.18366014277461e-13,"arahy.Tifrunner.gnm2.ann2.Ah11g069400"
227711,5,"arahy.Tifrunner.gnm2.ann2.Ah03g032000",7.964187,4.2778544,1.6631312161459e-15,8.05450909402406e-13,5,4.2778544,8.05450909402406e-13,"arahy.Tifrunner.gnm2.ann2.Ah03g032000"
227712,5,"STRG.3418",7.9134436,2.347959,2.50365611048204e-15,1.199752008143e-12,5,2.347959,1.199752008143e-12,"STRG.3418"
227713,5,"arahy.Tifrunner.gnm2.ann2.Ah19g053800",7.875683,1.1328189,3.38887563069148e-15,1.60703306470416e-12,5,1.1328189,1.60703306470416e-12,"arahy.Tifrunner.gnm2.ann2.Ah19g053800"
227714,5,"arahy.Tifrunner.gnm2.ann2.Ah18g328500",7.8073845,3.6288536,5.83868414722113e-15,2.74020883626902e-12,5,3.6288536,2.74020883626902e-12,"arahy.Tifrunner.gnm2.ann2.Ah18g328500"
227715,5,"STRG.3070",7.762379,5.4040055,8.33507465994872e-15,3.87189733489291e-12,5,5.4040055,3.87189733489291e-12,"STRG.3070"
227716,5,"STRG.3669",7.728699,4.1173625,1.08650942309492e-14,4.99618737141144e-12,5,4.1173625,4.99618737141144e-12,"STRG.3669"
227717,5,"STRG.5251",7.6671042,4.3685584,1.75923023617273e-14,8.00871972715274e-12,5,4.3685584,8.00871972715274e-12,"STRG.5251"
227718,5,"STRG.3591",7.6524687,1.9586532,1.97156923282746e-14,8.88650670843934e-12,5,1.9586532,8.88650670843934e-12,"STRG.3591"
227719,5,"arahy.Tifrunner.gnm2.ann2.Ah12g169700",7.6349826,2.417468,2.25850920687556e-14,1.00800365817454e-11,5,2.417468,1.00800365817454e-11,"arahy.Tifrunner.gnm2.ann2.Ah12g169700"
227720,5,"arahy.Tifrunner.gnm2.ann2.Ah13g070600",7.624517,2.723078,2.44949912994038e-14,1.08263105234374e-11,5,2.723078,1.08263105234374e-11,"arahy.Tifrunner.gnm2.ann2.Ah13g070600"
227721,5,"arahy.Tifrunner.gnm2.ann2.Ah13g345200",7.596169,3.298793,3.05026276407852e-14,1.3224777340182e-11,5,3.298793,1.3224777340182e-11,"arahy.Tifrunner.gnm2.ann2.Ah13g345200"
227722,5,"arahy.Tifrunner.gnm2.ann2.Ah01g033600",7.4666405,2.4738784,8.22680439610159e-14,3.50015928344046e-11,5,2.4738784,3.50015928344046e-11,"arahy.Tifrunner.gnm2.ann2.Ah01g033600"
227723,5,"STRG.1847",7.428755,0.58449584,1.09624829665563e-13,4.62088957934731e-11,5,0.58449584,4.62088957934731e-11,"STRG.1847"
227724,5,"arahy.Tifrunner.gnm2.ann2.Ah13g051800",7.352003,3.324643,1.95258461175565e-13,8.15499650142793e-11,5,3.324643,8.15499650142793e-11,"arahy.Tifrunner.gnm2.ann2.Ah13g051800"
227725,5,"arahy.Tifrunner.gnm2.ann2.Ah04g030500",7.333287,1.690249,2.24575742563266e-13,9.29416918586373e-11,5,1.690249,9.29416918586373e-11,"arahy.Tifrunner.gnm2.ann2.Ah04g030500"
227726,5,"STRG.13",7.3199077,2.8252394,2.48141833908715e-13,1.01769449070814e-10,5,2.8252394,1.01769449070814e-10,"STRG.13"
227727,5,"arahy.Tifrunner.gnm2.ann2.Ah20g052000",7.3023744,0.83202946,2.82733130974664e-13,1.139039208362e-10,5,0.83202946,1.139039208362e-10,"arahy.Tifrunner.gnm2.ann2.Ah20g052000"
227728,5,"arahy.Tifrunner.gnm2.ann2.Ah08g319300",7.2609234,3.0173721,3.84456348156944e-13,1.53526235030673e-10,5,3.0173721,1.53526235030673e-10,"arahy.Tifrunner.gnm2.ann2.Ah08g319300"
227729,5,"STRG.1494",7.1611137,1.3206348,8.00240961129162e-13,3.08730250122406e-10,5,1.3206348,3.08730250122406e-10,"STRG.1494"
227730,5,"arahy.Tifrunner.gnm2.ann2.Ah08g173500",7.1573405,5.765045,8.22572272276924e-13,3.14678824564157e-10,5,5.765045,3.14678824564157e-10,"arahy.Tifrunner.gnm2.ann2.Ah08g173500"
227731,5,"STRG.2710",7.0975695,3.7419584,1.26970053307477e-12,4.81682058897466e-10,5,3.7419584,4.81682058897466e-10,"STRG.2710"
227732,5,"arahy.Tifrunner.gnm2.ann2.Ah10g341000",7.0668397,4.195031,1.58502067651677e-12,5.96334556014457e-10,5,4.195031,5.96334556014457e-10,"arahy.Tifrunner.gnm2.ann2.Ah10g341000"
227733,5,"STRG.5191",7.055092,3.8594186,1.72486930365993e-12,6.3324959822431e-10,5,3.8594186,6.3324959822431e-10,"STRG.5191"
227734,5,"STRG.5138",6.986273,1.4379988,2.82285294593313e-12,1.02806046008528e-09,5,1.4379988,1.02806046008528e-09,"STRG.5138"
227735,5,"arahy.Tifrunner.gnm2.ann2.Ah08g255000",6.8015075,2.312212,1.03529876994976e-11,3.74055088914229e-09,5,2.312212,3.74055088914229e-09,"arahy.Tifrunner.gnm2.ann2.Ah08g255000"
227736,5,"STRG.5077",6.6973877,3.8352208,2.12177997392461e-11,7.60566232542864e-09,5,3.8352208,7.60566232542864e-09,"STRG.5077"
227737,5,"arahy.Tifrunner.gnm2.ann2.Ah16g309400",6.677692,3.9482281,2.42734965721697e-11,8.63302076524573e-09,5,3.9482281,8.63302076524573e-09,"arahy.Tifrunner.gnm2.ann2.Ah16g309400"
227738,5,"arahy.Tifrunner.gnm2.ann2.Ah01g428500",6.616623,5.365742,3.67497453464946e-11,1.29689566446033e-08,5,5.365742,1.29689566446033e-08,"arahy.Tifrunner.gnm2.ann2.Ah01g428500"
227739,5,"arahy.Tifrunner.gnm2.ann2.Ah07g041900",6.5994964,3.9318347,4.12557120550671e-11,1.44471156584221e-08,5,3.9318347,1.44471156584221e-08,"arahy.Tifrunner.gnm2.ann2.Ah07g041900"
227740,5,"arahy.Tifrunner.gnm2.ann2.Ah19g519200",6.594623,1.1136763,4.26337639805155e-11,1.48157211560991e-08,5,1.1136763,1.48157211560991e-08,"arahy.Tifrunner.gnm2.ann2.Ah19g519200"
227741,5,"arahy.Tifrunner.gnm2.ann2.Ah06g385700",6.518773,0.8835803,7.08848231939686e-11,2.44466719021381e-08,5,0.8835803,2.44466719021381e-08,"arahy.Tifrunner.gnm2.ann2.Ah06g385700"
227742,5,"arahy.Tifrunner.gnm2.ann2.Ah20g365200",6.516365,4.4910593,7.20315391377733e-11,2.46553668248721e-08,5,4.4910593,2.46553668248721e-08,"arahy.Tifrunner.gnm2.ann2.Ah20g365200"
227743,5,"arahy.Tifrunner.gnm2.ann2.Ah02g081700",6.5052686,5.719775,7.7554598400068e-11,2.63477278922739e-08,5,5.719775,2.63477278922739e-08,"arahy.Tifrunner.gnm2.ann2.Ah02g081700"
227744,5,"STRG.6012",6.467883,2.0499146,9.93852837228772e-11,3.35141900459279e-08,5,2.0499146,3.35141900459279e-08,"STRG.6012"
227745,5,"arahy.Tifrunner.gnm2.ann2.Ah14g017400",6.3930597,2.6585367,1.62598539459122e-10,5.44274699289489e-08,5,2.6585367,5.44274699289489e-08,"arahy.Tifrunner.gnm2.ann2.Ah14g017400"
227746,5,"STRG.3646",6.3756156,4.3372917,1.82229750602735e-10,6.05534829667072e-08,5,4.3372917,6.05534829667072e-08,"STRG.3646"
227747,5,"STRG.2936",6.3716645,2.0421243,1.86987363119213e-10,6.16841501350654e-08,5,2.0421243,6.16841501350654e-08,"STRG.2936"
227748,5,"STRG.4491",6.3624864,1.8660773,1.98513657652281e-10,6.50153651148376e-08,5,1.8660773,6.50153651148376e-08,"STRG.4491"
227749,5,"STRG.1947",6.3301616,4.726901,2.44904525183736e-10,7.96359543176028e-08,5,4.726901,7.96359543176028e-08,"STRG.1947"
227750,5,"arahy.Tifrunner.gnm2.ann2.Ah16g477300",6.3190756,0.81856835,2.63132312293374e-10,8.49562793251316e-08,5,0.81856835,8.49562793251316e-08,"arahy.Tifrunner.gnm2.ann2.Ah16g477300"
227751,5,"arahy.Tifrunner.gnm2.ann2.Ah02g154500",6.2674875,2.0356214,3.66920108862009e-10,1.17631486167846e-07,5,2.0356214,1.17631486167846e-07,"arahy.Tifrunner.gnm2.ann2.Ah02g154500"
227752,5,"arahy.Tifrunner.gnm2.ann2.Ah09g404400",6.2423606,1.0908325,4.31016156209689e-10,1.37213842624405e-07,5,1.0908325,1.37213842624405e-07,"arahy.Tifrunner.gnm2.ann2.Ah09g404400"
227753,5,"STRG.5340",6.240213,3.1351697,4.36975023624689e-10,1.38144798440905e-07,5,3.1351697,1.38144798440905e-07,"STRG.5340"
227754,5,"arahy.Tifrunner.gnm2.ann2.Ah01g335000",6.2368774,1.1382812,4.46391324371597e-10,1.40148404487535e-07,5,1.1382812,1.40148404487535e-07,"arahy.Tifrunner.gnm2.ann2.Ah01g335000"
227755,5,"arahy.Tifrunner.gnm2.ann2.Ah17g354300",6.1362863,2.0462427,8.44729542620006e-10,2.6339361437146e-07,5,2.0462427,2.6339361437146e-07,"arahy.Tifrunner.gnm2.ann2.Ah17g354300"
227756,5,"arahy.Tifrunner.gnm2.ann2.Ah10g388400",6.106682,3.4003015,1.01723599450011e-09,3.15024839548455e-07,5,3.4003015,3.15024839548455e-07,"arahy.Tifrunner.gnm2.ann2.Ah10g388400"
227757,5,"arahy.Tifrunner.gnm2.ann2.Ah07g222200",6.0971074,3.8091903,1.08004808573951e-09,3.32216953075712e-07,5,3.8091903,3.32216953075712e-07,"arahy.Tifrunner.gnm2.ann2.Ah07g222200"
227758,5,"STRG.3129",6.051706,0.8802043,1.43319855208964e-09,4.37885442183414e-07,5,0.8802043,4.37885442183414e-07,"STRG.3129"
227759,5,"STRG.1081",6.031932,3.6414673,1.62011230940274e-09,4.88437038233447e-07,5,3.6414673,4.88437038233447e-07,"STRG.1081"
227760,5,"arahy.Tifrunner.gnm2.ann2.Ah18g385900",6.0272985,4.2773705,1.66723151862338e-09,4.99335839827701e-07,5,4.2773705,4.99335839827701e-07,"arahy.Tifrunner.gnm2.ann2.Ah18g385900"
227761,5,"arahy.Tifrunner.gnm2.ann2.Ah16g130900",6.0081444,2.9656734,1.87658885886638e-09,5.58364909876033e-07,5,2.9656734,5.58364909876033e-07,"arahy.Tifrunner.gnm2.ann2.Ah16g130900"
227762,5,"arahy.Tifrunner.gnm2.ann2.Ah06g214800",5.9894176,1.80366,2.10593864812098e-09,6.2253734426662e-07,5,1.80366,6.2253734426662e-07,"arahy.Tifrunner.gnm2.ann2.Ah06g214800"
227763,5,"arahy.Tifrunner.gnm2.ann2.Ah05g135400",5.9677567,2.2378104,2.40537934744698e-09,7.06467673633396e-07,5,2.2378104,7.06467673633396e-07,"arahy.Tifrunner.gnm2.ann2.Ah05g135400"
227764,5,"STRG.618",5.926342,1.4903339,3.09756989308596e-09,9.03934434697725e-07,5,1.4903339,9.03934434697725e-07,"STRG.618"
227765,5,"arahy.Tifrunner.gnm2.ann2.Ah18g432200",5.9088717,2.9002476,3.44459266288509e-09,9.98800231752746e-07,5,2.9002476,9.98800231752746e-07,"arahy.Tifrunner.gnm2.ann2.Ah18g432200"
227766,5,"arahy.Tifrunner.gnm2.ann2.Ah12g113400",5.8974886,3.9631438,3.69075946577455e-09,1.06340591088557e-06,5,3.9631438,1.06340591088557e-06,"arahy.Tifrunner.gnm2.ann2.Ah12g113400"
227767,5,"STRG.5",5.894747,2.5404878,3.75255862983775e-09,1.07441181801719e-06,5,2.5404878,1.07441181801719e-06,"STRG.5"
227768,5,"arahy.Tifrunner.gnm2.ann2.Ah20g132400",5.8867464,1.2825884,3.93871870708755e-09,1.12066394013409e-06,5,1.2825884,1.12066394013409e-06,"arahy.Tifrunner.gnm2.ann2.Ah20g132400"
227769,5,"arahy.Tifrunner.gnm2.ann2.Ah17g077600",5.855928,4.0250525,4.7435333240812e-09,1.34127087605884e-06,5,4.0250525,1.34127087605884e-06,"arahy.Tifrunner.gnm2.ann2.Ah17g077600"
227770,5,"arahy.Tifrunner.gnm2.ann2.Ah14g496300",5.8043866,1.6200749,6.46019914687207e-09,1.81539571581607e-06,5,1.6200749,1.81539571581607e-06,"arahy.Tifrunner.gnm2.ann2.Ah14g496300"
227771,5,"STRG.3283",5.7622533,4.3496337,8.2998413869483e-09,2.30391450792338e-06,5,4.3496337,2.30391450792338e-06,"STRG.3283"
227772,5,"arahy.Tifrunner.gnm2.ann2.Ah03g125500",5.699183,2.3379521,1.20383067015246e-08,3.30139683301328e-06,5,2.3379521,3.30139683301328e-06,"arahy.Tifrunner.gnm2.ann2.Ah03g125500"
227773,5,"arahy.Tifrunner.gnm2.ann2.Ah06g008300",5.65965,3.426949,1.51682103131776e-08,4.11022384700652e-06,5,3.426949,4.11022384700652e-06,"arahy.Tifrunner.gnm2.ann2.Ah06g008300"
227774,5,"STRG.460",5.6406,1.6958666,1.69458522958109e-08,4.5647513604408e-06,5,1.6958666,4.5647513604408e-06,"STRG.460"
227775,5,"arahy.Tifrunner.gnm2.ann2.Ah01g239800",5.62498,0.33154666,1.85529716332239e-08,4.96826753312285e-06,5,0.33154666,4.96826753312285e-06,"arahy.Tifrunner.gnm2.ann2.Ah01g239800"
227776,5,"arahy.Tifrunner.gnm2.ann2.Ah02g246000",5.6067276,0.7506138,2.06188030513773e-08,5.4891835679e-06,5,0.7506138,5.4891835679e-06,"arahy.Tifrunner.gnm2.ann2.Ah02g246000"
227777,5,"STRG.930",5.603084,1.9613609,2.1057085444402e-08,5.57327184750555e-06,5,1.9613609,5.57327184750555e-06,"STRG.930"
227778,5,"arahy.Tifrunner.gnm2.ann2.Ah20g090300",5.5991282,2.350114,2.15432301327551e-08,5.6689827084598e-06,5,2.350114,5.6689827084598e-06,"arahy.Tifrunner.gnm2.ann2.Ah20g090300"
227779,5,"arahy.Tifrunner.gnm2.ann2.Ah10g085700",5.579062,4.2044153,2.41818816403564e-08,6.32675850457233e-06,5,4.2044153,6.32675850457233e-06,"arahy.Tifrunner.gnm2.ann2.Ah10g085700"
227780,5,"STRG.3570",5.570056,1.3674846,2.54657692272757e-08,6.62459244744286e-06,5,1.3674846,6.62459244744286e-06,"STRG.3570"
227781,5,"arahy.Tifrunner.gnm2.ann2.Ah01g245200",5.555108,0.37962013,2.77440374191321e-08,7.17624749698051e-06,5,0.37962013,7.17624749698051e-06,"arahy.Tifrunner.gnm2.ann2.Ah01g245200"
227782,5,"STRG.3910",5.521772,2.9196603,3.35597789257757e-08,8.63149929840119e-06,5,2.9196603,8.63149929840119e-06,"STRG.3910"
227783,5,"arahy.Tifrunner.gnm2.ann2.Ah14g357700",5.489765,2.6276975,4.02468431384784e-08,1.0293243185596e-05,5,2.6276975,1.0293243185596e-05,"arahy.Tifrunner.gnm2.ann2.Ah14g357700"
227784,5,"STRG.5659",5.469996,5.609538,4.50045429560875e-08,1.13821489640718e-05,5,5.609538,1.13821489640718e-05,"STRG.5659"
227785,5,"arahy.Tifrunner.gnm2.ann2.Ah04g412300",5.4634237,1.2284092,4.670377860013e-08,1.17466453977476e-05,5,1.2284092,1.17466453977476e-05,"arahy.Tifrunner.gnm2.ann2.Ah04g412300"
227786,5,"arahy.Tifrunner.gnm2.ann2.Ah17g228800",5.4542613,4.31331,4.91768908707646e-08,1.23007075824214e-05,5,4.31331,1.23007075824214e-05,"arahy.Tifrunner.gnm2.ann2.Ah17g228800"
227787,5,"arahy.Tifrunner.gnm2.ann2.Ah09g128600",5.4297543,2.5059075,5.643166769707e-08,1.40382253565105e-05,5,2.5059075,1.40382253565105e-05,"arahy.Tifrunner.gnm2.ann2.Ah09g128600"
227788,5,"arahy.Tifrunner.gnm2.ann2.Ah13g211600",5.335407,6.8183413,9.53304926434648e-08,2.34585153897356e-05,5,6.8183413,2.34585153897356e-05,"arahy.Tifrunner.gnm2.ann2.Ah13g211600"
227789,5,"STRG.2280",5.3070016,1.8353213,1.11443171158535e-07,2.72760157194687e-05,5,1.8353213,2.72760157194687e-05,"STRG.2280"
227790,5,"arahy.Tifrunner.gnm2.ann2.Ah07g206900",5.250108,2.2055357,1.52010394060784e-07,3.68091552086338e-05,5,2.2055357,3.68091552086338e-05,"arahy.Tifrunner.gnm2.ann2.Ah07g206900"
227791,5,"arahy.Tifrunner.gnm2.ann2.Ah17g170200",5.2300987,4.0724654,1.69419491750698e-07,4.07029218710596e-05,5,4.0724654,4.07029218710596e-05,"arahy.Tifrunner.gnm2.ann2.Ah17g170200"
227792,5,"STRG.1892",5.2295985,1.4410611,1.6987863886085e-07,4.07029218710596e-05,5,1.4410611,4.07029218710596e-05,"STRG.1892"
227793,5,"arahy.Tifrunner.gnm2.ann2.Ah07g177500",5.223276,0.9688697,1.75784806271515e-07,4.18975262864107e-05,5,0.9688697,4.18975262864107e-05,"arahy.Tifrunner.gnm2.ann2.Ah07g177500"
227794,5,"STRG.1293",5.217079,1.0857633,1.81766519935083e-07,4.30975992371079e-05,5,1.0857633,4.30975992371079e-05,"STRG.1293"
227795,5,"arahy.Tifrunner.gnm2.ann2.Ah17g380000",5.21353,5.8069644,1.85280679470161e-07,4.35623337847131e-05,5,5.8069644,4.35623337847131e-05,"arahy.Tifrunner.gnm2.ann2.Ah17g380000"
227796,5,"STRG.2386",5.21317,4.2109075,1.85640382089323e-07,4.35623337847131e-05,5,4.2109075,4.35623337847131e-05,"STRG.2386"
227797,5,"STRG.5789",5.20173,3.7281487,1.97442000288265e-07,4.60941006211435e-05,5,3.7281487,4.60941006211435e-05,"STRG.5789"
227798,5,"arahy.Tifrunner.gnm2.ann2.Ah04g425500",5.15784,2.7948754,2.49815229261234e-07,5.80234106984104e-05,5,2.7948754,5.80234106984104e-05,"arahy.Tifrunner.gnm2.ann2.Ah04g425500"
227799,5,"arahy.Tifrunner.gnm2.ann2.Ah01g006500",5.1545405,3.1677516,2.54253471840339e-07,5.87544926500488e-05,5,3.1677516,5.87544926500488e-05,"arahy.Tifrunner.gnm2.ann2.Ah01g006500"
227800,5,"arahy.Tifrunner.gnm2.ann2.Ah13g503000",5.1521587,7.223113,2.57504945029708e-07,5.92053288764265e-05,5,7.223113,5.92053288764265e-05,"arahy.Tifrunner.gnm2.ann2.Ah13g503000"
227801,5,"STRG.3564",5.126844,3.7032812,2.94639296732341e-07,6.7402810776096e-05,5,3.7032812,6.7402810776096e-05,"STRG.3564"
227802,5,"arahy.Tifrunner.gnm2.ann2.Ah08g262900",5.1151953,1.8402694,3.13416486581041e-07,7.13398606755765e-05,5,1.8402694,7.13398606755765e-05,"arahy.Tifrunner.gnm2.ann2.Ah08g262900"
227803,5,"arahy.Tifrunner.gnm2.ann2.Ah12g107100",5.1123233,1.1897678,3.18220256123189e-07,7.20729300485176e-05,5,1.1897678,7.20729300485176e-05,"arahy.Tifrunner.gnm2.ann2.Ah12g107100"
227804,5,"arahy.Tifrunner.gnm2.ann2.Ah13g290000",5.095744,1.5806037,3.47373966347454e-07,7.82863982376311e-05,5,1.5806037,7.82863982376311e-05,"arahy.Tifrunner.gnm2.ann2.Ah13g290000"
227805,5,"STRG.4990",5.0737495,2.7785416,3.90052284877058e-07,8.70428441997214e-05,5,2.7785416,8.70428441997214e-05,"STRG.4990"
227806,5,"arahy.Tifrunner.gnm2.ann2.Ah17g224700",5.0473924,3.3174026,4.47880464947674e-07,9.94600501769653e-05,5,3.3174026,9.94600501769653e-05,"arahy.Tifrunner.gnm2.ann2.Ah17g224700"
227807,5,"STRG.5924",5.0396214,1.8414859,4.66453435442637e-07,0.000103081680558692,5,1.8414859,0.000103081680558692,"STRG.5924"
227808,5,"arahy.Tifrunner.gnm2.ann2.Ah02g366900",5.017971,1.382881,5.2220083960486e-07,0.000114843821363148,5,1.382881,0.000114843821363148,"arahy.Tifrunner.gnm2.ann2.Ah02g366900"
227809,5,"arahy.Tifrunner.gnm2.ann2.Ah14g116100",5.007995,4.564816,5.499991796975e-07,0.000120375782002639,5,4.564816,0.000120375782002639,"arahy.Tifrunner.gnm2.ann2.Ah14g116100"
227810,5,"STRG.2882",5.0018086,3.3634508,5.67949835128105e-07,0.00012370980045154,5,3.3634508,0.00012370980045154,"STRG.2882"
227811,5,"STRG.3858",4.997519,0.5501954,5.8072599177694e-07,0.000125890333569778,5,0.5501954,0.000125890333569778,"STRG.3858"
227812,5,"arahy.Tifrunner.gnm2.ann2.Ah09g358600",4.9862976,1.5493096,6.15473003234424e-07,0.000132790488148076,5,1.5493096,0.000132790488148076,"arahy.Tifrunner.gnm2.ann2.Ah09g358600"
227813,5,"arahy.Tifrunner.gnm2.ann2.Ah11g341800",4.9809136,5.4498873,6.32847677847967e-07,0.000135895083426183,5,5.4498873,0.000135895083426183,"arahy.Tifrunner.gnm2.ann2.Ah11g341800"
227814,5,"STRG.4309",4.979626,2.4723303,6.37071626943766e-07,0.000136159853262854,5,2.4723303,0.000136159853262854,"STRG.4309"
227815,5,"arahy.Tifrunner.gnm2.ann2.Ah08g213900",4.9680767,1.8593729,6.76202708628678e-07,0.000143847907044916,5,1.8593729,0.000143847907044916,"arahy.Tifrunner.gnm2.ann2.Ah08g213900"
227816,5,"arahy.Tifrunner.gnm2.ann2.Ah19g512300",4.955031,0.7927235,7.23187787446603e-07,0.000153127445747531,5,0.7927235,0.000153127445747531,"arahy.Tifrunner.gnm2.ann2.Ah19g512300"
227817,5,"arahy.Tifrunner.gnm2.ann2.Ah14g295900",4.9224405,3.5486186,8.54716039563272e-07,0.000178486665069167,5,3.5486186,0.000178486665069167,"arahy.Tifrunner.gnm2.ann2.Ah14g295900"
227818,5,"arahy.Tifrunner.gnm2.ann2.Ah20g530800",4.9146748,1.8293418,8.89300727955101e-07,0.000184860850864968,5,1.8293418,0.000184860850864968,"arahy.Tifrunner.gnm2.ann2.Ah20g530800"
227819,5,"arahy.Tifrunner.gnm2.ann2.Ah15g181700",4.870529,1.3564205,1.11299864849453e-06,0.000230309774882114,5,1.3564205,0.000230309774882114,"arahy.Tifrunner.gnm2.ann2.Ah15g181700"
227820,5,"arahy.Tifrunner.gnm2.ann2.Ah05g404400",4.8562326,4.9270844,1.19640206832092e-06,0.000246447998906071,5,4.9270844,0.000246447998906071,"arahy.Tifrunner.gnm2.ann2.Ah05g404400"
227821,5,"arahy.Tifrunner.gnm2.ann2.Ah11g111500",4.84756,2.4773202,1.24989381012328e-06,0.000256307053207442,5,2.4773202,0.000256307053207442,"arahy.Tifrunner.gnm2.ann2.Ah11g111500"
227822,5,"arahy.Tifrunner.gnm2.ann2.Ah11g483400",4.839867,2.6021152,1.29926130075835e-06,0.000265235746438219,5,2.6021152,0.000265235746438219,"arahy.Tifrunner.gnm2.ann2.Ah11g483400"
227823,5,"STRG.471",4.7724447,0.6460128,1.82003169885502e-06,0.000365000542108705,5,0.6460128,0.000365000542108705,"STRG.471"
227824,5,"arahy.Tifrunner.gnm2.ann2.Ah03g261100",4.7383685,1.6984872,2.1544561699301e-06,0.00042643244643434,5,1.6984872,0.00042643244643434,"arahy.Tifrunner.gnm2.ann2.Ah03g261100"
227825,5,"arahy.Tifrunner.gnm2.ann2.Ah06g130300",4.728966,0.40157315,2.25665927000998e-06,0.000444727950683699,5,0.40157315,0.000444727950683699,"arahy.Tifrunner.gnm2.ann2.Ah06g130300"
227826,5,"arahy.Tifrunner.gnm2.ann2.Ah01g307000",4.706716,2.2607572,2.51738930455957e-06,0.000493972546124009,5,2.2607572,0.000493972546124009,"arahy.Tifrunner.gnm2.ann2.Ah01g307000"
227827,5,"arahy.Tifrunner.gnm2.ann2.Ah11g454000",4.674225,0.87270343,2.9506611971046e-06,0.000576506010029998,5,0.87270343,0.000576506010029998,"arahy.Tifrunner.gnm2.ann2.Ah11g454000"
227828,5,"arahy.Tifrunner.gnm2.ann2.Ah20g449600",4.6619086,5.363773,3.13290041107096e-06,0.000609496403049548,5,5.363773,0.000609496403049548,"arahy.Tifrunner.gnm2.ann2.Ah20g449600"
227829,5,"arahy.Tifrunner.gnm2.ann2.Ah02g192800",4.6512866,3.0895195,3.29870255076007e-06,0.000639021850726814,5,3.0895195,0.000639021850726814,"arahy.Tifrunner.gnm2.ann2.Ah02g192800"
227830,5,"arahy.Tifrunner.gnm2.ann2.Ah19g568400",4.6364794,6.158414,3.5439331762644e-06,0.000683618703035002,5,6.158414,0.000683618703035002,"arahy.Tifrunner.gnm2.ann2.Ah19g568400"
227831,5,"STRG.3967",4.6328626,1.5399579,3.60644282081779e-06,0.00069274136276333,5,1.5399579,0.00069274136276333,"STRG.3967"
227832,5,"arahy.Tifrunner.gnm2.ann2.Ah01g090000",4.547876,1.2877432,5.41901182215426e-06,0.00102978113807089,5,1.2877432,0.00102978113807089,"arahy.Tifrunner.gnm2.ann2.Ah01g090000"
227833,5,"arahy.Tifrunner.gnm2.ann2.Ah08g020200",4.54749,1.6295478,5.42894897498055e-06,0.00102978113807089,5,1.6295478,0.00102978113807089,"arahy.Tifrunner.gnm2.ann2.Ah08g020200"
227834,5,"arahy.Tifrunner.gnm2.ann2.Ah09g072100",4.542064,3.1814685,5.57060282531371e-06,0.00105226607062067,5,3.1814685,0.00105226607062067,"arahy.Tifrunner.gnm2.ann2.Ah09g072100"
227835,5,"STRG.2940",4.5096197,3.1612487,6.49439310020703e-06,0.00122169732022242,5,3.1612487,0.00122169732022242,"STRG.2940"
227836,5,"arahy.Tifrunner.gnm2.ann2.Ah01g244400",4.502719,0.25387877,6.70895425798842e-06,0.00125686598206035,5,0.25387877,0.00125686598206035,"arahy.Tifrunner.gnm2.ann2.Ah01g244400"
227837,5,"arahy.Tifrunner.gnm2.ann2.Ah03g588400",4.4966836,2.8809144,6.90215851856481e-06,0.00128776173934076,5,2.8809144,0.00128776173934076,"arahy.Tifrunner.gnm2.ann2.Ah03g588400"
227838,5,"arahy.Tifrunner.gnm2.ann2.Ah13g223400",4.49008,2.0126839,7.11964293523336e-06,0.00132291683666761,5,2.0126839,0.00132291683666761,"arahy.Tifrunner.gnm2.ann2.Ah13g223400"
227839,5,"STRG.2341",4.4736986,2.7129,7.68780428151357e-06,0.00141692146603896,5,2.7129,0.00141692146603896,"STRG.2341"
227840,5,"arahy.Tifrunner.gnm2.ann2.Ah03g183200",4.448228,6.598465,8.65817033735494e-06,0.00158687159555063,5,6.598465,0.00158687159555063,"arahy.Tifrunner.gnm2.ann2.Ah03g183200"
227841,5,"arahy.Tifrunner.gnm2.ann2.Ah10g201700",4.441421,0.29342526,8.93668035952445e-06,0.00162733374674796,5,0.29342526,0.00162733374674796,"arahy.Tifrunner.gnm2.ann2.Ah10g201700"
227842,5,"arahy.Tifrunner.gnm2.ann2.Ah01g241500",4.4379706,0.34204748,9.08110399826456e-06,0.00164050864451189,5,0.34204748,0.00164050864451189,"arahy.Tifrunner.gnm2.ann2.Ah01g241500"
227843,5,"arahy.Tifrunner.gnm2.ann2.Ah04g302200",4.421897,2.394585,9.78381955015867e-06,0.00176046877945227,5,2.394585,0.00176046877945227,"arahy.Tifrunner.gnm2.ann2.Ah04g302200"
227844,5,"arahy.Tifrunner.gnm2.ann2.Ah09g014100",4.4003763,3.4355118,1.08063223065532e-05,0.00192869640292602,5,3.4355118,0.00192869640292602,"arahy.Tifrunner.gnm2.ann2.Ah09g014100"
227845,5,"arahy.Tifrunner.gnm2.ann2.Ah03g348000",4.3995843,3.2172778,1.08458456890665e-05,0.00192869640292602,5,3.2172778,0.00192869640292602,"arahy.Tifrunner.gnm2.ann2.Ah03g348000"
227846,5,"arahy.Tifrunner.gnm2.ann2.Ah13g155000",4.3899107,5.4841323,1.13397157537858e-05,0.00200867400768616,5,5.4841323,0.00200867400768616,"arahy.Tifrunner.gnm2.ann2.Ah13g155000"
227847,5,"arahy.Tifrunner.gnm2.ann2.Ah14g137100",4.3860903,1.2464076,1.15406157352526e-05,0.00203633717337846,5,1.2464076,0.00203633717337846,"arahy.Tifrunner.gnm2.ann2.Ah14g137100"
227848,5,"arahy.Tifrunner.gnm2.ann2.Ah04g345200",4.367567,1.1581182,1.25638245014062e-05,0.00220832257375295,5,1.1581182,0.00220832257375295,"arahy.Tifrunner.gnm2.ann2.Ah04g345200"
227849,5,"arahy.Tifrunner.gnm2.ann2.Ah13g031500",4.3520665,3.424347,1.34860292142916e-05,0.00235225285038855,5,3.424347,0.00235225285038855,"arahy.Tifrunner.gnm2.ann2.Ah13g031500"
227850,5,"arahy.Tifrunner.gnm2.ann2.Ah19g498100",4.3427734,2.97631,1.40695099358365e-05,0.00244465790198099,5,2.97631,0.00244465790198099,"arahy.Tifrunner.gnm2.ann2.Ah19g498100"
227851,5,"arahy.Tifrunner.gnm2.ann2.Ah06g025200",4.3282685,1.363731,1.50286088067567e-05,0.00260137789855053,5,1.363731,0.00260137789855053,"arahy.Tifrunner.gnm2.ann2.Ah06g025200"
227852,5,"arahy.Tifrunner.gnm2.ann2.Ah16g133000",4.300061,3.71699,1.70750816523653e-05,0.00294441673159954,5,3.71699,0.00294441673159954,"arahy.Tifrunner.gnm2.ann2.Ah16g133000"
227853,5,"arahy.Tifrunner.gnm2.ann2.Ah05g340600",4.289679,3.601652,1.78931474338725e-05,0.00307384016520609,5,3.601652,0.00307384016520609,"arahy.Tifrunner.gnm2.ann2.Ah05g340600"
227854,5,"arahy.Tifrunner.gnm2.ann2.Ah19g563700",4.281298,0.31121525,1.85806158431608e-05,0.00317993968287238,5,0.31121525,0.00317993968287238,"arahy.Tifrunner.gnm2.ann2.Ah19g563700"
227855,5,"STRG.5416",4.2579226,1.5950971,2.06335491137778e-05,0.00351805876350419,5,1.5950971,0.00351805876350419,"STRG.5416"
227856,5,"arahy.Tifrunner.gnm2.ann2.Ah10g104000",4.247582,2.5207326,2.16090207065713e-05,0.00366336935477352,5,2.5207326,0.00366336935477352,"arahy.Tifrunner.gnm2.ann2.Ah10g104000"
227857,5,"arahy.Tifrunner.gnm2.ann2.Ah14g104200",4.247191,4.045224,2.16467436173024e-05,0.00366336935477352,5,4.045224,0.00366336935477352,"arahy.Tifrunner.gnm2.ann2.Ah14g104200"
227858,5,"arahy.Tifrunner.gnm2.ann2.Ah11g262100",4.242401,3.351389,2.21140946656798e-05,0.00372860016874225,5,3.351389,0.00372860016874225,"arahy.Tifrunner.gnm2.ann2.Ah11g262100"
227859,5,"arahy.Tifrunner.gnm2.ann2.Ah08g151200",4.239738,5.3963227,2.23780987289818e-05,0.00375919028242867,5,5.3963227,0.00375919028242867,"arahy.Tifrunner.gnm2.ann2.Ah08g151200"
227860,5,"arahy.Tifrunner.gnm2.ann2.Ah19g505000",4.202639,4.858689,2.63821253388021e-05,0.00439934019752244,5,4.858689,0.00439934019752244,"arahy.Tifrunner.gnm2.ann2.Ah19g505000"
227861,5,"arahy.Tifrunner.gnm2.ann2.Ah17g262700",4.1889367,0.38562545,2.80264686955263e-05,0.00465648525874138,5,0.38562545,0.00465648525874138,"arahy.Tifrunner.gnm2.ann2.Ah17g262700"
227862,5,"arahy.Tifrunner.gnm2.ann2.Ah09g409800",4.176318,0.5328022,2.96265091014841e-05,0.00488665652295639,5,0.5328022,0.00488665652295639,"arahy.Tifrunner.gnm2.ann2.Ah09g409800"
227863,5,"arahy.Tifrunner.gnm2.ann2.Ah13g588900",4.132058,2.079325,3.59529387102493e-05,0.00590874217272703,5,2.079325,0.00590874217272703,"arahy.Tifrunner.gnm2.ann2.Ah13g588900"
227864,5,"arahy.Tifrunner.gnm2.ann2.Ah06g405400",4.123203,3.3968458,3.73640114009283e-05,0.00611855847128007,5,3.3968458,0.00611855847128007,"arahy.Tifrunner.gnm2.ann2.Ah06g405400"
227865,5,"arahy.Tifrunner.gnm2.ann2.Ah13g211700",4.1093287,5.410449,3.96810928659001e-05,0.00645623951292514,5,5.410449,0.00645623951292514,"arahy.Tifrunner.gnm2.ann2.Ah13g211700"
227866,5,"arahy.Tifrunner.gnm2.ann2.Ah07g271900",4.10223,3.1016662,4.09187257931106e-05,0.00659272898664419,5,3.1016662,0.00659272898664419,"arahy.Tifrunner.gnm2.ann2.Ah07g271900"
227867,5,"arahy.Tifrunner.gnm2.ann2.Ah13g323000",4.1018233,2.2667167,4.09907010561595e-05,0.00659272898664419,5,2.2667167,0.00659272898664419,"arahy.Tifrunner.gnm2.ann2.Ah13g323000"
227868,5,"arahy.Tifrunner.gnm2.ann2.Ah12g037400",4.093656,1.1906626,4.24623684369285e-05,0.00678265565165871,5,1.1906626,0.00678265565165871,"arahy.Tifrunner.gnm2.ann2.Ah12g037400"
227869,5,"arahy.Tifrunner.gnm2.ann2.Ah13g604700",4.0869327,2.0607767,4.37113672848249e-05,0.00692947456382628,5,2.0607767,0.00692947456382628,"arahy.Tifrunner.gnm2.ann2.Ah13g604700"
227870,5,"arahy.Tifrunner.gnm2.ann2.Ah10g192700",4.0866723,1.9971347,4.37604727753106e-05,0.00692947456382628,5,1.9971347,0.00692947456382628,"arahy.Tifrunner.gnm2.ann2.Ah10g192700"
227871,5,"arahy.Tifrunner.gnm2.ann2.Ah10g086700",4.0862603,1.7009012,4.38381661185741e-05,0.00692947456382628,5,1.7009012,0.00692947456382628,"arahy.Tifrunner.gnm2.ann2.Ah10g086700"
227872,5,"arahy.Tifrunner.gnm2.ann2.Ah10g326000",4.079391,1.7135222,4.51538259531923e-05,0.00711274315810771,5,1.7135222,0.00711274315810771,"arahy.Tifrunner.gnm2.ann2.Ah10g326000"
227873,5,"arahy.Tifrunner.gnm2.ann2.Ah03g559900",4.031154,1.7990533,5.55036343637335e-05,0.00871292224405036,5,1.7990533,0.00871292224405036,"arahy.Tifrunner.gnm2.ann2.Ah03g559900"
227874,5,"arahy.Tifrunner.gnm2.ann2.Ah03g085700",4.0167327,2.209926,5.90106328110846e-05,0.00923161528553888,5,2.209926,0.00923161528553888,"arahy.Tifrunner.gnm2.ann2.Ah03g085700"
227875,5,"arahy.Tifrunner.gnm2.ann2.Ah01g235700",3.9945035,2.6137965,6.48299872829967e-05,0.0100727656691848,5,2.6137965,0.0100727656691848,"arahy.Tifrunner.gnm2.ann2.Ah01g235700"
227876,5,"arahy.Tifrunner.gnm2.ann2.Ah06g039900",3.9920747,5.651021,6.54977519514248e-05,0.0101419036048866,5,5.651021,0.0101419036048866,"arahy.Tifrunner.gnm2.ann2.Ah06g039900"
227877,5,"arahy.Tifrunner.gnm2.ann2.Ah03g424500",3.9817183,4.228981,6.84188094693255e-05,0.0105582979060392,5,4.228981,0.0105582979060392,"arahy.Tifrunner.gnm2.ann2.Ah03g424500"
227878,5,"arahy.Tifrunner.gnm2.ann2.Ah07g188600",3.9746823,0.2187365,7.04732866517798e-05,0.0108386010187014,5,0.2187365,0.0108386010187014,"arahy.Tifrunner.gnm2.ann2.Ah07g188600"
227879,5,"arahy.Tifrunner.gnm2.ann2.Ah06g333800",3.9663222,4.363228,7.29901783978774e-05,0.0111878952235184,5,4.363228,0.0111878952235184,"arahy.Tifrunner.gnm2.ann2.Ah06g333800"
227880,5,"STRG.1454",3.9578736,0.750443,7.56199638055591e-05,0.011547913372563,5,0.750443,0.011547913372563,"STRG.1454"
227881,5,"arahy.Tifrunner.gnm2.ann2.Ah01g247000",3.9571595,0.29473132,7.58462810472794e-05,0.011547913372563,5,0.29473132,0.011547913372563,"arahy.Tifrunner.gnm2.ann2.Ah01g247000"
227882,5,"arahy.Tifrunner.gnm2.ann2.Ah10g327300",3.9548767,0.5357996,7.65741402283996e-05,0.0116198705325255,5,0.5357996,0.0116198705325255,"arahy.Tifrunner.gnm2.ann2.Ah10g327300"
227883,5,"arahy.Tifrunner.gnm2.ann2.Ah10g163600",3.9421437,2.664833,8.07565347505295e-05,0.012213822219213,5,2.664833,0.012213822219213,"arahy.Tifrunner.gnm2.ann2.Ah10g163600"
227884,5,"arahy.Tifrunner.gnm2.ann2.Ah20g254300",3.9140513,1.8710003,9.07603846184935e-05,0.0136362235952881,5,1.8710003,0.0136362235952881,"arahy.Tifrunner.gnm2.ann2.Ah20g254300"
227885,5,"STRG.4510",3.8574333,0.39287305,0.000114583902739244,0.0171026806173814,5,0.39287305,0.0171026806173814,"STRG.4510"
227886,5,"arahy.Tifrunner.gnm2.ann2.Ah07g157400",3.8551087,4.0172873,0.000115678162966933,0.0172095839572112,5,4.0172873,0.0172095839572112,"arahy.Tifrunner.gnm2.ann2.Ah07g157400"
227887,5,"arahy.Tifrunner.gnm2.ann2.Ah17g301000",3.8467278,0.33788854,0.000119705762584718,0.0176931335581386,5,0.33788854,0.0176931335581386,"arahy.Tifrunner.gnm2.ann2.Ah17g301000"
227888,5,"arahy.Tifrunner.gnm2.ann2.Ah11g065500",3.8401504,0.6119964,0.000122958950268692,0.0181151561554431,5,0.6119964,0.0181151561554431,"arahy.Tifrunner.gnm2.ann2.Ah11g065500"
227889,5,"arahy.Tifrunner.gnm2.ann2.Ah03g097600",3.839134,3.5889733,0.000123468995276553,0.0181316210999026,5,3.5889733,0.0181316210999026,"arahy.Tifrunner.gnm2.ann2.Ah03g097600"
227890,5,"STRG.4331",3.8364968,0.5879043,0.00012480181499483,0.0182233893647201,5,0.5879043,0.0182233893647201,"STRG.4331"
227891,5,"arahy.Tifrunner.gnm2.ann2.Ah01g380700",3.8363144,6.3034043,0.000124894505794584,0.0182233893647201,5,6.3034043,0.0182233893647201,"arahy.Tifrunner.gnm2.ann2.Ah01g380700"
227892,5,"arahy.Tifrunner.gnm2.ann2.Ah10g024900",3.821627,2.0624616,0.000132574102163888,0.0192821195747886,5,2.0624616,0.0192821195747886,"arahy.Tifrunner.gnm2.ann2.Ah10g024900"
227893,5,"arahy.Tifrunner.gnm2.ann2.Ah10g387400",3.7913036,5.280232,0.000149858585815995,0.0216576579704361,5,5.280232,0.0216576579704361,"arahy.Tifrunner.gnm2.ann2.Ah10g387400"
227894,5,"arahy.Tifrunner.gnm2.ann2.Ah16g465500",3.7791286,4.1553535,0.000157378217385388,0.0226724239501659,5,4.1553535,0.0226724239501659,"arahy.Tifrunner.gnm2.ann2.Ah16g465500"
227895,5,"arahy.Tifrunner.gnm2.ann2.Ah04g351400",3.7675996,2.911248,0.000164824817191592,0.0236702996146058,5,2.911248,0.0236702996146058,"arahy.Tifrunner.gnm2.ann2.Ah04g351400"
227896,5,"arahy.Tifrunner.gnm2.ann2.Ah07g327200",3.75802,3.0894022,0.000171263248264155,0.0245175726854635,5,3.0894022,0.0245175726854635,"arahy.Tifrunner.gnm2.ann2.Ah07g327200"
227897,5,"STRG.2454",3.7124724,2.704625,0.000205244474952864,0.0291985921179818,5,2.704625,0.0291985921179818,"STRG.2454"
227898,5,"STRG.4259",3.6978579,0.2971474,0.000217426492776486,0.0308352761905195,5,0.2971474,0.0308352761905195,"STRG.4259"
227899,5,"STRG.4489",3.6948507,1.6219608,0.000220016082174834,0.031105627717165,5,1.6219608,0.031105627717165,"STRG.4489"
227900,5,"arahy.Tifrunner.gnm2.ann2.Ah15g562000",3.691739,1.192879,0.000222725892346126,0.0313912492977246,5,1.192879,0.0313912492977246,"arahy.Tifrunner.gnm2.ann2.Ah15g562000"
227901,5,"arahy.Tifrunner.gnm2.ann2.Ah20g520900",3.6894615,0.2427501,0.000224729282069206,0.031575851348514,5,0.2427501,0.031575851348514,"arahy.Tifrunner.gnm2.ann2.Ah20g520900"
227902,5,"arahy.Tifrunner.gnm2.ann2.Ah17g302400",3.6727257,0.33577493,0.000239976986274116,0.0333070497656795,5,0.33577493,0.0333070497656795,"arahy.Tifrunner.gnm2.ann2.Ah17g302400"
227903,5,"arahy.Tifrunner.gnm2.ann2.Ah04g420100",3.6492927,1.8528879,0.000262963387130125,0.0363233270095954,5,1.8528879,0.0363233270095954,"arahy.Tifrunner.gnm2.ann2.Ah04g420100"
227904,5,"arahy.Tifrunner.gnm2.ann2.Ah10g190500",3.6489592,0.24188751,0.000263305024012971,0.0363233270095954,5,0.24188751,0.0363233270095954,"arahy.Tifrunner.gnm2.ann2.Ah10g190500"
227905,5,"arahy.Tifrunner.gnm2.ann2.Ah07g285700",3.6422355,1.7990423,0.000270280499010067,0.0371729590239706,5,1.7990423,0.0371729590239706,"arahy.Tifrunner.gnm2.ann2.Ah07g285700"
227906,5,"arahy.Tifrunner.gnm2.ann2.Ah17g022900",3.6125793,4.701569,0.000303166207262554,0.0415702964440377,5,4.701569,0.0415702964440377,"arahy.Tifrunner.gnm2.ann2.Ah17g022900"
227907,5,"STRG.5300",3.6116362,1.2743269,0.00030427138499006,0.0415965481390015,5,1.2743269,0.0415965481390015,"STRG.5300"
227908,5,"arahy.Tifrunner.gnm2.ann2.Ah03g366300",3.5911686,1.5178033,0.000329198607866926,0.0448695731273471,5,1.5178033,0.0448695731273471,"arahy.Tifrunner.gnm2.ann2.Ah03g366300"
227909,5,"arahy.Tifrunner.gnm2.ann2.Ah0g051700",3.5771327,0.50950825,0.000347383847701596,0.0470663758415698,5,0.50950825,0.0470663758415698,"arahy.Tifrunner.gnm2.ann2.Ah0g051700"
227910,5,"arahy.Tifrunner.gnm2.ann2.Ah06g024900",3.5753763,2.3930097,0.000349724562230248,0.0472429108930855,5,2.3930097,0.0472429108930855,"arahy.Tifrunner.gnm2.ann2.Ah06g024900"
227911,5,"arahy.Tifrunner.gnm2.ann2.Ah05g464500",3.5638368,1.9010991,0.000365473068139988,0.0490790441121086,5,1.9010991,0.0490790441121086,"arahy.Tifrunner.gnm2.ann2.Ah05g464500"
273097,5,"STRG.5769",-3.5653276,-1.6513537,0.000363402051775711,0.0489453106657913,5,-1.6513537,0.0489453106657913,"STRG.5769"
273098,5,"STRG.3892",-3.5833244,-1.1600965,0.000339248676901921,0.046101363484427,5,-1.1600965,0.046101363484427,"STRG.3892"
273099,5,"arahy.Tifrunner.gnm2.ann2.Ah20g419300",-3.6806793,-1.7428149,0.000232613471224892,0.0323837787891192,5,-1.7428149,0.0323837787891192,"arahy.Tifrunner.gnm2.ann2.Ah20g419300"
273100,5,"arahy.Tifrunner.gnm2.ann2.Ah03g486200",-3.6864386,-1.4512041,0.000227414374775755,0.0317570920162314,5,-1.4512041,0.0317570920162314,"arahy.Tifrunner.gnm2.ann2.Ah03g486200"
273101,5,"arahy.Tifrunner.gnm2.ann2.Ah03g273500",-3.688445,-0.71549356,0.000225628690350985,0.0316046784601177,5,-0.71549356,0.0316046784601177,"arahy.Tifrunner.gnm2.ann2.Ah03g273500"
273102,5,"arahy.Tifrunner.gnm2.ann2.Ah03g031500",-3.738553,-1.7743818,0.000185082366208247,0.0264128201857813,5,-1.7743818,0.0264128201857813,"arahy.Tifrunner.gnm2.ann2.Ah03g031500"
273103,5,"arahy.Tifrunner.gnm2.ann2.Ah0g033200",-3.8126519,-0.1347333,0.000137483641492573,0.019932500940471,5,-0.1347333,0.019932500940471,"arahy.Tifrunner.gnm2.ann2.Ah0g033200"
273104,5,"arahy.Tifrunner.gnm2.ann2.Ah15g171100",-3.8530605,-1.7253824,0.000116650548974467,0.0172977185391324,5,-1.7253824,0.0172977185391324,"arahy.Tifrunner.gnm2.ann2.Ah15g171100"
273105,5,"arahy.Tifrunner.gnm2.ann2.Ah12g166200",-3.908563,-0.8323741,9.28467527017785e-05,0.0139038012170913,5,-0.8323741,0.0139038012170913,"arahy.Tifrunner.gnm2.ann2.Ah12g166200"
273106,5,"arahy.Tifrunner.gnm2.ann2.Ah0g033100",-3.9216502,-0.19948854,8.79445797465797e-05,0.0132569173787526,5,-0.19948854,0.0132569173787526,"arahy.Tifrunner.gnm2.ann2.Ah0g033100"
273107,5,"STRG.409",-3.9984436,-1.2052206,6.37603490433678e-05,0.00994050044469273,5,-1.2052206,0.00994050044469273,"STRG.409"
273108,5,"arahy.Tifrunner.gnm2.ann2.Ah13g051400",-4.101047,-1.5770289,4.11285263203354e-05,0.00659272898664419,5,-1.5770289,0.00659272898664419,"arahy.Tifrunner.gnm2.ann2.Ah13g051400"
273109,5,"arahy.Tifrunner.gnm2.ann2.Ah08g070300",-4.103877,-1.5951638,4.06283589125469e-05,0.00658208331364692,5,-1.5951638,0.00658208331364692,"arahy.Tifrunner.gnm2.ann2.Ah08g070300"
273110,5,"STRG.330",-4.109162,-0.9292713,3.97097588880379e-05,0.00645623951292514,5,-0.9292713,0.00645623951292514,"STRG.330"
273111,5,"STRG.6383",-4.187175,-0.35512978,2.82448117762926e-05,0.00467569749565071,5,-0.35512978,0.00467569749565071,"STRG.6383"
273112,5,"arahy.Tifrunner.gnm2.ann2.Ah19g291900",-4.211145,-1.1553289,2.540797338382e-05,0.00425247272178317,5,-1.1553289,0.00425247272178317,"arahy.Tifrunner.gnm2.ann2.Ah19g291900"
273113,5,"STRG.1171",-4.3619747,-0.9516985,1.28893856562059e-05,0.00225683227928122,5,-0.9516985,0.00225683227928122,"STRG.1171"
273114,5,"arahy.Tifrunner.gnm2.ann2.Ah09g220200",-4.41202,-1.1372443,1.02410619208692e-05,0.00183548859403799,5,-1.1372443,0.00183548859403799,"arahy.Tifrunner.gnm2.ann2.Ah09g220200"
273115,5,"arahy.Tifrunner.gnm2.ann2.Ah03g031400",-4.4393673,-1.1770372,9.02236977590825e-06,0.001636391879197,5,-1.1770372,0.001636391879197,"arahy.Tifrunner.gnm2.ann2.Ah03g031400"
273116,5,"arahy.Tifrunner.gnm2.ann2.Ah17g352100",-4.447696,-1.8796996,8.67962014085112e-06,0.00158687159555063,5,-1.8796996,0.00158687159555063,"arahy.Tifrunner.gnm2.ann2.Ah17g352100"
273117,5,"arahy.Tifrunner.gnm2.ann2.Ah03g083700",-4.4784627,-1.0445734,7.51825817336044e-06,0.00139130563042301,5,-1.0445734,0.00139130563042301,"arahy.Tifrunner.gnm2.ann2.Ah03g083700"
273118,5,"arahy.Tifrunner.gnm2.ann2.Ah08g021700",-4.5700164,-1.9608774,4.87686411649108e-06,0.000932833453945966,5,-1.9608774,0.000932833453945966,"arahy.Tifrunner.gnm2.ann2.Ah08g021700"
273119,5,"arahy.Tifrunner.gnm2.ann2.Ah13g051500",-4.7404275,-1.0765082,2.13267887453207e-06,0.000423965384647153,5,-1.0765082,0.000423965384647153,"arahy.Tifrunner.gnm2.ann2.Ah13g051500"
273120,5,"arahy.Tifrunner.gnm2.ann2.Ah14g403600",-4.7617807,-1.5256919,1.91891971042823e-06,0.000383144302182171,5,-1.5256919,0.000383144302182171,"arahy.Tifrunner.gnm2.ann2.Ah14g403600"
273121,5,"STRG.345",-4.774352,-1.1576523,1.80286630141111e-06,0.000363157900466546,5,-1.1576523,0.000363157900466546,"STRG.345"
273122,5,"arahy.Tifrunner.gnm2.ann2.Ah18g476200",-4.7816386,-0.9290139,1.73872096387803e-06,0.000351793480709259,5,-0.9290139,0.000351793480709259,"arahy.Tifrunner.gnm2.ann2.Ah18g476200"
273123,5,"STRG.3558",-4.814401,-0.50749886,1.47641993737467e-06,0.000300055987629662,5,-0.50749886,0.000300055987629662,"STRG.3558"
273124,5,"arahy.Tifrunner.gnm2.ann2.Ah15g406500",-4.931275,-1.1185712,8.16947511500679e-07,0.000171385799601645,5,-1.1185712,0.000171385799601645,"arahy.Tifrunner.gnm2.ann2.Ah15g406500"
273125,5,"STRG.2766",-4.940083,-1.0865947,7.80893373201775e-07,0.00016458050889647,5,-1.0865947,0.00016458050889647,"STRG.2766"
273126,5,"arahy.Tifrunner.gnm2.ann2.Ah06g147500",-5.09171,-0.5802892,3.54848381262777e-07,7.95769345251559e-05,5,-0.5802892,7.95769345251559e-05,"arahy.Tifrunner.gnm2.ann2.Ah06g147500"
273127,5,"arahy.Tifrunner.gnm2.ann2.Ah13g051300",-5.266906,-1.2778162,1.38742330568431e-07,3.37759671486485e-05,5,-1.2778162,3.37759671486485e-05,"arahy.Tifrunner.gnm2.ann2.Ah13g051300"
273128,5,"arahy.Tifrunner.gnm2.ann2.Ah08g256000",-5.423531,-1.3141516,5.84329921948261e-08,1.44570844384634e-05,5,-1.3141516,1.44570844384634e-05,"arahy.Tifrunner.gnm2.ann2.Ah08g256000"
273129,5,"STRG.4756",-5.483068,-1.6088184,4.18012757055652e-08,1.06310685766489e-05,5,-1.6088184,1.06310685766489e-05,"STRG.4756"
273130,5,"STRG.3413",-5.6688385,-0.87518656,1.43768682447007e-08,3.91911706569913e-06,5,-0.87518656,3.91911706569913e-06,"STRG.3413"
273131,5,"arahy.Tifrunner.gnm2.ann2.Ah05g371500",-5.736782,-1.2951089,9.64922662211696e-09,2.66225086512274e-06,5,-1.2951089,2.66225086512274e-06,"arahy.Tifrunner.gnm2.ann2.Ah05g371500"
273132,5,"STRG.231",-5.776935,-1.2702767,7.60735422012254e-09,2.12464535899913e-06,5,-1.2702767,2.12464535899913e-06,"STRG.231"
273133,5,"arahy.Tifrunner.gnm2.ann2.Ah01g106500",-6.0394526,-0.9227203,1.54637908900979e-09,4.69315744320544e-07,5,-0.9227203,4.69315744320544e-07,"arahy.Tifrunner.gnm2.ann2.Ah01g106500"
273134,5,"arahy.Tifrunner.gnm2.ann2.Ah18g045800",-7.0593657,-1.051896,1.67264545473423e-12,6.19069200661149e-10,5,-1.051896,6.19069200661149e-10,"arahy.Tifrunner.gnm2.ann2.Ah18g045800"
273135,5,"arahy.Tifrunner.gnm2.ann2.Ah04g350700",-7.0610805,-1.6591055,1.65213108362427e-12,6.16488651236978e-10,5,-1.6591055,6.16488651236978e-10,"arahy.Tifrunner.gnm2.ann2.Ah04g350700"
273136,5,"STRG.7087",-7.177073,-0.32689685,7.12196387773448e-13,2.77111353478619e-10,5,-0.32689685,2.77111353478619e-10,"STRG.7087"
273137,5,"arahy.Tifrunner.gnm2.ann2.Ah19g485300",-7.188915,-1.2126535,6.53083640515806e-13,2.56301548714151e-10,5,-1.2126535,2.56301548714151e-10,"arahy.Tifrunner.gnm2.ann2.Ah19g485300"
273138,5,"STRG.192",-7.214709,-0.7598491,5.4049509907599e-13,2.1396085991596e-10,5,-0.7598491,2.1396085991596e-10,"STRG.192"
273139,5,"STRG.1614",-7.309348,-1.5254157,2.68441577170817e-13,1.09111913920753e-10,5,-1.5254157,1.09111913920753e-10,"STRG.1614"
273140,5,"arahy.Tifrunner.gnm2.ann2.Ah08g165700",-7.574518,-1.001117,3.60462469734899e-14,1.54808428983128e-11,5,-1.001117,1.54808428983128e-11,"arahy.Tifrunner.gnm2.ann2.Ah08g165700"
273141,5,"arahy.Tifrunner.gnm2.ann2.Ah17g130900",-7.6145883,-1.2915422,2.6453370217051e-14,1.1579454093856e-11,5,-1.2915422,1.1579454093856e-11,"arahy.Tifrunner.gnm2.ann2.Ah17g130900"
273142,5,"arahy.Tifrunner.gnm2.ann2.Ah07g120100",-9.004734,-1.1517447,2.16188238416334e-19,1.36691018967572e-16,5,-1.1517447,1.36691018967572e-16,"arahy.Tifrunner.gnm2.ann2.Ah07g120100"
273143,5,"arahy.Tifrunner.gnm2.ann2.Ah06g310100",-9.1044655,-1.6529853,8.66919369555454e-20,5.55854047600599e-17,5,-1.6529853,5.55854047600599e-17,"arahy.Tifrunner.gnm2.ann2.Ah06g310100"
273144,6,"STRG.1331",27.022728,6.4638577,7.99202173139816e-161,3.6382879730017e-156,6,6.4638577,3.6382879730017e-156,"STRG.1331"
273145,6,"arahy.Tifrunner.gnm2.ann2.Ah11g096700",24.732481,6.180994,4.78577771221685e-135,1.0893387228548e-130,6,6.180994,1.0893387228548e-130,"arahy.Tifrunner.gnm2.ann2.Ah11g096700"
273146,6,"arahy.Tifrunner.gnm2.ann2.Ah19g182600",22.903202,6.224127,4.31701223511405e-116,6.55092216637773e-112,6,6.224127,6.55092216637773e-112,"arahy.Tifrunner.gnm2.ann2.Ah19g182600"
273147,6,"arahy.Tifrunner.gnm2.ann2.Ah18g201000",22.038923,6.157535,1.22002763577286e-107,1.38851345227309e-103,6,6.157535,1.38851345227309e-103,"arahy.Tifrunner.gnm2.ann2.Ah18g201000"
273148,6,"STRG.7352",21.531954,5.2849073,7.81681518154785e-103,7.11705388649569e-99,6,5.2849073,7.11705388649569e-99,"STRG.7352"
273149,6,"STRG.4050",19.58556,5.3041544,2.05333125428203e-85,1.55793086699892e-81,6,5.3041544,1.55793086699892e-81,"STRG.4050"
273150,6,"STRG.2117",18.741413,6.226274,2.27507737601765e-78,1.47958032094039e-74,6,6.226274,1.47958032094039e-74,"STRG.2117"
273151,6,"arahy.Tifrunner.gnm2.ann2.Ah08g059800",17.827637,5.758104,4.31276047772893e-71,2.45417634985165e-67,6,5.758104,2.45417634985165e-67,"arahy.Tifrunner.gnm2.ann2.Ah08g059800"
273152,6,"arahy.Tifrunner.gnm2.ann2.Ah06g069800",16.949286,6.215266,1.94809849789904e-64,9.85391511315064e-61,6,6.215266,9.85391511315064e-61,"arahy.Tifrunner.gnm2.ann2.Ah06g069800"
273153,6,"STRG.6383",15.490622,1.5579515,4.01391806969238e-54,1.82729606204676e-50,6,1.5579515,1.82729606204676e-50,"STRG.6383"
273154,6,"arahy.Tifrunner.gnm2.ann2.Ah0g033100",15.265034,1.1445912,1.30759669934316e-52,5.41154837644529e-49,6,1.1445912,5.41154837644529e-49,"arahy.Tifrunner.gnm2.ann2.Ah0g033100"
273155,6,"arahy.Tifrunner.gnm2.ann2.Ah19g483100",14.895982,6.1921625,3.50006093204885e-50,1.3278064489216e-46,6,6.1921625,1.3278064489216e-46,"arahy.Tifrunner.gnm2.ann2.Ah19g483100"
273156,6,"arahy.Tifrunner.gnm2.ann2.Ah10g020100",14.8327675,6.474289,8.99475123988238e-50,3.1498235034185e-46,6,6.474289,3.1498235034185e-46,"arahy.Tifrunner.gnm2.ann2.Ah10g020100"
273157,6,"STRG.4937",14.407904,3.762476,4.61505663188086e-47,1.50068455792674e-43,6,3.762476,1.50068455792674e-43,"STRG.4937"
273158,6,"STRG.7087",14.385561,0.9953227,6.37590578645016e-47,1.93504490014905e-43,6,0.9953227,1.93504490014905e-43,"STRG.7087"
273159,6,"arahy.Tifrunner.gnm2.ann2.Ah09g135900",13.677822,6.275781,1.37757738949893e-42,3.91955206747184e-39,6,6.275781,3.91955206747184e-39,"arahy.Tifrunner.gnm2.ann2.Ah09g135900"
273160,6,"arahy.Tifrunner.gnm2.ann2.Ah09g136000",13.663494,6.1184897,1.67738451474243e-42,4.49183839112556e-39,6,6.1184897,4.49183839112556e-39,"arahy.Tifrunner.gnm2.ann2.Ah09g136000"
273161,6,"arahy.Tifrunner.gnm2.ann2.Ah14g462700",13.50106,6.464201,1.54144006901253e-41,3.89847320565147e-38,6,6.464201,3.89847320565147e-38,"arahy.Tifrunner.gnm2.ann2.Ah14g462700"
273162,6,"arahy.Tifrunner.gnm2.ann2.Ah04g393800",13.176592,6.287744,1.19675963619933e-39,2.86743608833359e-36,6,6.287744,2.86743608833359e-36,"arahy.Tifrunner.gnm2.ann2.Ah04g393800"
273163,6,"arahy.Tifrunner.gnm2.ann2.Ah11g465500",12.885686,6.4461384,5.4191728650293e-38,1.23351212753797e-34,6,6.4461384,1.23351212753797e-34,"arahy.Tifrunner.gnm2.ann2.Ah11g465500"
273164,6,"arahy.Tifrunner.gnm2.ann2.Ah14g186400",12.434503,5.608446,1.69793487773947e-35,3.68079939877198e-32,6,5.608446,3.68079939877198e-32,"arahy.Tifrunner.gnm2.ann2.Ah14g186400"
273165,6,"arahy.Tifrunner.gnm2.ann2.Ah16g095800",12.355374,5.6054482,4.55629260547411e-35,9.42821202598197e-32,6,5.6054482,9.42821202598197e-32,"arahy.Tifrunner.gnm2.ann2.Ah16g095800"
273166,6,"STRG.2546",11.508905,4.822603,1.18979215551962e-30,2.35496078642935e-27,6,4.822603,2.35496078642935e-27,"STRG.2546"
273167,6,"arahy.Tifrunner.gnm2.ann2.Ah04g168900",11.459709,5.6849375,2.10219804431145e-30,3.9875193237181e-27,6,5.6849375,3.9875193237181e-27,"arahy.Tifrunner.gnm2.ann2.Ah04g168900"
273168,6,"arahy.Tifrunner.gnm2.ann2.Ah14g496200",11.085373,5.8699894,1.47733920311734e-28,2.69017559530856e-25,6,5.8699894,2.69017559530856e-25,"arahy.Tifrunner.gnm2.ann2.Ah14g496200"
273169,6,"STRG.36",10.60015,2.2532747,2.97503831091866e-26,5.20906323331773e-23,6,2.2532747,5.20906323331773e-23,"STRG.36"
273170,6,"arahy.Tifrunner.gnm2.ann2.Ah0g018100",10.440183,1.1261878,1.62497410549033e-25,2.73982671030895e-22,6,1.1261878,2.73982671030895e-22,"arahy.Tifrunner.gnm2.ann2.Ah0g018100"
273171,6,"arahy.Tifrunner.gnm2.ann2.Ah13g248300",10.432996,4.8488584,1.75273598759851e-25,2.84969832497981e-22,6,4.8488584,2.84969832497981e-22,"arahy.Tifrunner.gnm2.ann2.Ah13g248300"
273172,6,"arahy.Tifrunner.gnm2.ann2.Ah19g182700",10.4033575,6.0378,2.39348525154729e-25,3.75727664108411e-22,6,6.0378,3.75727664108411e-22,"arahy.Tifrunner.gnm2.ann2.Ah19g182700"
273173,6,"arahy.Tifrunner.gnm2.ann2.Ah13g223400",10.382639,4.2626333,2.97437333703086e-25,4.37004002614963e-22,6,4.2626333,4.37004002614963e-22,"arahy.Tifrunner.gnm2.ann2.Ah13g223400"
273174,6,"arahy.Tifrunner.gnm2.ann2.Ah17g268300",10.382592,5.925452,2.97582024450045e-25,4.37004002614963e-22,6,5.925452,4.37004002614963e-22,"arahy.Tifrunner.gnm2.ann2.Ah17g268300"
273175,6,"arahy.Tifrunner.gnm2.ann2.Ah04g426100",10.209342,4.8888454,1.80081236737878e-24,2.56188069414223e-21,6,4.8888454,2.56188069414223e-21,"arahy.Tifrunner.gnm2.ann2.Ah04g426100"
273176,6,"arahy.Tifrunner.gnm2.ann2.Ah16g422700",10.2043915,6.103439,1.89506226080667e-24,2.61426710184736e-21,6,6.103439,2.61426710184736e-21,"arahy.Tifrunner.gnm2.ann2.Ah16g422700"
273177,6,"STRG.2373",10.177506,3.5127401,2.49881526594786e-24,3.34576665197089e-21,6,3.5127401,3.34576665197089e-21,"STRG.2373"
273178,6,"STRG.6291",10.089869,4.7515035,6.12517084338566e-24,7.96692221355111e-21,6,4.7515035,7.96692221355111e-21,"STRG.6291"
273179,6,"STRG.4006",10.034513,4.1727953,1.07487610493898e-23,1.3592405500345e-20,6,4.1727953,1.3592405500345e-20,"STRG.4006"
273180,6,"arahy.Tifrunner.gnm2.ann2.Ah08g035900",10.00428,6.1535316,1.45949858936305e-23,1.79573550762604e-20,6,6.1535316,1.79573550762604e-20,"arahy.Tifrunner.gnm2.ann2.Ah08g035900"
273181,6,"arahy.Tifrunner.gnm2.ann2.Ah13g119400",9.89911,6.331338,4.19994672202597e-23,5.03153617298712e-20,6,6.331338,5.03153617298712e-20,"arahy.Tifrunner.gnm2.ann2.Ah13g119400"
273182,6,"arahy.Tifrunner.gnm2.ann2.Ah18g200900",9.835935,6.645046,7.88323999128558e-23,9.20196454777653e-20,6,6.645046,9.20196454777653e-20,"arahy.Tifrunner.gnm2.ann2.Ah18g200900"
273183,6,"arahy.Tifrunner.gnm2.ann2.Ah15g471900",9.795086,6.1349363,1.18196968018529e-22,1.34519969301888e-19,6,6.1349363,1.34519969301888e-19,"arahy.Tifrunner.gnm2.ann2.Ah15g471900"
273184,6,"arahy.Tifrunner.gnm2.ann2.Ah03g033900",9.39101,6.2228827,5.94273245223794e-21,6.59846224769951e-18,6,6.2228827,6.59846224769951e-18,"arahy.Tifrunner.gnm2.ann2.Ah03g033900"
273185,6,"arahy.Tifrunner.gnm2.ann2.Ah09g432900",9.182459,6.0390143,4.21358418500245e-20,4.35952741904663e-17,6,6.0390143,4.35952741904663e-17,"arahy.Tifrunner.gnm2.ann2.Ah09g432900"
273186,6,"arahy.Tifrunner.gnm2.ann2.Ah19g182800",9.151598,5.799369,5.60974732064866e-20,5.67506971167132e-17,6,5.799369,5.67506971167132e-17,"arahy.Tifrunner.gnm2.ann2.Ah19g182800"
273187,6,"arahy.Tifrunner.gnm2.ann2.Ah07g015900",9.087896,1.4926167,1.00974037084159e-19,9.99291753091147e-17,6,1.4926167,9.99291753091147e-17,"arahy.Tifrunner.gnm2.ann2.Ah07g015900"
273188,6,"arahy.Tifrunner.gnm2.ann2.Ah07g076600",9.005317,6.2048635,2.15043559477229e-19,2.03950895867529e-16,6,6.2048635,2.03950895867529e-16,"arahy.Tifrunner.gnm2.ann2.Ah07g076600"
273189,6,"arahy.Tifrunner.gnm2.ann2.Ah03g088000",8.629882,5.927721,6.14152442453855e-18,5.37666842120563e-15,6,5.927721,5.37666842120563e-15,"arahy.Tifrunner.gnm2.ann2.Ah03g088000"
273190,6,"arahy.Tifrunner.gnm2.ann2.Ah17g141500",8.538715,6.0654445,1.35721896428561e-17,1.16577426660638e-14,6,6.0654445,1.16577426660638e-14,"arahy.Tifrunner.gnm2.ann2.Ah17g141500"
273191,6,"arahy.Tifrunner.gnm2.ann2.Ah19g483000",8.474835,6.007946,2.35411528794635e-17,1.98460637719388e-14,6,6.007946,1.98460637719388e-14,"arahy.Tifrunner.gnm2.ann2.Ah19g483000"
273192,6,"arahy.Tifrunner.gnm2.ann2.Ah08g172800",8.312223,6.6276717,9.39256685157711e-17,7.63548595269993e-14,6,6.6276717,7.63548595269993e-14,"arahy.Tifrunner.gnm2.ann2.Ah08g172800"
273193,6,"STRG.6761",7.8981056,4.642891,2.83173727247622e-15,2.26161416828434e-12,6,4.642891,2.26161416828434e-12,"STRG.6761"
273194,6,"arahy.Tifrunner.gnm2.ann2.Ah09g433000",7.7261167,5.741663,1.10877111119761e-14,8.55520272307799e-12,6,5.741663,8.55520272307799e-12,"arahy.Tifrunner.gnm2.ann2.Ah09g433000"
273195,6,"STRG.1176",7.620127,4.10932,2.53426143372546e-14,1.92282862514863e-11,6,4.10932,1.92282862514863e-11,"STRG.1176"
273196,6,"arahy.Tifrunner.gnm2.ann2.Ah20g158000",7.6046853,1.6197431,2.85598479487133e-14,2.13140740658562e-11,6,1.6197431,2.13140740658562e-11,"arahy.Tifrunner.gnm2.ann2.Ah20g158000"
273197,6,"STRG.3413",7.4999332,1.0530045,6.38502620448727e-14,4.68825698279159e-11,6,1.0530045,4.68825698279159e-11,"STRG.3413"
273198,6,"STRG.4510",7.2428045,1.2125156,4.3950049461158e-13,3.03148795707539e-10,6,1.2125156,3.03148795707539e-10,"STRG.4510"
273199,6,"arahy.Tifrunner.gnm2.ann2.Ah13g550200",7.1398478,5.9969463,9.34344490208827e-13,6.34852217496517e-10,6,5.9969463,6.34852217496517e-10,"arahy.Tifrunner.gnm2.ann2.Ah13g550200"
273200,6,"STRG.5668",7.087348,2.5026524,1.36706331383829e-12,9.15208680870208e-10,6,2.5026524,9.15208680870208e-10,"STRG.5668"
273201,6,"STRG.1799",6.91327,5.263261,4.73607634001761e-12,3.12471216381104e-09,6,5.263261,3.12471216381104e-09,"STRG.1799"
273202,6,"STRG.1847",6.7694645,0.8231901,1.29259858698154e-11,8.40632258196392e-09,6,0.8231901,8.40632258196392e-09,"STRG.1847"
273203,6,"arahy.Tifrunner.gnm2.ann2.Ah0g033200",6.6471977,0.39185685,2.98725966314181e-11,1.86290423157353e-08,6,0.39185685,1.86290423157353e-08,"arahy.Tifrunner.gnm2.ann2.Ah0g033200"
273204,6,"arahy.Tifrunner.gnm2.ann2.Ah05g322300",6.515825,5.739151,7.22913497506737e-11,4.4472856838509e-08,6,5.739151,4.4472856838509e-08,"arahy.Tifrunner.gnm2.ann2.Ah05g322300"
273205,6,"STRG.5964",6.5073147,5.062015,7.65060734489556e-11,4.64381665025367e-08,6,5.062015,4.64381665025367e-08,"STRG.5964"
273206,6,"STRG.3653",6.489157,4.428281,8.63178968045394e-11,5.17044201859191e-08,6,4.428281,5.17044201859191e-08,"STRG.3653"
273207,6,"arahy.Tifrunner.gnm2.ann2.Ah03g194600",6.4219275,5.085195,1.34559680219975e-10,7.95544789913525e-08,6,5.085195,7.95544789913525e-08,"arahy.Tifrunner.gnm2.ann2.Ah03g194600"
273208,6,"STRG.6379",6.410431,0.7290277,1.45108886553663e-10,8.46914993778071e-08,6,0.7290277,8.46914993778071e-08,"STRG.6379"
273209,6,"STRG.4581",6.314344,5.2092233,2.71309679859578e-10,1.56343061594018e-07,6,5.2092233,1.56343061594018e-07,"STRG.4581"
273210,6,"STRG.4823",6.185679,2.9562943,6.18357145698459e-10,3.51876133759708e-07,6,2.9562943,3.51876133759708e-07,"STRG.4823"
273211,6,"arahy.Tifrunner.gnm2.ann2.Ah19g293000",6.1440954,6.144914,8.04204242533717e-10,4.51982641198826e-07,6,6.144914,4.51982641198826e-07,"arahy.Tifrunner.gnm2.ann2.Ah19g293000"
273212,6,"arahy.Tifrunner.gnm2.ann2.Ah03g531700",6.140645,6.2652693,8.2187028089469e-10,4.56278325212803e-07,6,6.2652693,4.56278325212803e-07,"arahy.Tifrunner.gnm2.ann2.Ah03g531700"
273213,6,"arahy.Tifrunner.gnm2.ann2.Ah20g054200",5.9708996,3.964403,2.3594918609308e-09,1.27873223186921e-06,6,3.964403,1.27873223186921e-06,"arahy.Tifrunner.gnm2.ann2.Ah20g054200"
273214,6,"STRG.3356",5.9657316,1.1110514,2.43540544003978e-09,1.30434585002789e-06,6,1.1110514,1.30434585002789e-06,"STRG.3356"
273215,6,"arahy.Tifrunner.gnm2.ann2.Ah03g221600",5.9527187,4.582012,2.63724313967563e-09,1.39602158942551e-06,6,4.582012,1.39602158942551e-06,"arahy.Tifrunner.gnm2.ann2.Ah03g221600"
273216,6,"arahy.Tifrunner.gnm2.ann2.Ah13g088800",5.9500804,6.377945,2.6801047652022e-09,1.40240332564442e-06,6,6.377945,1.40240332564442e-06,"arahy.Tifrunner.gnm2.ann2.Ah13g088800"
273217,6,"STRG.6974",5.937447,0.74476355,2.89494655404228e-09,1.49760848779796e-06,6,0.74476355,1.49760848779796e-06,"STRG.6974"
273218,6,"arahy.Tifrunner.gnm2.ann2.Ah17g083900",5.9295173,6.0526037,3.03826893397942e-09,1.55409162865707e-06,6,6.0526037,1.55409162865707e-06,"arahy.Tifrunner.gnm2.ann2.Ah17g083900"
273219,6,"arahy.Tifrunner.gnm2.ann2.Ah01g325000",5.9048066,5.821625,3.53060182777058e-09,1.76003387605032e-06,6,5.821625,1.76003387605032e-06,"arahy.Tifrunner.gnm2.ann2.Ah01g325000"
273220,6,"arahy.Tifrunner.gnm2.ann2.Ah13g098900",5.9036617,5.867451,3.55520526169679e-09,1.76003387605032e-06,6,5.867451,1.76003387605032e-06,"arahy.Tifrunner.gnm2.ann2.Ah13g098900"
273221,6,"arahy.Tifrunner.gnm2.ann2.Ah13g120000",5.899724,5.7782073,3.64110181699949e-09,1.78233891523747e-06,6,5.7782073,1.78233891523747e-06,"arahy.Tifrunner.gnm2.ann2.Ah13g120000"
273222,6,"STRG.986",5.850435,1.2709284,4.90289063647888e-09,2.37445950356452e-06,6,1.2709284,2.37445950356452e-06,"STRG.986"
273223,6,"arahy.Tifrunner.gnm2.ann2.Ah19g182200",5.847062,6.6331306,5.00331373610752e-09,2.39758794234272e-06,6,6.6331306,2.39758794234272e-06,"arahy.Tifrunner.gnm2.ann2.Ah19g182200"
273224,6,"arahy.Tifrunner.gnm2.ann2.Ah20g441800",5.806283,1.9348943,6.38749583335577e-09,3.02900375330925e-06,6,1.9348943,3.02900375330925e-06,"arahy.Tifrunner.gnm2.ann2.Ah20g441800"
273225,6,"STRG.6921",5.783012,4.219578,7.33749394993209e-09,3.44362963481143e-06,6,4.219578,3.44362963481143e-06,"STRG.6921"
273226,6,"arahy.Tifrunner.gnm2.ann2.Ah20g523400",5.7087417,5.8783092,1.13814448934857e-08,5.28702956460246e-06,6,5.8783092,5.28702956460246e-06,"arahy.Tifrunner.gnm2.ann2.Ah20g523400"
273227,6,"arahy.Tifrunner.gnm2.ann2.Ah17g399100",5.6699357,3.1300454,1.42851172830977e-08,6.5688452444014e-06,6,3.1300454,6.5688452444014e-06,"arahy.Tifrunner.gnm2.ann2.Ah17g399100"
273228,6,"arahy.Tifrunner.gnm2.ann2.Ah18g398700",5.6080284,5.7802873,2.04644352246713e-08,9.31622949167937e-06,6,5.7802873,9.31622949167937e-06,"arahy.Tifrunner.gnm2.ann2.Ah18g398700"
273229,6,"arahy.Tifrunner.gnm2.ann2.Ah13g260800",5.541348,6.3802156,3.00152160649762e-08,1.33962029033527e-05,6,6.3802156,1.33962029033527e-05,"arahy.Tifrunner.gnm2.ann2.Ah13g260800"
273230,6,"STRG.6440",5.510433,1.1439761,3.57951965582392e-08,1.58207818263814e-05,6,1.1439761,1.58207818263814e-05,"STRG.6440"
273231,6,"arahy.Tifrunner.gnm2.ann2.Ah20g317100",5.477994,0.86649287,4.301745668669e-08,1.88300644058161e-05,6,0.86649287,1.88300644058161e-05,"arahy.Tifrunner.gnm2.ann2.Ah20g317100"
273232,6,"arahy.Tifrunner.gnm2.ann2.Ah0g051700",5.315776,1.1582179,1.06203756245406e-07,4.43561449478518e-05,6,1.1582179,4.43561449478518e-05,"arahy.Tifrunner.gnm2.ann2.Ah0g051700"
273233,6,"arahy.Tifrunner.gnm2.ann2.Ah06g069700",5.29228,5.7048907,1.20800527273272e-07,4.99938473053495e-05,6,5.7048907,4.99938473053495e-05,"arahy.Tifrunner.gnm2.ann2.Ah06g069700"
273234,6,"arahy.Tifrunner.gnm2.ann2.Ah10g348200",5.2679954,1.6932657,1.37921423164671e-07,5.65651789923285e-05,6,1.6932657,5.65651789923285e-05,"arahy.Tifrunner.gnm2.ann2.Ah10g348200"
273235,6,"arahy.Tifrunner.gnm2.ann2.Ah20g291000",5.2511377,1.1916741,1.51162504236216e-07,6.14421593111561e-05,6,1.1916741,6.14421593111561e-05,"arahy.Tifrunner.gnm2.ann2.Ah20g291000"
273236,6,"arahy.Tifrunner.gnm2.ann2.Ah06g441300",5.211581,1.6906694,1.87237737389587e-07,7.54319536010935e-05,6,1.6906694,7.54319536010935e-05,"arahy.Tifrunner.gnm2.ann2.Ah06g441300"
273237,6,"arahy.Tifrunner.gnm2.ann2.Ah04g169400",5.207187,6.0604444,1.9172484783557e-07,7.65621225690041e-05,6,6.0604444,7.65621225690041e-05,"arahy.Tifrunner.gnm2.ann2.Ah04g169400"
273238,6,"arahy.Tifrunner.gnm2.ann2.Ah16g240300",5.1339307,5.206838,2.83752965192429e-07,0.000111358361960519,6,5.206838,0.000111358361960519,"arahy.Tifrunner.gnm2.ann2.Ah16g240300"
273239,6,"STRG.5294",5.091697,4.0388627,3.54872651448431e-07,0.000138078825508875,6,4.0388627,0.000138078825508875,"STRG.5294"
273240,6,"arahy.Tifrunner.gnm2.ann2.Ah16g084600",5.002805,5.9905314,5.65020279459608e-07,0.000217982908492536,6,5.9905314,0.000217982908492536,"arahy.Tifrunner.gnm2.ann2.Ah16g084600"
273241,6,"arahy.Tifrunner.gnm2.ann2.Ah11g398700",4.9168687,3.56548,8.79395340287111e-07,0.000336416751859079,6,3.56548,0.000336416751859079,"arahy.Tifrunner.gnm2.ann2.Ah11g398700"
273242,6,"arahy.Tifrunner.gnm2.ann2.Ah10g370200",4.877459,3.2474697,1.07461134931536e-06,0.000407671725551937,6,3.2474697,0.000407671725551937,"arahy.Tifrunner.gnm2.ann2.Ah10g370200"
273243,6,"arahy.Tifrunner.gnm2.ann2.Ah04g030500",4.8647404,1.6027632,1.14607170060695e-06,0.000424176976410006,6,1.6027632,0.000424176976410006,"arahy.Tifrunner.gnm2.ann2.Ah04g030500"
273244,6,"arahy.Tifrunner.gnm2.ann2.Ah20g236100",4.750875,0.81055444,2.02538198854331e-06,0.000731773727352742,6,0.81055444,0.000731773727352742,"arahy.Tifrunner.gnm2.ann2.Ah20g236100"
273245,6,"STRG.2083",4.640909,4.725913,3.46879757166076e-06,0.0012434137059235,6,4.725913,0.0012434137059235,"STRG.2083"
273246,6,"arahy.Tifrunner.gnm2.ann2.Ah01g377800",4.5927186,3.4164271,4.3750871475874e-06,0.00155602708833413,6,3.4164271,0.00155602708833413,"arahy.Tifrunner.gnm2.ann2.Ah01g377800"
273247,6,"arahy.Tifrunner.gnm2.ann2.Ah02g289300",4.581849,4.6281676,4.60882802112762e-06,0.00161394066795242,6,4.6281676,0.00161394066795242,"arahy.Tifrunner.gnm2.ann2.Ah02g289300"
273248,6,"STRG.2847",4.566933,1.3699238,4.94912030880647e-06,0.00171987597662676,6,1.3699238,0.00171987597662676,"STRG.2847"
273249,6,"STRG.3267",4.4421673,0.95026433,8.90573372665312e-06,0.00302555688188177,6,0.95026433,0.00302555688188177,"STRG.3267"
273250,6,"arahy.Tifrunner.gnm2.ann2.Ah05g172300",4.3768635,1.1861887,1.20399222220572e-05,0.00406004014249579,6,1.1861887,0.00406004014249579,"arahy.Tifrunner.gnm2.ann2.Ah05g172300"
273251,6,"arahy.Tifrunner.gnm2.ann2.Ah03g075000",4.37028,1.4645559,1.24087345154253e-05,0.00415364139764869,6,1.4645559,0.00415364139764869,"arahy.Tifrunner.gnm2.ann2.Ah03g075000"
273252,6,"STRG.5377",4.319993,2.4545462,1.56034177703537e-05,0.00518489044217212,6,2.4545462,0.00518489044217212,"STRG.5377"
273253,6,"arahy.Tifrunner.gnm2.ann2.Ah13g119500",4.273249,5.7214503,1.92644887555871e-05,0.00635504772543007,6,5.7214503,0.00635504772543007,"arahy.Tifrunner.gnm2.ann2.Ah13g119500"
273254,6,"arahy.Tifrunner.gnm2.ann2.Ah10g217500",4.2351937,1.0120902,2.283548586398e-05,0.0074788680465599,6,1.0120902,0.0074788680465599,"arahy.Tifrunner.gnm2.ann2.Ah10g217500"
273255,6,"arahy.Tifrunner.gnm2.ann2.Ah08g299700",4.1921325,6.0277925,2.76344530320883e-05,0.0089222045378212,6,6.0277925,0.0089222045378212,"arahy.Tifrunner.gnm2.ann2.Ah08g299700"
273256,6,"arahy.Tifrunner.gnm2.ann2.Ah18g363000",4.189193,1.44458,2.79948690826816e-05,0.00897491845154928,6,1.44458,0.00897491845154928,"arahy.Tifrunner.gnm2.ann2.Ah18g363000"
273257,6,"arahy.Tifrunner.gnm2.ann2.Ah10g347900",4.177905,2.1050224,2.9420631106795e-05,0.00933776356685456,6,2.1050224,0.00933776356685456,"arahy.Tifrunner.gnm2.ann2.Ah10g347900"
273258,6,"arahy.Tifrunner.gnm2.ann2.Ah09g010900",4.1770077,5.479931,2.95369025926337e-05,0.00933776356685456,6,5.479931,0.00933776356685456,"arahy.Tifrunner.gnm2.ann2.Ah09g010900"
273259,6,"arahy.Tifrunner.gnm2.ann2.Ah18g050500",4.1681957,5.8136644,3.07020051355015e-05,0.00963915918474876,6,5.8136644,0.00963915918474876,"arahy.Tifrunner.gnm2.ann2.Ah18g050500"
273260,6,"arahy.Tifrunner.gnm2.ann2.Ah13g051800",4.1321054,2.7894104,3.59455688357746e-05,0.0109824568837571,6,2.7894104,0.0109824568837571,"arahy.Tifrunner.gnm2.ann2.Ah13g051800"
273261,6,"arahy.Tifrunner.gnm2.ann2.Ah16g521300",4.119611,1.2930311,3.79512722482454e-05,0.0115048453373826,6,1.2930311,0.0115048453373826,"arahy.Tifrunner.gnm2.ann2.Ah16g521300"
273262,6,"arahy.Tifrunner.gnm2.ann2.Ah06g001000",4.1030936,1.0861436,4.07662292729571e-05,0.012129685107334,6,1.0861436,0.012129685107334,"arahy.Tifrunner.gnm2.ann2.Ah06g001000"
273263,6,"STRG.1620",4.0689373,4.450762,4.72280956790111e-05,0.0139611157642292,6,4.450762,0.0139611157642292,"STRG.1620"
273264,6,"arahy.Tifrunner.gnm2.ann2.Ah10g388600",4.0616493,4.5668926,4.87272303448005e-05,0.0143113447368819,6,4.5668926,0.0143113447368819,"arahy.Tifrunner.gnm2.ann2.Ah10g388600"
273265,6,"STRG.2990",4.011772,3.4964402,6.0264590350202e-05,0.0175864436609141,6,3.4964402,0.0175864436609141,"STRG.2990"
273266,6,"arahy.Tifrunner.gnm2.ann2.Ah03g488700",3.9697711,5.6980596,7.19416977210022e-05,0.0207283154876639,6,5.6980596,0.0207283154876639,"arahy.Tifrunner.gnm2.ann2.Ah03g488700"
273267,6,"arahy.Tifrunner.gnm2.ann2.Ah14g044900",3.9455793,1.4543128,7.96073019014037e-05,0.0227927220865377,6,1.4543128,0.0227927220865377,"arahy.Tifrunner.gnm2.ann2.Ah14g044900"
273268,6,"arahy.Tifrunner.gnm2.ann2.Ah13g469500",3.9336884,1.0948166,8.36522514904745e-05,0.0238011568553273,6,1.0948166,0.0238011568553273,"arahy.Tifrunner.gnm2.ann2.Ah13g469500"
273269,6,"arahy.Tifrunner.gnm2.ann2.Ah10g053300",3.9287834,1.4815996,8.53767024905468e-05,0.0241409254917991,6,1.4815996,0.0241409254917991,"arahy.Tifrunner.gnm2.ann2.Ah10g053300"
273270,6,"arahy.Tifrunner.gnm2.ann2.Ah16g500400",3.9202654,1.0263681,8.84514551506146e-05,0.0248559508905962,6,1.0263681,0.0248559508905962,"arahy.Tifrunner.gnm2.ann2.Ah16g500400"
273271,6,"arahy.Tifrunner.gnm2.ann2.Ah13g560700",3.8908515,6.4099317,9.98930509870543e-05,0.0278989647431574,6,6.4099317,0.0278989647431574,"arahy.Tifrunner.gnm2.ann2.Ah13g560700"
273272,6,"STRG.4259",3.8802836,0.4794044,0.00010433477722292,0.0289618073066842,6,0.4794044,0.0289618073066842,"STRG.4259"
273273,6,"arahy.Tifrunner.gnm2.ann2.Ah01g036700",3.875951,1.1039603,0.000106209018191755,0.0292511402745266,6,1.1039603,0.0292511402745266,"arahy.Tifrunner.gnm2.ann2.Ah01g036700"
273274,6,"STRG.6382",3.8749144,1.33697,0.000106662184464709,0.0292511402745266,6,1.33697,0.0292511402745266,"STRG.6382"
273275,6,"arahy.Tifrunner.gnm2.ann2.Ah03g531800",3.8701255,5.9921994,0.000108779324371204,0.0296531135489503,6,5.9921994,0.0296531135489503,"arahy.Tifrunner.gnm2.ann2.Ah03g531800"
273276,6,"arahy.Tifrunner.gnm2.ann2.Ah03g088100",3.8495078,5.638055,0.000118355381032008,0.0318817181426103,6,5.638055,0.0318817181426103,"arahy.Tifrunner.gnm2.ann2.Ah03g088100"
273277,6,"arahy.Tifrunner.gnm2.ann2.Ah0g018000",3.821293,0.8575428,0.000132753816398457,0.0349334377903083,6,0.8575428,0.0349334377903083,"arahy.Tifrunner.gnm2.ann2.Ah0g018000"
273278,6,"STRG.6690",3.8096418,2.2004933,0.000139168220307663,0.0364108854096899,6,2.2004933,0.0364108854096899,"STRG.6690"
273279,6,"arahy.Tifrunner.gnm2.ann2.Ah15g342400",3.791438,6.245123,0.000149777541414918,0.0387413227009813,6,6.245123,0.0387413227009813,"arahy.Tifrunner.gnm2.ann2.Ah15g342400"
273280,6,"arahy.Tifrunner.gnm2.ann2.Ah18g068000",3.7837944,3.9042718,0.000154455444188699,0.039725591193482,6,3.9042718,0.039725591193482,"arahy.Tifrunner.gnm2.ann2.Ah18g068000"
273281,6,"STRG.2534",3.759409,0.8514012,0.000170315174855623,0.0433152403359072,6,0.8514012,0.0433152403359072,"STRG.2534"
273282,6,"arahy.Tifrunner.gnm2.ann2.Ah03g070000",3.732463,5.4043126,0.000189616583777307,0.0476911898335809,6,5.4043126,0.0476911898335809,"arahy.Tifrunner.gnm2.ann2.Ah03g070000"
273283,6,"arahy.Tifrunner.gnm2.ann2.Ah11g065500",3.7260573,1.0596668,0.000194498304594839,0.0486502242767883,6,1.0596668,0.0486502242767883,"arahy.Tifrunner.gnm2.ann2.Ah11g065500"
318625,6,"STRG.4756",-3.7208195,-1.4015356,0.000198577265085885,0.0493990787746986,6,-1.4015356,0.0493990787746986,"STRG.4756"
318626,6,"arahy.Tifrunner.gnm2.ann2.Ah16g466800",-3.7553086,-2.0987728,0.000173127934735785,0.0437859783383993,6,-2.0987728,0.0437859783383993,"arahy.Tifrunner.gnm2.ann2.Ah16g466800"
318627,6,"arahy.Tifrunner.gnm2.ann2.Ah14g403700",-3.7613587,-1.8814826,0.000168992917072091,0.0432204132403924,6,-1.8814826,0.0432204132403924,"arahy.Tifrunner.gnm2.ann2.Ah14g403700"
318628,6,"arahy.Tifrunner.gnm2.ann2.Ah06g157000",-3.8032515,-1.1970828,0.000142809198042526,0.0371499767525026,6,-1.1970828,0.0371499767525026,"arahy.Tifrunner.gnm2.ann2.Ah06g157000"
318629,6,"STRG.7287",-3.8241556,-0.83314216,0.000131221086764642,0.034730864848102,6,-0.83314216,0.034730864848102,"STRG.7287"
318630,6,"arahy.Tifrunner.gnm2.ann2.Ah17g441500",-3.8264687,-1.5033032,0.000129994674302689,0.0346074710699159,6,-1.5033032,0.0346074710699159,"arahy.Tifrunner.gnm2.ann2.Ah17g441500"
318631,6,"arahy.Tifrunner.gnm2.ann2.Ah19g291900",-3.8321009,-1.3617805,0.000127053640651257,0.034023470217693,6,-1.3617805,0.034023470217693,"arahy.Tifrunner.gnm2.ann2.Ah19g291900"
318632,6,"arahy.Tifrunner.gnm2.ann2.Ah13g051500",-3.8630311,-1.1336448,0.000111988697002476,0.0303462704901232,6,-1.1336448,0.0303462704901232,"arahy.Tifrunner.gnm2.ann2.Ah13g051500"
318633,6,"arahy.Tifrunner.gnm2.ann2.Ah03g031400",-3.9846716,-1.5972418,6.75735209418919e-05,0.0195937386455967,6,-1.5972418,0.0195937386455967,"arahy.Tifrunner.gnm2.ann2.Ah03g031400"
318634,6,"arahy.Tifrunner.gnm2.ann2.Ah18g476200",-4.1044474,-1.2064607,4.05282391470706e-05,0.012129685107334,6,-1.2064607,0.012129685107334,"arahy.Tifrunner.gnm2.ann2.Ah18g476200"
318635,6,"arahy.Tifrunner.gnm2.ann2.Ah10g092000",-4.118342,-2.4949255,3.81607865289687e-05,0.0115048453373826,6,-2.4949255,0.0115048453373826,"arahy.Tifrunner.gnm2.ann2.Ah10g092000"
318636,6,"STRG.2766",-4.1331344,-1.2202394,3.57849578897767e-05,0.0109824568837571,6,-1.2202394,0.0109824568837571,"STRG.2766"
318637,6,"STRG.330",-4.153071,-1.5285774,3.28042764261455e-05,0.0101590604083255,6,-1.5285774,0.0101590604083255,"STRG.330"
318638,6,"arahy.Tifrunner.gnm2.ann2.Ah04g104700",-4.156266,-1.725863,3.2349081023266e-05,0.0100867093459121,6,-1.725863,0.0100867093459121,"arahy.Tifrunner.gnm2.ann2.Ah04g104700"
318639,6,"STRG.3538",-4.193231,-2.0196698,2.7500907051458e-05,0.0089222045378212,6,-2.0196698,0.0089222045378212,"STRG.3538"
318640,6,"arahy.Tifrunner.gnm2.ann2.Ah14g403600",-4.464827,-1.8963271,8.01333875745066e-06,0.0027428513804074,6,-1.8963271,0.0027428513804074,"arahy.Tifrunner.gnm2.ann2.Ah14g403600"
318641,6,"arahy.Tifrunner.gnm2.ann2.Ah04g350700",-4.543035,-1.4959128,5.54500119181751e-06,0.00191235328982046,6,-1.4959128,0.00191235328982046,"arahy.Tifrunner.gnm2.ann2.Ah04g350700"
318642,6,"arahy.Tifrunner.gnm2.ann2.Ah03g273500",-4.5878215,-1.4525778,4.47895391622985e-06,0.00158061936498021,6,-1.4525778,0.00158061936498021,"arahy.Tifrunner.gnm2.ann2.Ah03g273500"
318643,6,"arahy.Tifrunner.gnm2.ann2.Ah10g030800",-4.816465,-2.1237998,1.46123911647838e-06,0.000532171596308496,6,-2.1237998,0.000532171596308496,"arahy.Tifrunner.gnm2.ann2.Ah10g030800"
318644,6,"STRG.687",-4.828162,-1.4950076,1.37798734183872e-06,0.000505899159273111,6,-1.4950076,0.000505899159273111,"STRG.687"
318645,6,"arahy.Tifrunner.gnm2.ann2.Ah06g385700",-4.8678117,-2.2207465,1.1284076380652e-06,0.00042106253537115,6,-2.2207465,0.00042106253537115,"arahy.Tifrunner.gnm2.ann2.Ah06g385700"
318646,6,"arahy.Tifrunner.gnm2.ann2.Ah16g477300",-4.875347,-2.1254895,1.08617343026786e-06,0.000408652555698464,6,-2.1254895,0.000408652555698464,"arahy.Tifrunner.gnm2.ann2.Ah16g477300"
318647,6,"arahy.Tifrunner.gnm2.ann2.Ah11g485700",-5.1852465,-1.8683395,2.15729447737394e-07,8.53988467721488e-05,6,-1.8683395,8.53988467721488e-05,"arahy.Tifrunner.gnm2.ann2.Ah11g485700"
318648,6,"arahy.Tifrunner.gnm2.ann2.Ah20g052000",-5.3292913,-1.9628955,9.85966057407703e-08,4.1560295182804e-05,6,-1.9628955,4.1560295182804e-05,"arahy.Tifrunner.gnm2.ann2.Ah20g052000"
318649,6,"arahy.Tifrunner.gnm2.ann2.Ah01g106500",-5.375517,-1.2450871,7.63632845188325e-08,3.24893660227601e-05,6,-1.2450871,3.24893660227601e-05,"arahy.Tifrunner.gnm2.ann2.Ah01g106500"
318650,6,"arahy.Tifrunner.gnm2.ann2.Ah19g485300",-5.385265,-1.3165694,7.23380514404888e-08,3.10671457903473e-05,6,-1.3165694,3.10671457903473e-05,"arahy.Tifrunner.gnm2.ann2.Ah19g485300"
318651,6,"STRG.1614",-5.3867426,-1.703927,7.17461017793389e-08,3.10671457903473e-05,6,-1.703927,3.10671457903473e-05,"STRG.1614"
318652,6,"arahy.Tifrunner.gnm2.ann2.Ah13g051300",-5.585508,-2.4293878,2.33018531247832e-08,1.05029065510161e-05,6,-2.4293878,1.05029065510161e-05,"arahy.Tifrunner.gnm2.ann2.Ah13g051300"
318653,6,"arahy.Tifrunner.gnm2.ann2.Ah14g119300",-5.9035845,-2.3510842,3.55687366217005e-09,1.76003387605032e-06,6,-2.3510842,1.76003387605032e-06,"arahy.Tifrunner.gnm2.ann2.Ah14g119300"
318654,6,"arahy.Tifrunner.gnm2.ann2.Ah17g130900",-6.0853524,-1.5298598,1.16235213317232e-09,6.37529138681164e-07,6,-1.5298598,6.37529138681164e-07,"arahy.Tifrunner.gnm2.ann2.Ah17g130900"
318655,6,"arahy.Tifrunner.gnm2.ann2.Ah06g310100",-6.66609,-1.689606,2.62708209939483e-11,1.66104563184514e-08,6,-1.689606,1.66104563184514e-08,"arahy.Tifrunner.gnm2.ann2.Ah06g310100"
318656,6,"STRG.3558",-6.729436,-1.0684631,1.70321830994884e-11,1.09207479355086e-08,6,-1.0684631,1.09207479355086e-08,"STRG.3558"
318657,6,"arahy.Tifrunner.gnm2.ann2.Ah06g147500",-7.3075123,-1.2891532,2.72133682660446e-13,1.90594057991294e-10,6,-1.2891532,1.90594057991294e-10,"arahy.Tifrunner.gnm2.ann2.Ah06g147500"
318658,6,"arahy.Tifrunner.gnm2.ann2.Ah18g045800",-7.3097095,-1.7951118,2.67720888993239e-13,1.90433214852003e-10,6,-1.7951118,1.90433214852003e-10,"arahy.Tifrunner.gnm2.ann2.Ah18g045800"
318659,6,"arahy.Tifrunner.gnm2.ann2.Ah17g200800",-7.4575763,-2.337752,8.81285374083504e-14,6.36819609044086e-11,6,-2.337752,6.36819609044086e-11,"arahy.Tifrunner.gnm2.ann2.Ah17g200800"
318660,6,"arahy.Tifrunner.gnm2.ann2.Ah07g120100",-7.812819,-1.5654572,5.5922846536677e-15,4.38936494092359e-12,6,-1.5654572,4.38936494092359e-12,"arahy.Tifrunner.gnm2.ann2.Ah07g120100"
318661,6,"arahy.Tifrunner.gnm2.ann2.Ah08g165700",-8.427249,-1.8691324,3.53887083644829e-17,2.92915556288131e-14,6,-1.8691324,2.92915556288131e-14,"arahy.Tifrunner.gnm2.ann2.Ah08g165700"
318662,6,"arahy.Tifrunner.gnm2.ann2.Ah06g130300",-8.7785,-1.5127499,1.65670013391251e-18,1.47881601757319e-15,6,-1.5127499,1.47881601757319e-15,"arahy.Tifrunner.gnm2.ann2.Ah06g130300"
318663,6,"STRG.4445",-8.830373,-1.3964294,1.04327717189014e-18,9.49882999462539e-16,6,-1.3964294,9.49882999462539e-16,"STRG.4445"
318664,6,"STRG.192",-8.933507,-1.5409422,4.12712386060985e-19,3.83435074755924e-16,6,-1.5409422,3.83435074755924e-16,"STRG.192"
318665,6,"arahy.Tifrunner.gnm2.ann2.Ah02g092500",-9.061282,-1.5502928,1.28925510706855e-19,1.24876701051465e-16,6,-1.5502928,1.24876701051465e-16,"arahy.Tifrunner.gnm2.ann2.Ah02g092500"
318666,6,"STRG.2911",-9.310806,-1.5595485,1.26865142518767e-20,1.34311831349404e-17,6,-1.5595485,1.34311831349404e-17,"STRG.2911"
318667,6,"STRG.4806",-9.333784,-1.4270965,1.02157173291141e-20,1.10728646592998e-17,6,-1.4270965,1.10728646592998e-17,"STRG.4806"
318668,7,"arahy.Tifrunner.gnm2.ann2.Ah02g315000",9.832582,6.942059,8.15015307763916e-23,2.74616441455403e-18,7,6.942059,2.74616441455403e-18,"arahy.Tifrunner.gnm2.ann2.Ah02g315000"
318669,7,"arahy.Tifrunner.gnm2.ann2.Ah12g362900",9.793013,5.1101527,1.20646885798877e-22,2.74616441455403e-18,7,5.1101527,2.74616441455403e-18,"arahy.Tifrunner.gnm2.ann2.Ah12g362900"
318670,7,"arahy.Tifrunner.gnm2.ann2.Ah01g079700",8.839207,5.432316,9.64004830538302e-19,1.46284519684752e-14,7,5.432316,1.46284519684752e-14,"arahy.Tifrunner.gnm2.ann2.Ah01g079700"
318671,7,"arahy.Tifrunner.gnm2.ann2.Ah11g019700",7.9788322,6.128598,1.47724058904305e-15,1.6812475143899e-11,7,6.128598,1.6812475143899e-11,"arahy.Tifrunner.gnm2.ann2.Ah11g019700"
318672,7,"STRG.3",7.7516356,6.427012,9.07165329942204e-15,8.25955889605778e-11,7,6.427012,8.25955889605778e-11,"STRG.3"
318673,7,"arahy.Tifrunner.gnm2.ann2.Ah17g085800",6.982136,5.0208116,2.90725601532077e-12,2.20583204735771e-08,7,5.0208116,2.20583204735771e-08,"arahy.Tifrunner.gnm2.ann2.Ah17g085800"
318674,7,"STRG.1213",6.777681,6.7771454,1.22120036601669e-11,7.94198935179198e-08,7,6.7771454,7.94198935179198e-08,"STRG.1213"
318675,7,"arahy.Tifrunner.gnm2.ann2.Ah07g077900",6.746674,6.2276654,1.51272370910713e-11,8.60815426667411e-08,7,6.2276654,8.60815426667411e-08,"arahy.Tifrunner.gnm2.ann2.Ah07g077900"
318676,7,"STRG.3294",6.650109,4.2348065,2.928759912359e-11,1.48143184722479e-07,7,4.2348065,1.48143184722479e-07,"STRG.3294"
318677,7,"arahy.Tifrunner.gnm2.ann2.Ah10g027200",6.2180653,5.837193,5.03321592363813e-10,2.23952746498196e-06,7,5.837193,2.23952746498196e-06,"arahy.Tifrunner.gnm2.ann2.Ah10g027200"
318678,7,"arahy.Tifrunner.gnm2.ann2.Ah09g059900",6.206685,4.4536543,5.41138786459924e-10,2.23952746498196e-06,7,4.4536543,2.23952746498196e-06,"arahy.Tifrunner.gnm2.ann2.Ah09g059900"
318679,7,"arahy.Tifrunner.gnm2.ann2.Ah06g213200",6.0865755,3.9333258,1.15351229362846e-09,4.37604113792849e-06,7,3.9333258,4.37604113792849e-06,"arahy.Tifrunner.gnm2.ann2.Ah06g213200"
318680,7,"arahy.Tifrunner.gnm2.ann2.Ah09g449700",6.03458,3.38326,1.59376325989658e-09,5.58111374181014e-06,7,3.38326,5.58111374181014e-06,"arahy.Tifrunner.gnm2.ann2.Ah09g449700"
318681,7,"arahy.Tifrunner.gnm2.ann2.Ah18g021200",5.8218794,7.549544,5.81895388969743e-09,1.89215754910418e-05,7,7.549544,1.89215754910418e-05,"arahy.Tifrunner.gnm2.ann2.Ah18g021200"
318682,7,"STRG.5655",5.6590466,2.878009,1.52216016911549e-08,4.61965463592091e-05,7,2.878009,4.61965463592091e-05,"STRG.5655"
318683,7,"arahy.Tifrunner.gnm2.ann2.Ah13g631300",5.107099,4.894834,3.27142443149976e-07,0.000930802036372468,7,4.894834,0.000930802036372468,"arahy.Tifrunner.gnm2.ann2.Ah13g631300"
318684,7,"arahy.Tifrunner.gnm2.ann2.Ah19g175400",4.936636,4.1371593,7.94816324993935e-07,0.00212842461053082,7,4.1371593,0.00212842461053082,"arahy.Tifrunner.gnm2.ann2.Ah19g175400"
318685,7,"arahy.Tifrunner.gnm2.ann2.Ah11g041200",4.7612104,3.6884458,1.92435311954021e-06,0.00486690285633047,7,3.6884458,0.00486690285633047,"arahy.Tifrunner.gnm2.ann2.Ah11g041200"
318686,7,"STRG.4713",4.4923353,5.8658175,7.04464338395764e-06,0.0163756583740866,7,5.8658175,0.0163756583740866,"STRG.4713"
318687,7,"arahy.Tifrunner.gnm2.ann2.Ah13g151900",4.4684362,3.5482914,7.87934289311219e-06,0.0168226635366118,7,3.5482914,0.0168226635366118,"arahy.Tifrunner.gnm2.ann2.Ah13g151900"
318688,7,"arahy.Tifrunner.gnm2.ann2.Ah05g156000",4.455825,5.4541135,8.35712934090279e-06,0.0168226635366118,7,5.4541135,0.0168226635366118,"arahy.Tifrunner.gnm2.ann2.Ah05g156000"
318689,7,"STRG.1526",4.2153444,3.9972694,2.49397215404324e-05,0.0446563598381006,7,3.9972694,0.0446563598381006,"STRG.1526"
318690,7,"arahy.Tifrunner.gnm2.ann2.Ah17g086200",4.2102885,5.635399,2.55044670018148e-05,0.0446563598381006,7,5.635399,0.0446563598381006,"arahy.Tifrunner.gnm2.ann2.Ah17g086200"
364189,7,"STRG.4445",-4.228236,-1.5851884,2.35530661120112e-05,0.0446563598381006,7,-1.5851884,0.0446563598381006,"STRG.4445"
364190,7,"arahy.Tifrunner.gnm2.ann2.Ah06g130300",-4.452205,-1.8137158,8.49928084838923e-06,0.0168226635366118,7,-1.8137158,0.0168226635366118,"arahy.Tifrunner.gnm2.ann2.Ah06g130300"
364191,7,"STRG.3558",-4.487858,-2.0615075,7.1942967990891e-06,0.0163756583740866,7,-2.0615075,0.0163756583740866,"STRG.3558"
